source_index,split
30768,train
4648,train
6350,train
45864,train
34441,train
27765,train
17746,train
7974,train
36522,train
10435,train
19599,train
3364,train
21022,train
2731,train
40997,train
25857,train
40803,train
6341,train
30856,train
17408,train
32534,train
19820,train
40826,train
46844,train
8900,train
15475,train
32541,train
19781,train
4392,train
13197,train
2761,train
18935,train
3306,train
6689,train
27053,train
23039,train
3111,train
7769,train
39029,train
28833,train
3032,train
36941,train
22588,train
14265,train
8194,train
15372,train
4318,train
27284,train
47526,train
32579,train
5031,train
22304,train
38957,train
22829,train
21567,train
6807,train
28151,train
39839,train
5295,train
21840,train
13406,train
23378,train
21129,train
17539,train
40372,train
36213,train
49754,train
48952,train
30052,train
44103,train
2294,train
16519,train
20943,train
15486,train
32270,train
35404,train
16853,train
24490,train
34098,train
45529,train
44905,train
10927,train
41032,train
31443,train
38872,train
25480,train
25423,train
47507,train
19756,train
9778,train
10016,train
30347,train
37881,train
23686,train
38080,train
38082,train
7906,train
3772,train
46355,train
39111,train
49053,train
9572,train
29799,train
9879,train
34367,train
23092,train
43826,train
12115,train
16307,train
10109,train
36375,train
1777,train
36832,train
21999,train
4839,train
32685,train
28791,train
8018,train
420,train
10512,train
30107,train
19032,train
45810,train
33871,train
27533,train
6171,train
27405,train
8909,train
610,train
30318,train
29429,train
46578,train
42757,train
24061,train
7340,train
1881,train
47431,train
20842,train
18557,train
25497,train
6735,train
21180,train
28166,train
24735,train
16058,train
37458,train
39370,train
16191,train
28168,train
30079,train
25807,train
36441,train
16149,train
30888,train
43152,train
4877,train
15468,train
23055,train
40522,train
37281,train
20603,train
12785,train
35655,train
44581,train
28526,train
7112,train
39421,train
3633,train
4841,train
8570,train
27021,train
7461,train
39499,train
10585,train
6756,train
32922,train
43226,train
9037,train
6475,train
8154,train
5116,train
17092,train
47,train
17569,train
3384,train
13754,train
10589,train
16504,train
10598,train
48570,train
49406,train
38502,train
294,train
21957,train
2055,train
13491,train
26060,train
2914,train
31565,train
40174,train
19954,train
2594,train
40118,train
15060,train
24994,train
20764,train
3552,train
33293,train
40662,train
42084,train
34364,train
8759,train
24795,train
31710,train
2796,train
48629,train
43153,train
49080,train
43708,train
29653,train
22969,train
39695,train
43221,train
17458,train
30828,train
2370,train
34696,train
12530,train
30863,train
27880,train
31679,train
34248,train
22749,train
963,train
28274,train
41177,train
4880,train
45153,train
18330,train
6665,train
39349,train
15170,train
10988,train
31980,train
48910,train
26649,train
21788,train
3332,train
48480,train
2126,train
4099,train
47918,train
19908,train
17886,train
10230,train
29982,train
42023,train
36622,train
15986,train
44350,train
18176,train
34454,train
13267,train
127,train
21286,train
17126,train
38253,train
12932,train
26213,train
45119,train
33445,train
33989,train
42491,train
7928,train
43622,train
802,train
18219,train
36843,train
38623,train
30183,train
10038,train
15157,train
4332,train
18895,train
8756,train
19000,train
15530,train
46589,train
26729,train
45332,train
42116,train
2945,train
22372,train
43621,train
2973,train
29717,train
34405,train
42420,train
23817,train
14340,train
40591,train
13330,train
6102,train
31665,train
12806,train
28118,train
40620,train
24977,train
17352,train
15160,train
33426,train
44871,train
44128,train
37236,train
43189,train
2202,train
37038,train
12164,train
47098,train
25855,train
5648,train
33716,train
21695,train
10062,train
49392,train
21156,train
16842,train
28006,train
38591,train
47286,train
47307,train
34593,train
15049,train
27349,train
11220,train
10137,train
36888,train
20067,train
5561,train
22045,train
47207,train
23985,train
3415,train
3769,train
33646,train
4531,train
28444,train
28335,train
4448,train
3895,train
27926,train
33197,train
44836,train
45987,train
18040,train
8313,train
43858,train
37925,train
28563,train
37714,train
14945,train
8726,train
26823,train
37558,train
34104,train
25711,train
14844,train
3443,train
47396,train
18270,train
44562,train
6699,train
46744,train
522,train
22929,train
29685,train
8880,train
16069,train
44710,train
25795,train
25819,train
6822,train
23894,train
41984,train
26377,train
40970,train
22982,train
3619,train
36608,train
25037,train
11787,train
23715,train
5289,train
38441,train
3699,train
41764,train
9512,train
7782,train
1053,train
18974,train
26996,train
3574,train
37728,train
32690,train
35392,train
45149,train
14645,train
19521,train
3373,train
2805,train
34757,train
12206,train
31704,train
31039,train
33761,train
18631,train
4930,train
1326,train
439,train
47716,train
49523,train
1129,train
1040,train
42142,train
26517,train
49033,train
25526,train
40139,train
39814,train
17643,train
19104,train
40243,train
32421,train
17743,train
24193,train
19065,train
26248,train
2641,train
36944,train
49487,train
3343,train
2353,train
10811,train
45455,train
27897,train
22333,train
36768,train
6019,train
13801,train
45536,train
14978,train
35961,train
12123,train
29642,train
47287,train
35776,train
10711,train
18945,train
17899,train
24772,train
49729,train
30307,train
47432,train
24396,train
35536,train
30256,train
2829,train
13374,train
21795,train
16528,train
21167,train
24681,train
34053,train
38921,train
16885,train
11878,train
15695,train
35161,train
27650,train
30593,train
42881,train
28093,train
24549,train
14746,train
46704,train
40889,train
5379,train
49094,train
7326,train
18115,train
40133,train
38584,train
1090,train
25825,train
34816,train
27413,train
39993,train
4676,train
40538,train
48441,train
21772,train
15968,train
21508,train
3943,train
32710,train
9233,train
29356,train
16655,train
11491,train
9437,train
9644,train
49797,train
45224,train
6095,train
16708,train
8705,train
10900,train
39294,train
31859,train
32954,train
7398,train
33456,train
40025,train
49401,train
38139,train
19708,train
31919,train
9975,train
46959,train
30653,train
1598,train
38891,train
33405,train
14418,train
43821,train
39065,train
31338,train
1646,train
39559,train
49012,train
44605,train
31490,train
33512,train
24484,train
37691,train
36507,train
13810,train
19769,train
42073,train
17389,train
17768,train
37404,train
49104,train
24473,train
32271,train
13618,train
1648,train
6975,train
12201,train
3780,train
43266,train
49143,train
31229,train
10094,train
44488,train
31891,train
32575,train
42476,train
44430,train
30561,train
31809,train
2996,train
5577,train
13731,train
23291,train
25244,train
2228,train
9024,train
7446,train
40037,train
6774,train
40298,train
30753,train
38850,train
40333,train
29795,train
24815,train
43541,train
34721,train
38564,train
27282,train
48867,train
22780,train
11709,train
34920,train
26437,train
14956,train
13013,train
33428,train
18508,train
26429,train
12709,train
31588,train
24827,train
29780,train
27746,train
17557,train
46060,train
14350,train
46082,train
1077,train
28170,train
2264,train
26846,train
3711,train
23018,train
10354,train
16664,train
20395,train
11971,train
11018,train
14102,train
39410,train
30336,train
30876,train
35815,train
42434,train
8808,train
47003,train
26253,train
48945,train
20455,train
44756,train
35949,train
14606,train
19325,train
49306,train
37591,train
24674,train
21876,train
3783,train
17195,train
1391,train
10459,train
1358,train
35367,train
12752,train
24891,train
12526,train
14834,train
8783,train
176,train
38638,train
375,train
31598,train
5744,train
31527,train
18233,train
26194,train
46095,train
22009,train
1912,train
36824,train
10093,train
13953,train
22859,train
39041,train
4207,train
32616,train
27714,train
40142,train
35207,train
34845,train
42759,train
34944,train
40115,train
4186,train
47669,train
32651,train
44291,train
37264,train
36821,train
15966,train
45544,train
37462,train
33488,train
31826,train
33641,train
27419,train
31948,train
43815,train
7756,train
19379,train
48909,train
20242,train
45091,train
2823,train
47451,train
19797,train
25167,train
5702,train
40084,train
38331,train
46621,train
18317,train
31162,train
39848,train
49876,train
7464,train
4077,train
29043,train
46539,train
14973,train
45860,train
11854,train
23456,train
573,train
22891,train
27191,train
39657,train
838,train
18958,train
16015,train
41191,train
29235,train
29600,train
46306,train
1299,train
38739,train
31741,train
18860,train
43067,train
26121,train
27607,train
11388,train
46767,train
16302,train
31167,train
803,train
33662,train
14763,train
43376,train
45717,train
28038,train
5236,train
35945,train
12325,train
15598,train
17282,train
30923,train
42113,train
16715,train
11981,train
48732,train
36493,train
20002,train
12869,train
46152,train
19195,train
18575,train
12377,train
35132,train
17402,train
24297,train
44813,train
47185,train
42677,train
32335,train
5808,train
8481,train
27795,train
12008,train
40331,train
20392,train
38299,train
19918,train
28575,train
34978,train
35838,train
28643,train
26386,train
2031,train
20055,train
10116,train
9712,train
45138,train
6957,train
21332,train
8894,train
18007,train
25623,train
47975,train
18796,train
31293,train
36731,train
49890,train
357,train
30251,train
39287,train
36161,train
45613,train
15734,train
37006,train
36542,train
17213,train
46142,train
22450,train
35657,train
46660,train
10498,train
35472,train
17594,train
42555,train
11988,train
11982,train
26056,train
19121,train
16876,train
21672,train
17695,train
47415,train
1477,train
1473,train
19060,train
48668,train
34389,train
29763,train
23028,train
39719,train
32886,train
16837,train
6048,train
32324,train
19554,train
29394,train
3913,train
22306,train
17949,train
29313,train
15006,train
45841,train
14577,train
40709,train
20985,train
48085,train
34425,train
21761,train
10872,train
28938,train
13134,train
45963,train
29321,train
33830,train
26049,train
15343,train
9044,train
13556,train
20231,train
40288,train
26140,train
4005,train
14619,train
3914,train
33104,train
44046,train
8190,train
31705,train
44161,train
31779,train
10132,train
9300,train
17901,train
24112,train
2938,train
45925,train
36139,train
16313,train
37130,train
6958,train
28823,train
13594,train
13977,train
32924,train
38673,train
4809,train
48031,train
14343,train
38989,train
7312,train
9027,train
21666,train
42576,train
28416,train
27507,train
33226,train
47724,train
27878,train
6351,train
9424,train
16898,train
29498,train
45817,train
32034,train
33549,train
5107,train
1347,train
21593,train
1627,train
34455,train
34438,train
2413,train
43728,train
3660,train
15253,train
1503,train
565,train
13841,train
48773,train
21374,train
32512,train
22449,train
17937,train
40028,train
24273,train
30908,train
26133,train
6021,train
1073,train
21347,train
31100,train
4498,train
15021,train
9032,train
16497,train
19268,train
30274,train
11301,train
7053,train
38202,train
27340,train
44425,train
16967,train
7329,train
19253,train
42006,train
856,train
15019,train
25201,train
40440,train
31539,train
2087,train
3663,train
8485,train
43937,train
10745,train
40040,train
4174,train
1700,train
37607,train
10126,train
19745,train
422,train
13018,train
21948,train
18875,train
43288,train
47962,train
46148,train
949,train
13156,train
3361,train
43601,train
13394,train
28237,train
16563,train
35479,train
23448,train
22974,train
27557,train
26748,train
37601,train
42068,train
11901,train
4879,train
17429,train
14109,train
11507,train
33397,train
13940,train
6054,train
14969,train
10913,train
1641,train
35211,train
24207,train
19609,train
19337,train
12511,train
32278,train
44724,train
20290,train
34307,train
46208,train
35083,train
21197,train
10743,train
21181,train
16572,train
721,train
49041,train
18820,train
24036,train
4467,train
25744,train
18144,train
18249,train
31829,train
1776,train
44096,train
20680,train
10972,train
42984,train
31314,train
26254,train
26428,train
45134,train
22166,train
44895,train
24095,train
31432,train
37011,train
1109,train
969,train
22644,train
38164,train
4662,train
24024,train
41409,train
6272,train
38442,train
4811,train
48572,train
31766,train
11172,train
19125,train
29401,train
42467,train
36198,train
24267,train
47944,train
49811,train
34838,train
19990,train
35462,train
33633,train
18537,train
43116,train
40490,train
64,train
14836,train
24790,train
7617,train
11438,train
24461,train
3612,train
17716,train
40294,train
22968,train
28540,train
5613,train
31110,train
17796,train
16032,train
6362,train
12961,train
41979,train
36131,train
37212,train
44802,train
36440,train
30167,train
28028,train
19102,train
29437,train
26068,train
8957,train
40534,train
39741,train
34379,train
28271,train
15587,train
38755,train
34738,train
23264,train
10600,train
24343,train
23136,train
46949,train
19348,train
29390,train
36900,train
35326,train
10438,train
43298,train
45151,train
7285,train
37286,train
26578,train
22727,train
41725,train
9403,train
44852,train
11317,train
25630,train
49602,train
23098,train
48228,train
42319,train
10215,train
15570,train
29391,train
46754,train
293,train
45013,train
9790,train
28077,train
2486,train
29826,train
20167,train
6897,train
23262,train
27571,train
8904,train
5899,train
47468,train
5572,train
4091,train
15194,train
10457,train
40092,train
14864,train
42481,train
42951,train
47860,train
43444,train
11731,train
20224,train
12385,train
26894,train
45822,train
48841,train
47841,train
11644,train
43879,train
20440,train
8551,train
11626,train
19126,train
41997,train
19160,train
48467,train
42244,train
29091,train
6871,train
11749,train
3160,train
32318,train
36999,train
17922,train
31775,train
2951,train
12620,train
1552,train
9804,train
42255,train
22771,train
2913,train
16996,train
39991,train
1853,train
21275,train
44803,train
43193,train
3492,train
42735,train
23450,train
32539,train
12313,train
36710,train
23076,train
15979,train
7820,train
40053,train
45990,train
1684,train
28141,train
9541,train
27805,train
39939,train
41185,train
14385,train
38079,train
27384,train
37255,train
23484,train
18740,train
45092,train
2576,train
11190,train
10884,train
10851,train
25122,train
45374,train
48392,train
47486,train
1335,train
36073,train
23675,train
6732,train
27820,train
29100,train
32240,train
15283,train
12543,train
23158,train
10784,train
23409,train
41518,train
38146,train
48822,train
13232,train
45278,train
41690,train
32918,train
6736,train
12646,train
5008,train
43706,train
8277,train
34494,train
44172,train
23863,train
41615,train
2297,train
18750,train
31943,train
36503,train
26683,train
41190,train
9362,train
35898,train
47105,train
34410,train
24102,train
45168,train
16501,train
42642,train
29064,train
18411,train
42247,train
3359,train
49663,train
43115,train
20874,train
31282,train
35583,train
36946,train
8444,train
33614,train
11765,train
45695,train
45269,train
4069,train
28289,train
32764,train
32091,train
4532,train
37101,train
40681,train
37390,train
1010,train
15125,train
8289,train
42435,train
49632,train
13277,train
13967,train
48814,train
9630,train
8858,train
17234,train
5016,train
47106,train
3708,train
9705,train
3223,train
44466,train
30821,train
1563,train
7958,train
30732,train
41469,train
4739,train
18358,train
42795,train
41499,train
28725,train
15121,train
47599,train
5322,train
3399,train
1440,train
35630,train
14681,train
35671,train
11481,train
29014,train
822,train
43086,train
44053,train
28480,train
27253,train
35530,train
17217,train
30332,train
35235,train
24933,train
40412,train
31569,train
27169,train
20644,train
37807,train
36186,train
35348,train
35602,train
27931,train
36950,train
18561,train
35897,train
29533,train
5232,train
37293,train
21744,train
45804,train
36453,train
31035,train
36208,train
6346,train
30604,train
48225,train
570,train
25673,train
27980,train
24672,train
46511,train
13571,train
23650,train
41933,train
1329,train
24770,train
26874,train
20894,train
21242,train
680,train
24362,train
44801,train
39159,train
7406,train
21404,train
2242,train
37243,train
12683,train
1809,train
20693,train
47369,train
48626,train
29833,train
16748,train
13360,train
41973,train
15765,train
31233,train
22015,train
44427,train
28384,train
32653,train
25062,train
20113,train
49244,train
6927,train
13041,train
19801,train
43251,train
5025,train
47925,train
38798,train
35196,train
38167,train
47610,train
26920,train
21105,train
23094,train
6065,train
41251,train
11034,train
18649,train
16319,train
25463,train
11738,train
39484,train
42986,train
30367,train
679,train
12380,train
28115,train
29945,train
7918,train
31485,train
7015,train
13700,train
49932,train
15266,train
5638,train
48485,train
23560,train
28043,train
31959,train
44428,train
42088,train
36870,train
12808,train
41794,train
21831,train
6074,train
48102,train
4774,train
4496,train
38249,train
6731,train
33791,train
14971,train
20321,train
42634,train
3656,train
26175,train
29659,train
21046,train
10475,train
9248,train
11179,train
46259,train
44108,train
37141,train
20335,train
38280,train
23332,train
17484,train
18143,train
4715,train
2612,train
4116,train
45581,train
37983,train
21252,train
3408,train
9770,train
11315,train
27845,train
26435,train
9208,train
2125,train
48017,train
28195,train
9545,train
32284,train
35794,train
36138,train
6044,train
30915,train
5433,train
6656,train
36555,train
2046,train
15024,train
48836,train
21185,train
47450,train
48610,train
347,train
4512,train
12459,train
49999,train
19421,train
40425,train
42527,train
9914,train
22253,train
12826,train
13328,train
19114,train
39577,train
14555,train
39520,train
6299,train
6922,train
9319,train
30173,train
317,train
15770,train
4709,train
12887,train
30965,train
22498,train
42251,train
5141,train
10937,train
47113,train
3716,train
21440,train
38846,train
36068,train
26861,train
22755,train
40242,train
34144,train
29634,train
11804,train
16803,train
43572,train
30304,train
43129,train
21144,train
14919,train
9552,train
13465,train
44075,train
33347,train
35965,train
12343,train
11546,train
17219,train
4770,train
40722,train
34541,train
10524,train
15235,train
4226,train
28961,train
9805,train
17872,train
9200,train
233,train
13910,train
19571,train
25213,train
15583,train
11741,train
44443,train
31105,train
27010,train
20218,train
27107,train
32822,train
21200,train
42311,train
43015,train
6437,train
46714,train
15465,train
31525,train
26872,train
49379,train
8236,train
49982,train
27436,train
48331,train
3635,train
25212,train
39623,train
4295,train
21239,train
9471,train
20995,train
48322,train
14380,train
45525,train
33242,train
47870,train
6711,train
7733,train
43609,train
15888,train
33285,train
7568,train
2388,train
32520,train
22743,train
5117,train
23643,train
15459,train
31794,train
32099,train
28373,train
14147,train
22742,train
11937,train
5900,train
35433,train
44112,train
4139,train
26202,train
17649,train
7925,train
33896,train
37158,train
12828,train
12639,train
8539,train
3336,train
6550,train
19879,train
48033,train
35793,train
42589,train
16262,train
21907,train
24870,train
6252,train
38991,train
11656,train
19542,train
9704,train
9318,train
2118,train
19212,train
35700,train
40036,train
2096,train
44339,train
8356,train
31444,train
17145,train
30397,train
16247,train
46843,train
5550,train
42422,train
13536,train
39779,train
38016,train
25260,train
41029,train
31446,train
48818,train
14501,train
39301,train
32908,train
40106,train
33084,train
49083,train
15696,train
13113,train
3091,train
20660,train
28594,train
3907,train
14214,train
26129,train
36781,train
22443,train
18584,train
41310,train
43615,train
38359,train
21047,train
8806,train
36562,train
11209,train
46404,train
8755,train
48839,train
29949,train
49327,train
27821,train
34858,train
3416,train
23632,train
4432,train
5395,train
3161,train
2524,train
18313,train
5891,train
39173,train
30956,train
49068,train
34059,train
7759,train
21697,train
8844,train
20687,train
21647,train
47659,train
45684,train
4402,train
34836,train
30870,train
12318,train
11663,train
20062,train
43574,train
4372,train
17104,train
3968,train
9346,train
29592,train
46666,train
26782,train
30747,train
20372,train
12615,train
26959,train
12555,train
29067,train
33150,train
17332,train
15361,train
28153,train
37197,train
4130,train
41585,train
24262,train
32374,train
15887,train
36770,train
26515,train
15982,train
15299,train
17952,train
44342,train
21687,train
27764,train
28369,train
25696,train
8245,train
29858,train
34680,train
10925,train
36474,train
27143,train
38641,train
42338,train
17391,train
37756,train
16459,train
28481,train
12865,train
1193,train
19821,train
34542,train
4520,train
33040,train
1101,train
49344,train
8697,train
46863,train
9413,train
48817,train
48375,train
12782,train
45045,train
4323,train
23523,train
8122,train
37939,train
24881,train
43948,train
1045,train
28967,train
12780,train
48868,train
31477,train
24887,train
42944,train
15274,train
3667,train
48823,train
35224,train
40583,train
33782,train
10906,train
29405,train
39465,train
14414,train
22416,train
11404,train
9372,train
20627,train
1014,train
43399,train
40529,train
6902,train
11120,train
32555,train
41915,train
46028,train
22312,train
6179,train
9873,train
6619,train
18101,train
27826,train
24239,train
18548,train
42101,train
25516,train
38186,train
9090,train
39277,train
41257,train
35327,train
12508,train
25274,train
33690,train
25563,train
48220,train
30531,train
48435,train
32623,train
34510,train
1043,train
3000,train
30784,train
35057,train
23679,train
33793,train
2694,train
7505,train
5699,train
12202,train
23595,train
45016,train
19404,train
30298,train
13624,train
27094,train
36972,train
14955,train
3658,train
25364,train
26753,train
14988,train
49390,train
39849,train
46968,train
20250,train
5716,train
15760,train
28692,train
10626,train
12307,train
30001,train
43772,train
43591,train
47199,train
39409,train
20443,train
34414,train
24804,train
26483,train
4057,train
14586,train
28568,train
44566,train
18857,train
23148,train
10088,train
13047,train
32932,train
24190,train
14802,train
34064,train
45401,train
49908,train
16475,train
31385,train
14820,train
35144,train
36411,train
48740,train
45660,train
17845,train
20235,train
43581,train
47058,train
2876,train
38874,train
42316,train
12995,train
46691,train
34281,train
2565,train
31612,train
28408,train
27217,train
29543,train
738,train
9117,train
32821,train
30623,train
39215,train
4963,train
37425,train
46908,train
45773,train
17091,train
12862,train
28781,train
38720,train
19651,train
28927,train
13455,train
9290,train
38406,train
32462,train
30852,train
49996,train
17285,train
22078,train
21097,train
41167,train
3083,train
36286,train
33320,train
20675,train
20726,train
17567,train
14999,train
9034,train
4434,train
38664,train
31668,train
14346,train
16298,train
41555,train
1742,train
6604,train
27849,train
35065,train
44431,train
8669,train
25489,train
29915,train
296,train
29608,train
5153,train
44336,train
41336,train
5106,train
27572,train
47434,train
24590,train
39548,train
1067,train
40351,train
48309,train
47115,train
17381,train
19677,train
29350,train
25005,train
44201,train
17385,train
12567,train
14623,train
16163,train
16810,train
31503,train
2169,train
10693,train
24862,train
43785,train
44653,train
44971,train
13684,train
6209,train
11261,train
10632,train
33630,train
31403,train
27748,train
37179,train
23476,train
13051,train
3868,train
36039,train
5085,train
25057,train
44259,train
35664,train
9594,train
5711,train
17951,train
28505,train
26182,train
24922,train
7786,train
46712,train
6141,train
8635,train
779,train
43862,train
21589,train
13694,train
43108,train
28663,train
2733,train
10936,train
2953,train
48496,train
16693,train
24528,train
28328,train
20931,train
6322,train
29568,train
20023,train
49500,train
40137,train
9273,train
32260,train
26283,train
42108,train
10899,train
43570,train
10275,train
28455,train
23022,train
14325,train
23278,train
15376,train
15401,train
15758,train
35351,train
17505,train
14618,train
7135,train
49376,train
19080,train
41053,train
3684,train
729,train
23396,train
4713,train
8825,train
21899,train
48862,train
18418,train
48028,train
28932,train
31026,train
1260,train
11044,train
35347,train
26777,train
19943,train
2770,train
14883,train
36945,train
26811,train
17070,train
22864,train
36155,train
49296,train
35983,train
3426,train
2867,train
27882,train
12605,train
22609,train
18264,train
27719,train
9537,train
26559,train
39209,train
35902,train
15014,train
44463,train
26380,train
8094,train
37541,train
28931,train
40647,train
300,train
39651,train
33437,train
5401,train
39516,train
7107,train
25054,train
15317,train
26700,train
467,train
39925,train
34808,train
45903,train
3749,train
46729,train
7704,train
27065,train
30124,train
23733,train
37897,train
23895,train
43443,train
22291,train
21384,train
15308,train
10412,train
10309,train
25661,train
46835,train
27560,train
43960,train
8668,train
47500,train
38386,train
32946,train
36305,train
5003,train
21507,train
10660,train
25960,train
15210,train
48400,train
30840,train
17356,train
21015,train
7990,train
30120,train
48938,train
5333,train
39505,train
41183,train
16800,train
12848,train
41950,train
13832,train
46072,train
37587,train
34193,train
45938,train
12269,train
22589,train
20198,train
48239,train
22506,train
3294,train
19450,train
32788,train
47365,train
4573,train
41276,train
11203,train
33205,train
27426,train
30559,train
26219,train
9645,train
49939,train
14630,train
48692,train
33906,train
20202,train
3285,train
34847,train
13992,train
15154,train
19419,train
38339,train
14579,train
7102,train
40853,train
34338,train
31568,train
11184,train
23297,train
45710,train
33086,train
2563,train
33923,train
46938,train
39168,train
27964,train
19492,train
26172,train
399,train
4972,train
6798,train
33163,train
17665,train
43398,train
36889,train
38309,train
48665,train
1209,train
36818,train
6721,train
25053,train
11763,train
36062,train
23296,train
39309,train
8704,train
29094,train
4045,train
44081,train
12471,train
24723,train
18052,train
28049,train
2630,train
47648,train
2935,train
41500,train
7300,train
7923,train
34641,train
30243,train
455,train
46770,train
8411,train
27141,train
40415,train
1721,train
23522,train
37162,train
26411,train
30872,train
48753,train
13965,train
22616,train
43439,train
5024,train
45738,train
26965,train
17482,train
23787,train
27672,train
28336,train
47110,train
48636,train
40465,train
18835,train
45505,train
11307,train
32041,train
6626,train
18521,train
16014,train
33489,train
19602,train
11772,train
17342,train
37313,train
43229,train
7043,train
30610,train
46020,train
18588,train
17631,train
26434,train
49360,train
10633,train
36592,train
7243,train
42637,train
47155,train
45989,train
7025,train
23902,train
1521,train
10867,train
15828,train
3490,train
7959,train
29531,train
46783,train
35653,train
44269,train
19501,train
46425,train
47802,train
4147,train
22494,train
49193,train
49857,train
4576,train
21142,train
14851,train
38089,train
22918,train
19887,train
38318,train
42384,train
10985,train
41699,train
33796,train
47289,train
36745,train
31932,train
20600,train
27860,train
27033,train
16908,train
9317,train
32743,train
38241,train
6098,train
6491,train
14733,train
40225,train
41385,train
42563,train
49404,train
4340,train
48149,train
864,train
3436,train
34073,train
34469,train
16980,train
47568,train
8761,train
19562,train
28759,train
12194,train
5442,train
14014,train
23422,train
5926,train
23105,train
42166,train
13320,train
35005,train
12483,train
4240,train
21698,train
48082,train
13696,train
48875,train
30857,train
44920,train
25377,train
9389,train
33274,train
4763,train
9584,train
25909,train
49349,train
48244,train
20322,train
40252,train
21069,train
49455,train
12871,train
23299,train
13888,train
34061,train
30592,train
36324,train
22764,train
43688,train
19568,train
9395,train
31411,train
34767,train
11615,train
27947,train
45350,train
47671,train
15254,train
21113,train
110,train
12271,train
48879,train
39012,train
22241,train
39642,train
38437,train
8361,train
26808,train
13908,train
21657,train
21717,train
22924,train
12978,train
47061,train
1908,train
48083,train
3522,train
9351,train
36024,train
6987,train
19543,train
11308,train
42235,train
8383,train
36723,train
11963,train
31976,train
6394,train
44299,train
33570,train
1831,train
44559,train
40931,train
11694,train
48490,train
21072,train
21058,train
49512,train
2736,train
46440,train
27336,train
40914,train
22016,train
20619,train
7687,train
17854,train
46873,train
22970,train
32792,train
35594,train
13066,train
30829,train
41955,train
48886,train
32736,train
28286,train
11655,train
3133,train
33453,train
31749,train
20615,train
25670,train
24497,train
42773,train
20913,train
30090,train
2842,train
46935,train
20493,train
2668,train
22227,train
22141,train
42161,train
12606,train
29564,train
47578,train
7123,train
10003,train
3598,train
48048,train
12821,train
16108,train
20503,train
30901,train
12649,train
43430,train
16881,train
18636,train
26670,train
24802,train
28531,train
44521,train
32309,train
24938,train
48366,train
48255,train
47893,train
27448,train
41405,train
22809,train
13074,train
33392,train
84,train
49097,train
19078,train
36527,train
43432,train
28807,train
40281,train
45447,train
29590,train
14832,train
12984,train
21753,train
9000,train
12532,train
20137,train
37039,train
17873,train
28835,train
12678,train
25746,train
46382,train
36679,train
19402,train
4969,train
35589,train
6634,train
43942,train
8348,train
16970,train
43964,train
24363,train
31288,train
2995,train
19849,train
1286,train
18568,train
26072,train
22785,train
21982,train
29258,train
16398,train
17246,train
41758,train
48792,train
45762,train
28673,train
49608,train
30813,train
37867,train
23720,train
36837,train
10008,train
19117,train
3235,train
29482,train
45490,train
17541,train
31900,train
7886,train
14790,train
26095,train
5144,train
20944,train
34825,train
37154,train
25403,train
29582,train
40872,train
35779,train
39310,train
8336,train
256,train
16083,train
11876,train
39139,train
21381,train
49418,train
38283,train
6090,train
23126,train
39964,train
4615,train
42392,train
7680,train
44473,train
44786,train
24562,train
20745,train
22939,train
43080,train
1637,train
36568,train
29267,train
8455,train
44892,train
37663,train
44360,train
34997,train
37338,train
19915,train
47013,train
45751,train
39193,train
3933,train
33891,train
19093,train
6433,train
47513,train
42412,train
49,train
18391,train
18255,train
35682,train
10454,train
4627,train
15886,train
13847,train
33106,train
4357,train
24780,train
43765,train
19334,train
40836,train
24877,train
42689,train
40370,train
18400,train
10510,train
25556,train
20200,train
13322,train
37375,train
2422,train
45879,train
192,train
326,train
46260,train
24532,train
40089,train
34752,train
1384,train
1522,train
30435,train
42701,train
14426,train
14926,train
32760,train
46675,train
39558,train
11213,train
35824,train
31099,train
20522,train
3338,train
49671,train
6348,train
41957,train
1318,train
44409,train
23993,train
37674,train
12770,train
4947,train
49969,train
32511,train
28310,train
18109,train
42553,train
40885,train
26356,train
22531,train
40260,train
17480,train
23702,train
44784,train
41616,train
48062,train
25597,train
30330,train
31960,train
37486,train
27073,train
35597,train
15872,train
22571,train
17132,train
15431,train
7528,train
34882,train
23096,train
17536,train
989,train
20527,train
37801,train
20059,train
16927,train
35958,train
22860,train
48493,train
11107,train
29481,train
8108,train
41400,train
21368,train
25583,train
28365,train
9924,train
10029,train
3465,train
32135,train
38832,train
7520,train
36538,train
36593,train
34501,train
33083,train
27429,train
29144,train
47073,train
49456,train
14734,train
9316,train
47960,train
7483,train
27158,train
11256,train
23241,train
932,train
49861,train
8953,train
46643,train
17390,train
38733,train
35980,train
1651,train
46278,train
2233,train
42133,train
5686,train
12025,train
5459,train
31544,train
31418,train
42501,train
28536,train
23330,train
25586,train
41799,train
34785,train
13073,train
27877,train
3596,train
17713,train
7434,train
28383,train
23857,train
15345,train
41045,train
25868,train
20976,train
10080,train
32370,train
10984,train
39196,train
31395,train
29113,train
12172,train
2802,train
919,train
47310,train
21565,train
45982,train
44955,train
11879,train
45057,train
48126,train
36543,train
7206,train
44613,train
33000,train
29637,train
42624,train
43653,train
37029,train
11702,train
16012,train
39361,train
43894,train
20498,train
24135,train
29097,train
21303,train
3146,train
34177,train
5512,train
8146,train
7501,train
4507,train
20608,train
6744,train
12769,train
37712,train
21882,train
45850,train
46276,train
37504,train
5853,train
16198,train
15061,train
22168,train
973,train
35386,train
28459,train
42385,train
29877,train
26866,train
12641,train
34888,train
19075,train
9654,train
23529,train
29675,train
15539,train
19605,train
43592,train
28724,train
37936,train
47212,train
29947,train
7506,train
16082,train
39327,train
2401,train
18355,train
43617,train
33878,train
13054,train
34886,train
27483,train
47404,train
18395,train
35234,train
16792,train
7400,train
40450,train
28677,train
16644,train
17359,train
8301,train
10993,train
39602,train
17460,train
29158,train
38779,train
18424,train
6333,train
13080,train
25729,train
3483,train
30822,train
36892,train
43705,train
29462,train
10446,train
16446,train
30247,train
35802,train
3129,train
29212,train
9070,train
1172,train
26576,train
25816,train
3284,train
14886,train
43034,train
13526,train
31832,train
25655,train
106,train
3609,train
9150,train
17708,train
30257,train
29757,train
20521,train
15090,train
49707,train
27040,train
17184,train
46895,train
37723,train
24249,train
30493,train
38189,train
44759,train
21405,train
24369,train
22574,train
39704,train
32338,train
42953,train
5150,train
9513,train
41674,train
11909,train
6820,train
955,train
27740,train
21442,train
22563,train
16396,train
2555,train
2120,train
43635,train
38865,train
22174,train
41995,train
41389,train
45573,train
5631,train
3062,train
26346,train
36452,train
12004,train
2314,train
42483,train
12348,train
3014,train
46247,train
12340,train
42479,train
25310,train
19635,train
31708,train
38861,train
26215,train
4194,train
26545,train
28543,train
22472,train
18933,train
35422,train
2922,train
20439,train
10783,train
33168,train
39605,train
10677,train
32715,train
27188,train
37888,train
40571,train
2743,train
30998,train
40264,train
5448,train
30205,train
236,train
10495,train
28156,train
34031,train
44268,train
47211,train
30860,train
1218,train
28390,train
9852,train
11938,train
27866,train
25957,train
10648,train
28259,train
34782,train
36988,train
47158,train
15569,train
33425,train
12877,train
43425,train
29480,train
49399,train
7482,train
40615,train
13436,train
26743,train
40361,train
3997,train
25650,train
26135,train
14269,train
9690,train
1784,train
18335,train
6870,train
41548,train
30431,train
27660,train
30415,train
11302,train
29281,train
9507,train
1547,train
20332,train
38174,train
37320,train
33974,train
26591,train
9625,train
24601,train
26003,train
7293,train
37757,train
9544,train
24641,train
32130,train
8744,train
13695,train
44000,train
36160,train
3822,train
47927,train
7599,train
6184,train
49263,train
42089,train
44649,train
9069,train
27409,train
15815,train
36069,train
21037,train
7106,train
28042,train
30439,train
34686,train
45632,train
49049,train
4421,train
46733,train
28395,train
5045,train
34556,train
5649,train
15564,train
23315,train
28506,train
41863,train
24179,train
5761,train
49579,train
38637,train
15085,train
25994,train
26928,train
5237,train
39085,train
30766,train
40943,train
41845,train
27617,train
3136,train
16253,train
31183,train
11474,train
38326,train
23252,train
8195,train
17475,train
23074,train
45516,train
45024,train
20093,train
39868,train
22844,train
43379,train
18755,train
10773,train
27493,train
26451,train
22748,train
13993,train
7184,train
828,train
11806,train
845,train
26054,train
9516,train
48296,train
45348,train
14234,train
7888,train
45456,train
41356,train
26506,train
33527,train
23418,train
16340,train
14689,train
48981,train
37605,train
308,train
48620,train
48531,train
36486,train
15519,train
14216,train
11767,train
47810,train
38694,train
9825,train
19484,train
47372,train
2324,train
25278,train
44073,train
38379,train
31254,train
29855,train
43527,train
862,train
48432,train
46239,train
40663,train
1489,train
1371,train
30468,train
23424,train
16592,train
34616,train
31572,train
28062,train
1406,train
47694,train
34768,train
14888,train
5556,train
8923,train
44142,train
48424,train
6504,train
44860,train
31941,train
16619,train
25245,train
6843,train
21314,train
15447,train
36183,train
9576,train
41421,train
24858,train
6933,train
45231,train
2365,train
20965,train
48335,train
18029,train
44831,train
8202,train
15004,train
32747,train
26291,train
17349,train
36695,train
23093,train
45232,train
47585,train
2903,train
4664,train
40586,train
13180,train
24443,train
15954,train
21174,train
43184,train
23250,train
24368,train
31262,train
37639,train
26474,train
25483,train
6239,train
26392,train
5958,train
17633,train
40198,train
1644,train
23014,train
41818,train
18008,train
15506,train
33553,train
7304,train
49440,train
34373,train
22598,train
34057,train
48804,train
41070,train
18517,train
20034,train
38402,train
22067,train
46134,train
35106,train
47979,train
31848,train
27412,train
12771,train
29063,train
23236,train
27291,train
49492,train
38866,train
37168,train
11784,train
984,train
41515,train
18031,train
21489,train
9641,train
34658,train
44281,train
23780,train
22861,train
1764,train
26332,train
19789,train
13678,train
12931,train
31310,train
22624,train
6120,train
515,train
42737,train
8439,train
20790,train
27346,train
36817,train
36311,train
36816,train
44701,train
8422,train
23261,train
49381,train
35156,train
26117,train
31888,train
42915,train
8982,train
38356,train
44363,train
29148,train
8815,train
1171,train
1636,train
25748,train
39901,train
23200,train
1631,train
39184,train
1383,train
27381,train
7616,train
26494,train
23588,train
851,train
30757,train
47059,train
5037,train
27186,train
25535,train
32295,train
2119,train
28991,train
16992,train
27068,train
16675,train
12219,train
360,train
3387,train
49204,train
11529,train
42180,train
43295,train
12689,train
25339,train
12310,train
4244,train
24792,train
38742,train
33333,train
19033,train
42532,train
34543,train
970,train
44356,train
13520,train
34339,train
9694,train
22026,train
49261,train
29663,train
39604,train
13064,train
44564,train
35409,train
24708,train
33007,train
38827,train
48079,train
35576,train
11166,train
22127,train
26609,train
13905,train
36262,train
28772,train
12132,train
12373,train
41292,train
27083,train
27843,train
10021,train
26168,train
41807,train
35555,train
4163,train
41661,train
41149,train
34180,train
35570,train
29243,train
12921,train
32978,train
40705,train
46652,train
35816,train
18481,train
45219,train
14856,train
31193,train
25374,train
36916,train
44410,train
24690,train
44135,train
27024,train
49892,train
43969,train
30674,train
3966,train
30428,train
5215,train
11607,train
19548,train
33118,train
42460,train
37193,train
13350,train
48177,train
10091,train
47736,train
49319,train
49291,train
47967,train
23654,train
24082,train
12993,train
16647,train
9637,train
12737,train
8022,train
44218,train
38287,train
25845,train
17456,train
16423,train
12415,train
44079,train
23477,train
15961,train
40845,train
18235,train
7165,train
18863,train
38833,train
25000,train
36666,train
38250,train
35374,train
26107,train
45297,train
31657,train
43056,train
9154,train
36136,train
10755,train
13944,train
22281,train
11464,train
46699,train
13531,train
4759,train
3670,train
30389,train
16125,train
29459,train
20027,train
49161,train
41718,train
3909,train
42449,train
26381,train
32786,train
14026,train
35403,train
26765,train
46625,train
8126,train
26770,train
49668,train
3983,train
3232,train
36334,train
16707,train
16588,train
47005,train
1825,train
26031,train
47280,train
23294,train
209,train
322,train
14108,train
41768,train
22185,train
42676,train
10108,train
21603,train
44026,train
45235,train
15658,train
8137,train
48958,train
26613,train
27424,train
7748,train
39691,train
16076,train
33199,train
40800,train
24211,train
30237,train
24395,train
43140,train
5589,train
15969,train
2410,train
41676,train
44808,train
6138,train
26891,train
30899,train
6574,train
46315,train
9616,train
39062,train
45287,train
21559,train
5887,train
24852,train
316,train
30574,train
5243,train
33239,train
28143,train
33918,train
26505,train
37771,train
15264,train
48168,train
9236,train
44199,train
5436,train
22497,train
15575,train
20133,train
40039,train
13657,train
6734,train
46433,train
3429,train
9840,train
35801,train
48931,train
44,train
27151,train
36361,train
28576,train
1178,train
12525,train
20668,train
28940,train
3047,train
16687,train
36353,train
34206,train
36464,train
41797,train
22087,train
18987,train
37609,train
12929,train
358,train
759,train
31785,train
14499,train
10112,train
35169,train
31642,train
33554,train
33585,train
32537,train
3956,train
45227,train
649,train
48281,train
1334,train
39592,train
35183,train
6931,train
10065,train
21573,train
14496,train
12154,train
9650,train
15693,train
36587,train
9378,train
30235,train
7359,train
16971,train
13037,train
40638,train
6190,train
41823,train
42301,train
36499,train
17514,train
47849,train
21397,train
18488,train
28758,train
30370,train
20278,train
33122,train
3180,train
33403,train
12337,train
24501,train
4828,train
32849,train
20872,train
27733,train
2979,train
37361,train
49430,train
12218,train
19983,train
13808,train
22232,train
7737,train
14068,train
4320,train
2290,train
39978,train
18147,train
37307,train
26088,train
10134,train
35305,train
48029,train
36465,train
4493,train
9127,train
30842,train
22347,train
15754,train
5819,train
38916,train
44544,train
6318,train
15296,train
19052,train
20890,train
16369,train
40399,train
23065,train
18910,train
21453,train
40514,train
16571,train
36468,train
45178,train
20184,train
26884,train
47727,train
37434,train
29024,train
13285,train
14510,train
43786,train
31113,train
3898,train
18456,train
12204,train
19763,train
40315,train
36660,train
13669,train
34536,train
19500,train
17273,train
43810,train
19951,train
20333,train
37016,train
24118,train
14652,train
43797,train
17340,train
39274,train
34632,train
2719,train
15424,train
19772,train
1301,train
19507,train
8745,train
16013,train
7271,train
40896,train
27422,train
45892,train
42257,train
19537,train
26279,train
46558,train
26615,train
49332,train
44251,train
28152,train
30454,train
43759,train
25763,train
10082,train
44827,train
6183,train
15326,train
4476,train
19490,train
23248,train
3168,train
27069,train
25413,train
30881,train
29169,train
27318,train
48469,train
21649,train
25726,train
23388,train
29129,train
24720,train
26141,train
33500,train
25375,train
39652,train
43774,train
37300,train
19977,train
42711,train
4184,train
43119,train
17421,train
19028,train
2459,train
49089,train
43310,train
12414,train
39634,train
7905,train
49195,train
19030,train
48647,train
11596,train
44290,train
49570,train
37937,train
12654,train
36577,train
3573,train
37710,train
6207,train
17930,train
11334,train
31400,train
38038,train
33081,train
43303,train
42911,train
2853,train
7454,train
2063,train
41287,train
30712,train
36255,train
26103,train
25089,train
38895,train
36143,train
40844,train
12647,train
18573,train
6026,train
43732,train
14354,train
33959,train
29101,train
1142,train
1279,train
33070,train
17464,train
2870,train
4569,train
12438,train
29150,train
11671,train
26264,train
35982,train
37731,train
14801,train
25304,train
48922,train
49017,train
21720,train
21334,train
18172,train
5806,train
47524,train
22580,train
9569,train
32982,train
30446,train
1595,train
20094,train
10746,train
27541,train
12912,train
33952,train
49313,train
23141,train
18026,train
21930,train
35833,train
10324,train
12882,train
18948,train
954,train
10509,train
25605,train
3179,train
24647,train
13498,train
16308,train
5178,train
48216,train
17551,train
46531,train
15223,train
5548,train
16737,train
26301,train
26070,train
29029,train
356,train
4112,train
30378,train
14535,train
47835,train
34189,train
7992,train
34393,train
15396,train
32936,train
28999,train
25886,train
10877,train
11247,train
25931,train
45359,train
45274,train
43958,train
46746,train
43612,train
32339,train
5717,train
47706,train
31837,train
40939,train
15409,train
39032,train
13881,train
40460,train
23587,train
29640,train
18839,train
24144,train
40369,train
10540,train
32274,train
17934,train
28748,train
49459,train
37895,train
14561,train
38653,train
34629,train
42994,train
48607,train
7097,train
40820,train
29952,train
9964,train
22994,train
31541,train
26112,train
47719,train
12798,train
30619,train
26640,train
48063,train
28157,train
4935,train
25903,train
36462,train
42847,train
1353,train
43981,train
25273,train
17870,train
42838,train
39373,train
20929,train
4725,train
15322,train
25440,train
45678,train
43010,train
26012,train
28694,train
38006,train
41871,train
42559,train
45597,train
14573,train
38776,train
11935,train
28876,train
32411,train
5119,train
14032,train
23398,train
23784,train
25543,train
14454,train
19916,train
1736,train
12903,train
21211,train
12256,train
39214,train
2986,train
38527,train
41529,train
23336,train
15251,train
40652,train
30331,train
18650,train
10879,train
26612,train
23866,train
4132,train
23347,train
37514,train
7823,train
47577,train
45658,train
26539,train
23640,train
8928,train
19331,train
40608,train
8934,train
102,train
22979,train
48353,train
30699,train
45347,train
8545,train
31315,train
39763,train
5023,train
19964,train
47807,train
2948,train
44847,train
42979,train
3671,train
13602,train
8129,train
285,train
17283,train
33885,train
10064,train
49000,train
46009,train
49927,train
31725,train
22783,train
23757,train
4575,train
40960,train
19330,train
34048,train
17774,train
25751,train
24271,train
19387,train
32824,train
34041,train
9301,train
40332,train
17950,train
7130,train
16289,train
3830,train
10789,train
37004,train
47823,train
17790,train
38178,train
35734,train
42505,train
30289,train
12020,train
10974,train
40454,train
33370,train
19047,train
40407,train
37406,train
41595,train
20445,train
1538,train
36056,train
7969,train
1121,train
49109,train
9746,train
38640,train
11941,train
1035,train
37345,train
29147,train
49670,train
19137,train
13053,train
6103,train
24264,train
37026,train
17288,train
27320,train
11511,train
27479,train
11292,train
47433,train
32375,train
3116,train
48575,train
34840,train
41206,train
43371,train
28270,train
23976,train
1931,train
30077,train
46637,train
40144,train
14282,train
3866,train
2104,train
43889,train
8306,train
47753,train
40503,train
12388,train
42954,train
25116,train
2350,train
6304,train
29065,train
45803,train
40597,train
46574,train
19846,train
43113,train
1628,train
17174,train
17523,train
27978,train
16189,train
9045,train
45215,train
13797,train
5364,train
5253,train
12094,train
38264,train
27847,train
42196,train
39321,train
6836,train
15135,train
46223,train
10221,train
5857,train
18483,train
37122,train
24817,train
1726,train
15538,train
6846,train
39467,train
8637,train
15397,train
9880,train
30771,train
10306,train
16557,train
33192,train
49525,train
20851,train
1451,train
47851,train
47277,train
49991,train
42296,train
22240,train
27216,train
21896,train
46231,train
10057,train
33900,train
49372,train
36926,train
41625,train
30447,train
4911,train
39979,train
2525,train
21570,train
38994,train
28149,train
10957,train
22239,train
37152,train
23309,train
23104,train
49887,train
31956,train
45283,train
31712,train
39743,train
7732,train
2789,train
26510,train
46397,train
46323,train
31402,train
6865,train
15613,train
4236,train
31942,train
18441,train
22099,train
33200,train
10725,train
8629,train
32004,train
20583,train
42975,train
18415,train
29813,train
5373,train
14656,train
27575,train
18049,train
29362,train
12178,train
27485,train
46147,train
3546,train
19984,train
14824,train
16974,train
12075,train
10030,train
23251,train
20403,train
44736,train
29930,train
28068,train
24131,train
19920,train
18367,train
8596,train
33814,train
45241,train
20497,train
38238,train
44370,train
22024,train
179,train
40325,train
27881,train
6360,train
47598,train
41085,train
49177,train
19144,train
11076,train
38140,train
10565,train
38881,train
28175,train
27823,train
47398,train
1051,train
28713,train
45673,train
30736,train
20556,train
21101,train
10541,train
43679,train
28221,train
19333,train
36050,train
41989,train
18213,train
39870,train
34345,train
28041,train
49730,train
12642,train
31020,train
34848,train
12838,train
38395,train
44777,train
35339,train
30281,train
41746,train
18500,train
16231,train
11482,train
19674,train
17630,train
24263,train
31662,train
18864,train
39822,train
35777,train
6813,train
49967,train
34337,train
9021,train
1635,train
16804,train
4999,train
30130,train
39169,train
38662,train
49683,train
20549,train
24182,train
45472,train
30866,train
46693,train
43535,train
3579,train
38844,train
37482,train
11342,train
28189,train
36077,train
6216,train
49314,train
39468,train
26284,train
33970,train
14438,train
28669,train
18155,train
9903,train
45846,train
26713,train
31242,train
39861,train
40530,train
45785,train
6635,train
33047,train
18778,train
34062,train
32704,train
13691,train
3166,train
41449,train
40666,train
25824,train
41072,train
29576,train
14855,train
14798,train
6521,train
11210,train
10868,train
10939,train
32380,train
16999,train
42670,train
1768,train
24563,train
40865,train
41679,train
48615,train
7261,train
33916,train
39014,train
27322,train
31928,train
47603,train
44174,train
20282,train
9750,train
9022,train
17851,train
41655,train
49961,train
36048,train
43973,train
27149,train
5220,train
16381,train
33308,train
28602,train
10219,train
10011,train
1880,train
24632,train
37567,train
8985,train
47747,train
18099,train
19906,train
28368,train
2155,train
41803,train
8263,train
13497,train
41359,train
21977,train
36959,train
27420,train
7012,train
16930,train
31723,train
5386,train
47222,train
28585,train
3370,train
47335,train
41126,train
15282,train
18498,train
13055,train
16489,train
21114,train
30676,train
46826,train
35026,train
12442,train
20384,train
28415,train
25169,train
23493,train
20480,train
26160,train
10511,train
32027,train
36350,train
44725,train
43839,train
44794,train
29355,train
26801,train
7289,train
35507,train
14012,train
38983,train
19711,train
36407,train
21431,train
32464,train
43869,train
18806,train
24856,train
17563,train
23971,train
43224,train
30744,train
45022,train
32712,train
19242,train
26906,train
2386,train
16936,train
48974,train
48095,train
23858,train
20902,train
1616,train
31336,train
17727,train
36309,train
29731,train
20541,train
41447,train
36018,train
11612,train
21634,train
17243,train
14776,train
42565,train
20624,train
28546,train
44329,train
9894,train
45944,train
4826,train
35881,train
6981,train
23847,train
11410,train
10267,train
18470,train
4425,train
42732,train
2438,train
9618,train
17516,train
30655,train
16451,train
11194,train
26590,train
3861,train
19512,train
30069,train
21576,train
10580,train
4388,train
33749,train
3293,train
48486,train
29791,train
2607,train
22857,train
42621,train
39589,train
5610,train
42622,train
9190,train
8782,train
6284,train
2904,train
18964,train
46892,train
13185,train
13454,train
8949,train
44216,train
13876,train
13393,train
20632,train
12446,train
39847,train
49569,train
43415,train
19981,train
4985,train
48428,train
21139,train
19876,train
3139,train
14975,train
28288,train
22725,train
48378,train
23953,train
26372,train
15845,train
7833,train
24880,train
35421,train
37477,train
17137,train
12118,train
36909,train
44413,train
24481,train
29464,train
2145,train
41935,train
27382,train
8250,train
13160,train
19250,train
33956,train
44373,train
1840,train
23832,train
4953,train
44829,train
49790,train
41681,train
30694,train
12223,train
27674,train
19695,train
26358,train
5081,train
43020,train
5898,train
49165,train
3462,train
30087,train
9806,train
8332,train
23988,train
16072,train
41280,train
25941,train
34128,train
34746,train
29978,train
4916,train
36195,train
28440,train
15336,train
6579,train
46191,train
7319,train
43396,train
10901,train
39542,train
8683,train
23824,train
14002,train
3313,train
48586,train
10373,train
10996,train
40894,train
27621,train
11248,train
1120,train
35089,train
38793,train
659,train
59,train
16820,train
11747,train
32266,train
38719,train
13550,train
19270,train
40175,train
10557,train
26496,train
13749,train
28285,train
31845,train
920,train
19339,train
32791,train
12418,train
48263,train
886,train
41147,train
49489,train
36178,train
27917,train
42337,train
36385,train
32734,train
47546,train
30935,train
28849,train
17440,train
6547,train
19594,train
37556,train
19271,train
21742,train
43596,train
31137,train
16294,train
43293,train
15591,train
17078,train
30115,train
30311,train
30597,train
15443,train
2617,train
26126,train
44391,train
2112,train
34662,train
41641,train
41132,train
45807,train
14283,train
24932,train
16407,train
29032,train
13022,train
23431,train
42556,train
10885,train
45296,train
30516,train
10828,train
30770,train
21290,train
43825,train
11283,train
25794,train
18904,train
23482,train
26347,train
4034,train
17721,train
42065,train
32299,train
47855,train
9968,train
36431,train
17473,train
47722,train
6572,train
17711,train
10416,train
23247,train
16359,train
24240,train
1961,train
30745,train
16796,train
26857,train
25776,train
32695,train
38091,train
31216,train
39250,train
31590,train
40741,train
9617,train
32020,train
34814,train
4647,train
9247,train
37846,train
36398,train
14985,train
14177,train
2341,train
36635,train
42028,train
36871,train
29870,train
22901,train
36897,train
45180,train
30853,train
10804,train
47378,train
26293,train
17617,train
24243,train
27769,train
43689,train
18552,train
5180,train
46731,train
15698,train
30198,train
13302,train
8287,train
11574,train
27147,train
13656,train
26300,train
19264,train
19145,train
20397,train
46583,train
48166,train
7309,train
35085,train
26091,train
22344,train
37795,train
14835,train
17311,train
9174,train
16567,train
195,train
23122,train
6858,train
19460,train
28451,train
12824,train
8785,train
24668,train
31558,train
49791,train
23716,train
9009,train
46528,train
12547,train
44062,train
31810,train
36301,train
43275,train
11956,train
16011,train
11181,train
8238,train
25484,train
19353,train
22149,train
44441,train
37351,train
44997,train
13332,train
28972,train
25943,train
48300,train
41941,train
32826,train
17337,train
26069,train
39319,train
3960,train
49468,train
37950,train
21141,train
35124,train
47133,train
29875,train
35221,train
26105,train
23305,train
23748,train
21627,train
39525,train
9195,train
46985,train
27109,train
44716,train
4796,train
6608,train
13391,train
19945,train
24967,train
6585,train
44873,train
41680,train
38106,train
24244,train
34485,train
9094,train
16419,train
26503,train
24524,train
18292,train
14254,train
6486,train
28317,train
28733,train
12145,train
43250,train
36448,train
20777,train
8294,train
6999,train
3714,train
40721,train
40147,train
11929,train
128,train
14966,train
4785,train
19381,train
28158,train
27086,train
49540,train
899,train
10864,train
4473,train
44788,train
8459,train
35457,train
25727,train
5312,train
10305,train
29300,train
31944,train
26309,train
29874,train
22194,train
44999,train
37420,train
33209,train
20870,train
41197,train
14718,train
19957,train
20566,train
26351,train
44283,train
38560,train
45797,train
41169,train
27685,train
18951,train
21484,train
6129,train
25853,train
9797,train
1216,train
9144,train
3862,train
22959,train
49235,train
44752,train
5902,train
28984,train
29284,train
20544,train
38868,train
24518,train
41937,train
37876,train
9456,train
3694,train
21662,train
38724,train
42131,train
20555,train
20040,train
20272,train
6901,train
24274,train
25863,train
21500,train
10564,train
8903,train
13817,train
35228,train
1883,train
36196,train
14113,train
6518,train
25750,train
33490,train
14447,train
47552,train
14705,train
10950,train
48578,train
46224,train
45081,train
31393,train
31551,train
28419,train
26004,train
49497,train
6279,train
18257,train
26142,train
13283,train
18623,train
37312,train
36625,train
17383,train
21409,train
10397,train
39459,train
12521,train
46325,train
32543,train
13814,train
42895,train
46419,train
17161,train
26414,train
41189,train
25494,train
2460,train
19828,train
28082,train
45556,train
22887,train
45998,train
25322,train
13590,train
22989,train
36401,train
24,train
39113,train
11387,train
22425,train
41365,train
47209,train
44166,train
1621,train
37581,train
28593,train
24505,train
46803,train
33697,train
25710,train
26005,train
10712,train
2198,train
49587,train
1944,train
1103,train
38808,train
47703,train
5617,train
33778,train
21498,train
3784,train
18687,train
27756,train
14363,train
47250,train
8233,train
39638,train
33232,train
761,train
40376,train
1872,train
7247,train
23687,train
27775,train
42694,train
8836,train
21259,train
32008,train
35410,train
35861,train
28680,train
38783,train
6676,train
12410,train
31688,train
43029,train
11064,train
45358,train
24316,train
36356,train
30969,train
37187,train
15099,train
16565,train
18978,train
22413,train
41966,train
44944,train
7840,train
30377,train
7979,train
35979,train
6549,train
12140,train
10506,train
35069,train
2482,train
493,train
33571,train
47848,train
992,train
20221,train
42619,train
35262,train
14271,train
30835,train
31664,train
9722,train
7558,train
40081,train
40866,train
43837,train
49551,train
20032,train
280,train
14662,train
41017,train
22805,train
20800,train
19131,train
38550,train
7055,train
36426,train
38986,train
37619,train
39131,train
40322,train
48122,train
31636,train
38113,train
39219,train
39192,train
39429,train
6312,train
22085,train
10225,train
4771,train
29623,train
49322,train
45528,train
27060,train
47987,train
34723,train
7535,train
9309,train
15096,train
8710,train
39120,train
8739,train
20316,train
32629,train
45872,train
9189,train
22107,train
404,train
6001,train
25391,train
9215,train
22296,train
38272,train
1214,train
38898,train
46090,train
13613,train
25394,train
31905,train
12339,train
2533,train
4436,train
18908,train
7001,train
28780,train
22458,train
34199,train
5922,train
42447,train
40734,train
36005,train
33470,train
34684,train
5976,train
46447,train
37292,train
46888,train
9376,train
33602,train
45010,train
47619,train
37606,train
23180,train
31698,train
21172,train
32005,train
12901,train
37177,train
26177,train
14260,train
46681,train
16050,train
15117,train
23980,train
20205,train
40603,train
31257,train
24903,train
45181,train
14352,train
42066,train
16196,train
32558,train
42575,train
19455,train
42876,train
9272,train
24551,train
13610,train
5345,train
25972,train
47275,train
28423,train
22376,train
10257,train
13509,train
39320,train
30651,train
12475,train
26799,train
3727,train
9292,train
29903,train
18449,train
24588,train
32735,train
21265,train
36473,train
40553,train
20594,train
34516,train
27459,train
18732,train
23106,train
9055,train
4653,train
3877,train
41178,train
36632,train
28633,train
20248,train
20650,train
20655,train
6499,train
18825,train
12365,train
8318,train
28183,train
38351,train
24352,train
11408,train
39977,train
9998,train
27439,train
39911,train
46287,train
5461,train
12723,train
12635,train
40725,train
46163,train
33837,train
27074,train
4341,train
48283,train
49030,train
648,train
42583,train
32276,train
32234,train
8314,train
41077,train
14031,train
5399,train
42690,train
13300,train
432,train
35049,train
40607,train
36420,train
25104,train
2771,train
41751,train
31166,train
2809,train
49762,train
14839,train
25020,train
43938,train
5108,train
36043,train
43652,train
13697,train
49777,train
31861,train
36172,train
38127,train
45559,train
25373,train
45877,train
12336,train
35402,train
4959,train
34810,train
24372,train
40292,train
22313,train
7070,train
41186,train
18104,train
29867,train
23287,train
4584,train
37271,train
4481,train
5813,train
28696,train
13891,train
19670,train
35358,train
12505,train
29624,train
9753,train
28766,train
32832,train
45576,train
20972,train
21624,train
34869,train
1085,train
13757,train
10579,train
41646,train
12292,train
26798,train
26706,train
6684,train
781,train
78,train
7798,train
35212,train
33899,train
38609,train
26065,train
18821,train
22401,train
18640,train
4008,train
27400,train
13552,train
4253,train
8392,train
39984,train
40871,train
12837,train
20222,train
38397,train
20016,train
19673,train
3390,train
43273,train
15382,train
26186,train
26180,train
26131,train
19666,train
23112,train
40069,train
22738,train
46084,train
28142,train
1020,train
36325,train
42157,train
29087,train
5914,train
35345,train
21059,train
2214,train
44647,train
33410,train
9969,train
33259,train
18826,train
24094,train
24083,train
41701,train
47932,train
44565,train
120,train
13056,train
25358,train
45087,train
46991,train
6611,train
36091,train
45344,train
31843,train
24919,train
13367,train
6517,train
25767,train
7336,train
32694,train
34611,train
35720,train
22765,train
12383,train
11706,train
49784,train
23201,train
31633,train
41151,train
48711,train
34329,train
42492,train
13744,train
10477,train
17084,train
14158,train
34083,train
29478,train
42061,train
2383,train
21052,train
40732,train
10099,train
29079,train
28545,train
43515,train
4387,train
33041,train
15822,train
5856,train
3817,train
19483,train
9108,train
40194,train
1092,train
9963,train
27484,train
4178,train
10662,train
1535,train
17067,train
47936,train
39936,train
13036,train
12448,train
31148,train
49816,train
1546,train
6661,train
31130,train
29151,train
30498,train
5358,train
31661,train
19272,train
10807,train
45032,train
32781,train
37087,train
5921,train
13057,train
44577,train
13371,train
11654,train
220,train
34078,train
42314,train
6100,train
16701,train
35665,train
35296,train
16020,train
6469,train
46235,train
9996,train
37862,train
17664,train
33314,train
47294,train
35735,train
13504,train
9930,train
40432,train
28320,train
41038,train
9970,train
35503,train
25924,train
39619,train
36534,train
4256,train
18514,train
41847,train
30763,train
16445,train
18898,train
41209,train
16024,train
18431,train
10857,train
44537,train
34552,train
34015,train
38246,train
10994,train
41566,train
32962,train
30636,train
14868,train
8818,train
39671,train
39555,train
19716,train
46387,train
7162,train
5773,train
1819,train
43406,train
38168,train
30353,train
13752,train
28685,train
37576,train
19158,train
18549,train
27223,train
5837,train
36253,train
13879,train
7967,train
43914,train
37493,train
33409,train
11589,train
43910,train
32774,train
6182,train
27062,train
41213,train
43539,train
8133,train
40849,train
45537,train
3309,train
6854,train
8048,train
38196,train
22350,train
16553,train
46242,train
11722,train
41121,train
13746,train
14673,train
45424,train
13588,train
33950,train
41024,train
40764,train
22079,train
35689,train
4477,train
12216,train
15560,train
34135,train
48942,train
6381,train
47859,train
39884,train
8410,train
19193,train
36263,train
24421,train
35524,train
23058,train
2149,train
46229,train
28316,train
49051,train
20808,train
7346,train
6797,train
28606,train
30976,train
6050,train
35610,train
12941,train
24365,train
26507,train
36559,train
46350,train
42835,train
12787,train
7216,train
26114,train
35985,train
40015,train
10961,train
4064,train
7698,train
48451,train
49902,train
3857,train
37431,train
21041,train
41968,train
39416,train
6506,train
12850,train
38688,train
3248,train
6566,train
35054,train
16436,train
3064,train
47892,train
9742,train
36669,train
29352,train
19294,train
29544,train
28341,train
22723,train
27781,train
41379,train
48039,train
17496,train
25096,train
41776,train
47187,train
5838,train
47888,train
41619,train
4574,train
30285,train
27671,train
33142,train
22475,train
7852,train
18983,train
8887,train
6875,train
21355,train
21520,train
44018,train
30970,train
39579,train
17509,train
45036,train
22309,train
1099,train
24556,train
5840,train
1756,train
5089,train
33788,train
4052,train
28819,train
33944,train
42085,train
8863,train
43886,train
21952,train
35028,train
15607,train
46114,train
25286,train
24777,train
33575,train
43489,train
31853,train
13447,train
313,train
740,train
30159,train
34794,train
33491,train
29651,train
2534,train
37640,train
41457,train
46087,train
10865,train
49284,train
14440,train
32391,train
18799,train
8908,train
46623,train
24855,train
44254,train
16496,train
42603,train
44704,train
41011,train
17180,train
20876,train
22579,train
10361,train
37571,train
12059,train
25529,train
22081,train
10266,train
48968,train
24692,train
3054,train
8625,train
8617,train
11462,train
21452,train
49951,train
44476,train
48574,train
39385,train
25103,train
24658,train
12541,train
11926,train
6450,train
9260,train
49098,train
23666,train
7619,train
33096,train
35768,train
23722,train
12221,train
7835,train
49823,train
18370,train
4224,train
1669,train
1942,train
4355,train
45746,train
28513,train
20063,train
320,train
7014,train
5444,train
6868,train
25359,train
7425,train
32598,train
12983,train
16524,train
41052,train
32684,train
34371,train
40991,train
26500,train
14575,train
39444,train
31231,train
30594,train
40459,train
48087,train
34564,train
37102,train
27127,train
32488,train
44789,train
39662,train
33654,train
21690,train
23589,train
37549,train
47561,train
49062,train
19649,train
28205,train
31538,train
10411,train
13191,train
49624,train
4794,train
29358,train
48288,train
31097,train
42935,train
38194,train
27262,train
45776,train
22118,train
26689,train
1428,train
8237,train
37335,train
45909,train
32789,train
15233,train
17002,train
18764,train
27875,train
40153,train
48645,train
46917,train
2123,train
21049,train
8102,train
31548,train
6738,train
32823,train
2237,train
29539,train
15965,train
7771,train
18351,train
46492,train
5845,train
31322,train
7250,train
43192,train
671,train
31364,train
3842,train
45161,train
49718,train
45741,train
11512,train
40214,train
49496,train
3806,train
4727,train
2325,train
34029,train
3961,train
43602,train
39900,train
29060,train
19643,train
8640,train
5304,train
23223,train
21364,train
27441,train
31577,train
26448,train
9001,train
15180,train
32446,train
47969,train
10051,train
49274,train
26858,train
42456,train
10550,train
44479,train
42095,train
46724,train
46167,train
23590,train
19229,train
10940,train
44086,train
34079,train
43811,train
6417,train
16353,train
31912,train
48712,train
39331,train
30855,train
1593,train
453,train
13446,train
6454,train
49560,train
19917,train
25560,train
26239,train
44305,train
46496,train
11357,train
38408,train
27148,train
30810,train
43300,train
26783,train
26138,train
26877,train
3994,train
14934,train
5139,train
38959,train
26286,train
11852,train
30097,train
42959,train
44323,train
25699,train
5485,train
2553,train
45288,train
12171,train
49577,train
38772,train
7445,train
41290,train
40316,train
39731,train
7388,train
26153,train
40006,train
15896,train
37600,train
6035,train
23245,train
17837,train
20210,train
37750,train
25505,train
15611,train
27584,train
25970,train
45980,train
25829,train
13411,train
18617,train
48876,train
4990,train
60,train
1733,train
40989,train
46990,train
15215,train
15610,train
34523,train
1309,train
37373,train
22766,train
47852,train
44493,train
8598,train
40718,train
30204,train
30717,train
5056,train
10251,train
33824,train
1080,train
41341,train
35843,train
13076,train
4694,train
22834,train
13873,train
7369,train
15983,train
15363,train
3084,train
20441,train
47678,train
42297,train
14316,train
18577,train
34986,train
13620,train
3224,train
1078,train
29884,train
44959,train
24200,train
19925,train
3865,train
28740,train
43885,train
10631,train
28448,train
37924,train
47134,train
40686,train
15561,train
37283,train
26149,train
37667,train
35006,train
29758,train
44032,train
18122,train
12893,train
22669,train
47607,train
23914,train
45225,train
39745,train
45205,train
1568,train
23736,train
3758,train
46516,train
25963,train
13356,train
17573,train
19446,train
17189,train
12334,train
40223,train
3519,train
42567,train
17527,train
7268,train
29832,train
20932,train
35909,train
12682,train
10514,train
1378,train
20024,train
38942,train
16365,train
28948,train
11062,train
38819,train
9278,train
46316,train
33087,train
46576,train
13763,train
20475,train
11467,train
10700,train
11504,train
28241,train
12853,train
45704,train
14881,train
36750,train
13384,train
14416,train
34499,train
18934,train
11940,train
20669,train
3846,train
18730,train
34024,train
7778,train
23255,train
45155,train
2911,train
25436,train
44961,train
49778,train
43722,train
4135,train
9203,train
18925,train
41437,train
36590,train
49761,train
9610,train
25348,train
39798,train
46983,train
6986,train
36738,train
49460,train
2783,train
34865,train
25617,train
6383,train
17248,train
43475,train
2900,train
37746,train
32866,train
37596,train
34328,train
5207,train
12176,train
22182,train
29208,train
44820,train
7435,train
12379,train
21387,train
17411,train
1254,train
42800,train
26963,train
26203,train
7170,train
46629,train
14548,train
17847,train
8413,train
37302,train
44484,train
46331,train
43832,train
28216,train
44021,train
38491,train
19895,train
21995,train
23919,train
15574,train
23225,train
13474,train
13245,train
48642,train
22622,train
29304,train
8711,train
48972,train
33737,train
6605,train
49584,train
1225,train
27698,train
27457,train
48605,train
25923,train
11583,train
14056,train
26815,train
25193,train
16762,train
39923,train
23618,train
11697,train
36344,train
48599,train
18737,train
44650,train
34340,train
16692,train
47220,train
29573,train
36104,train
9058,train
45514,train
25144,train
39343,train
2309,train
28469,train
42396,train
28051,train
9427,train
5222,train
14564,train
26728,train
30418,train
8389,train
1937,train
49101,train
22455,train
14799,train
36162,train
29957,train
37408,train
8,train
40525,train
27597,train
35157,train
1342,train
46057,train
3388,train
10200,train
11614,train
18272,train
8092,train
10060,train
1294,train
8378,train
44164,train
45880,train
8116,train
30803,train
28269,train
28148,train
42317,train
17878,train
23931,train
39269,train
4172,train
48258,train
14007,train
3472,train
10145,train
8228,train
26941,train
16729,train
20352,train
7027,train
43094,train
13582,train
15554,train
23623,train
14843,train
41577,train
16833,train
21217,train
9757,train
3737,train
12873,train
23272,train
42803,train
3745,train
20253,train
32397,train
48943,train
676,train
16924,train
27851,train
30164,train
43874,train
46381,train
38704,train
4753,train
32217,train
26221,train
31920,train
37151,train
42710,train
36065,train
29126,train
9310,train
2522,train
21121,train
40613,train
4566,train
36545,train
35396,train
23275,train
31715,train
16217,train
11877,train
34984,train
45638,train
9343,train
1363,train
31677,train
9744,train
8068,train
22287,train
33227,train
5852,train
9739,train
13042,train
32641,train
5658,train
23524,train
6714,train
37165,train
2262,train
32249,train
25447,train
33936,train
31085,train
36380,train
23550,train
7529,train
44048,train
46567,train
3441,train
48898,train
36872,train
20492,train
30938,train
9561,train
48824,train
29440,train
33334,train
43095,train
9589,train
19178,train
578,train
22242,train
41267,train
23357,train
43054,train
49191,train
28382,train
42394,train
22548,train
38027,train
5637,train
4908,train
47192,train
29177,train
38093,train
39561,train
36312,train
23038,train
28426,train
34828,train
35646,train
42902,train
49554,train
11486,train
121,train
26971,train
36323,train
23380,train
40808,train
30590,train
43136,train
47371,train
37701,train
19685,train
29211,train
27254,train
44567,train
28980,train
37366,train
33619,train
30088,train
18689,train
33401,train
20578,train
26327,train
40280,train
7058,train
19053,train
11293,train
42858,train
42399,train
39705,train
14696,train
38738,train
2351,train
45320,train
30762,train
47400,train
40405,train
15263,train
16492,train
30572,train
26932,train
19704,train
19665,train
12099,train
13775,train
4209,train
20711,train
7678,train
6210,train
3219,train
32265,train
23080,train
48539,train
49938,train
3381,train
39641,train
35959,train
4965,train
31000,train
26084,train
22530,train
39802,train
39817,train
32702,train
23967,train
33030,train
49481,train
16374,train
29782,train
1779,train
3319,train
41978,train
21677,train
26423,train
8523,train
11265,train
3849,train
5697,train
13555,train
789,train
18596,train
15327,train
7088,train
19717,train
6261,train
40841,train
13012,train
32405,train
28832,train
27235,train
40235,train
5884,train
3854,train
25618,train
44297,train
10941,train
4296,train
29216,train
48800,train
40224,train
15711,train
19169,train
20905,train
13872,train
20853,train
22409,train
28517,train
41788,train
8425,train
36934,train
47842,train
37662,train
38963,train
13770,train
7642,train
23459,train
39836,train
21846,train
22394,train
49409,train
15937,train
22128,train
22321,train
5109,train
28678,train
26375,train
39677,train
18524,train
45140,train
11990,train
46732,train
19168,train
29974,train
26204,train
37275,train
45331,train
43026,train
18464,train
31415,train
26595,train
34946,train
17393,train
44715,train
1551,train
9548,train
44972,train
10930,train
32243,train
772,train
35596,train
14684,train
38213,train
18701,train
35210,train
43648,train
8082,train
6651,train
43048,train
18230,train
30678,train
35229,train
43285,train
37583,train
8182,train
44242,train
18801,train
10634,train
37003,train
8833,train
1057,train
40629,train
20163,train
11865,train
19134,train
40758,train
9985,train
25086,train
11786,train
31989,train
4968,train
25810,train
24767,train
40582,train
22507,train
5327,train
32570,train
29423,train
7324,train
17672,train
49232,train
26470,train
49432,train
9060,train
13815,train
43867,train
39248,train
11790,train
47089,train
10808,train
5098,train
31022,train
16873,train
31750,train
334,train
8050,train
12120,train
49610,train
18384,train
9126,train
30202,train
10640,train
1105,train
23648,train
46851,train
15323,train
6497,train
28387,train
46957,train
45190,train
28584,train
17619,train
32560,train
32470,train
11996,train
37826,train
13199,train
18285,train
43418,train
48293,train
5249,train
37358,train
32988,train
8579,train
24739,train
22721,train
26981,train
30485,train
46801,train
45546,train
12749,train
22839,train
388,train
42832,train
8659,train
44665,train
23037,train
3283,train
24691,train
1269,train
41490,train
22697,train
31072,train
48394,train
49286,train
39408,train
5058,train
8254,train
19942,train
21973,train
18114,train
367,train
46785,train
11440,train
9073,train
3274,train
20247,train
29241,train
28398,train
10375,train
31421,train
34584,train
24487,train
19736,train
24684,train
30521,train
9255,train
15176,train
16568,train
17415,train
28414,train
16366,train
39658,train
1602,train
16395,train
23585,train
43777,train
21623,train
33790,train
8503,train
36676,train
8746,train
19822,train
1707,train
44585,train
43077,train
44183,train
25092,train
12813,train
18296,train
43941,train
47122,train
5793,train
27496,train
17291,train
43283,train
49901,train
36308,train
43784,train
4544,train
2168,train
13150,train
21958,train
32129,train
24910,train
22941,train
24957,train
10386,train
12001,train
39232,train
29016,train
48739,train
2944,train
42786,train
16071,train
46411,train
24475,train
28276,train
2186,train
30380,train
30035,train
17834,train
27114,train
11598,train
41272,train
2551,train
10076,train
3258,train
25658,train
23798,train
33229,train
4290,train
13563,train
40240,train
16043,train
47621,train
34326,train
6943,train
31458,train
19401,train
15565,train
38914,train
44402,train
40868,train
17795,train
36496,train
23172,train
30640,train
1951,train
40311,train
31622,train
18379,train
3246,train
26961,train
16471,train
33840,train
14407,train
5044,train
43828,train
46330,train
6008,train
47337,train
35275,train
10329,train
20819,train
13628,train
6377,train
28295,train
12427,train
22682,train
1624,train
16402,train
48860,train
16238,train
36995,train
11288,train
43233,train
11083,train
21306,train
7345,train
24255,train
38511,train
16333,train
43649,train
22389,train
21739,train
6004,train
31153,train
5832,train
28815,train
2994,train
32588,train
29716,train
48043,train
25039,train
16132,train
35818,train
46008,train
13966,train
48706,train
22341,train
16623,train
15405,train
4888,train
24411,train
29959,train
12716,train
2420,train
22424,train
1445,train
49725,train
46258,train
16916,train
32205,train
18527,train
30641,train
30417,train
19989,train
44937,train
44952,train
35866,train
31194,train
5625,train
38134,train
47771,train
24326,train
34283,train
14263,train
49110,train
36021,train
37680,train
6289,train
44899,train
29751,train
35835,train
43668,train
19971,train
44932,train
12934,train
16975,train
15641,train
7564,train
19392,train
3077,train
35117,train
23745,train
524,train
2103,train
26680,train
27207,train
15798,train
2328,train
21818,train
8849,train
14532,train
12088,train
34861,train
40869,train
38848,train
27250,train
8150,train
28027,train
19997,train
28824,train
36075,train
31603,train
10252,train
35465,train
36373,train
15304,train
2251,train
9326,train
36390,train
18645,train
26993,train
860,train
11385,train
23836,train
49198,train
39476,train
36859,train
22076,train
7376,train
27164,train
49458,train
22481,train
32612,train
7970,train
23896,train
10692,train
33251,train
33221,train
14038,train
30166,train
7659,train
32037,train
21171,train
27569,train
46738,train
4097,train
6320,train
48212,train
15482,train
27793,train
29239,train
35072,train
556,train
43435,train
40715,train
38917,train
19192,train
10521,train
21511,train
27670,train
40879,train
48907,train
24070,train
10439,train
39720,train
20276,train
12755,train
26738,train
25975,train
3369,train
23006,train
37303,train
11914,train
38740,train
17963,train
17751,train
44014,train
21140,train
12940,train
11169,train
44641,train
44280,train
48659,train
15606,train
14875,train
482,train
47004,train
30302,train
32730,train
37388,train
25808,train
1729,train
3972,train
15590,train
3597,train
49024,train
37133,train
45346,train
23925,train
4027,train
29677,train
24298,train
37470,train
11245,train
13208,train
25292,train
6013,train
5810,train
25125,train
6199,train
21933,train
44573,train
6560,train
1338,train
22405,train
15012,train
12148,train
37693,train
83,train
9178,train
40905,train
17141,train
26786,train
17370,train
40152,train
11348,train
944,train
45443,train
33479,train
22533,train
2882,train
7712,train
49144,train
1108,train
30819,train
49001,train
2385,train
5578,train
44334,train
40736,train
47368,train
2598,train
41058,train
46821,train
605,train
12913,train
12170,train
47466,train
44757,train
3601,train
7038,train
35237,train
6263,train
29617,train
15198,train
528,train
15023,train
23878,train
7466,train
23638,train
29035,train
9639,train
36540,train
25827,train
37563,train
40495,train
2554,train
5669,train
30582,train
35152,train
38357,train
24464,train
16326,train
20836,train
22833,train
38461,train
46018,train
13295,train
3300,train
43771,train
16540,train
2766,train
30612,train
44084,train
17203,train
31298,train
4492,train
45212,train
13494,train
19961,train
35164,train
7224,train
28623,train
13362,train
38312,train
44368,train
3998,train
34378,train
31223,train
30176,train
44855,train
17038,train
21872,train
9967,train
48648,train
16312,train
23764,train
5270,train
38286,train
2174,train
49448,train
49374,train
16676,train
1511,train
5989,train
37726,train
2564,train
28900,train
48857,train
22696,train
8787,train
17553,train
37818,train
36376,train
2470,train
34557,train
5481,train
2416,train
32971,train
27227,train
1365,train
15046,train
11218,train
3589,train
12868,train
22908,train
49294,train
26985,train
36366,train
42660,train
44625,train
36061,train
14523,train
20592,train
17568,train
3099,train
18476,train
5367,train
37898,train
49799,train
11435,train
146,train
32688,train
48471,train
28896,train
46519,train
3231,train
24503,train
28655,train
4671,train
41265,train
22377,train
40958,train
8035,train
40712,train
22037,train
39237,train
13470,train
9811,train
21870,train
9717,train
40548,train
7029,train
8567,train
11111,train
3954,train
7360,train
45335,train
40246,train
30991,train
5861,train
29541,train
42246,train
8708,train
229,train
17019,train
18390,train
7202,train
29904,train
26997,train
37754,train
28778,train
46046,train
9286,train
9491,train
20240,train
24604,train
30544,train
2795,train
19354,train
14206,train
27132,train
31787,train
12832,train
18643,train
45915,train
7363,train
15166,train
5255,train
24793,train
15367,train
38736,train
34183,train
29180,train
4984,train
48760,train
46501,train
43778,train
11394,train
2947,train
10295,train
33913,train
40827,train
39300,train
592,train
18936,train
25674,train
19069,train
29824,train
36860,train
33206,train
39165,train
41382,train
44767,train
49086,train
15865,train
23514,train
5020,train
17116,train
28994,train
49112,train
40911,train
20780,train
11499,train
2988,train
12504,train
262,train
14087,train
37190,train
49558,train
7747,train
24157,train
31803,train
12494,train
14731,train
18192,train
42493,train
48222,train
44467,train
47384,train
35114,train
15200,train
53,train
47202,train
38900,train
45246,train
715,train
13975,train
10270,train
4292,train
7463,train
46931,train
44690,train
9314,train
27624,train
12578,train
22187,train
26901,train
8995,train
9460,train
22600,train
3786,train
12720,train
30343,train
27202,train
5087,train
36140,train
31066,train
9067,train
32750,train
14788,train
30622,train
21885,train
23479,train
15141,train
34936,train
12880,train
32864,train
41354,train
20478,train
42592,train
16719,train
9824,train
5870,train
47697,train
44167,train
30625,train
18968,train
30034,train
46854,train
23564,train
28203,train
39439,train
23655,train
38162,train
27759,train
49486,train
32991,train
32678,train
1688,train
45692,train
35483,train
387,train
19016,train
35974,train
41865,train
45727,train
26949,train
4660,train
15026,train
6771,train
13830,train
39777,train
48107,train
12055,train
40013,train
26628,train
40393,train
7839,train
6662,train
43451,train
28325,train
8962,train
35873,train
36504,train
45839,train
20404,train
11571,train
5892,train
44225,train
4895,train
6752,train
23704,train
32657,train
18289,train
25627,train
7794,train
45245,train
13708,train
8690,train
42964,train
29227,train
29018,train
37842,train
10679,train
48511,train
20233,train
40368,train
4669,train
22326,train
35533,train
3947,train
1695,train
6428,train
30234,train
15315,train
43504,train
48900,train
34479,train
38882,train
20740,train
6316,train
11358,train
19079,train
11931,train
5405,train
12319,train
15107,train
27858,train
42824,train
32769,train
42972,train
46678,train
37074,train
39666,train
1691,train
27767,train
8101,train
3503,train
44723,train
7187,train
10315,train
34943,train
47890,train
25843,train
39982,train
16518,train
12914,train
42870,train
43872,train
7714,train
40813,train
8520,train
25528,train
30843,train
27504,train
42748,train
41860,train
47934,train
31265,train
34434,train
14013,train
18318,train
14077,train
20526,train
35412,train
49367,train
9855,train
2889,train
32963,train
43381,train
35406,train
38503,train
39150,train
44017,train
10417,train
27525,train
1411,train
25919,train
18018,train
2706,train
31004,train
15213,train
5778,train
41851,train
36591,train
37715,train
42799,train
5606,train
29081,train
44969,train
31574,train
2871,train
15720,train
34385,train
40367,train
5323,train
5392,train
41387,train
36098,train
6189,train
14537,train
35350,train
2735,train
32176,train
38812,train
18994,train
7513,train
7648,train
8512,train
48311,train
1360,train
18530,train
32226,train
31125,train
45228,train
13805,train
3931,train
45110,train
45672,train
30142,train
20044,train
23705,train
23308,train
34996,train
27308,train
39913,train
24745,train
24472,train
29769,train
48161,train
12668,train
42971,train
22048,train
39149,train
22017,train
13973,train
2333,train
37554,train
47208,train
29742,train
15122,train
13957,train
19129,train
4786,train
7298,train
10958,train
13247,train
34448,train
416,train
18746,train
26931,train
45750,train
15355,train
16656,train
49595,train
12656,train
21764,train
8320,train
7169,train
36394,train
34106,train
45413,train
12740,train
24970,train
46291,train
46813,train
32718,train
20858,train
7380,train
45988,train
48684,train
25406,train
33174,train
6622,train
4104,train
49571,train
27758,train
40910,train
40767,train
34312,train
11989,train
18198,train
7565,train
10191,train
38300,train
11924,train
1612,train
253,train
43616,train
3765,train
46707,train
23513,train
4707,train
48933,train
14469,train
40042,train
42226,train
30250,train
28073,train
16529,train
21734,train
9448,train
7723,train
48482,train
1972,train
9391,train
36106,train
46274,train
843,train
18529,train
22346,train
17232,train
35001,train
34488,train
17020,train
29556,train
20095,train
42320,train
11825,train
4745,train
49226,train
8796,train
21370,train
2403,train
41102,train
45158,train
34955,train
26385,train
26925,train
13315,train
25276,train
38625,train
8963,train
32011,train
2708,train
25230,train
31522,train
32147,train
38405,train
2249,train
2924,train
2127,train
45061,train
25257,train
31118,train
34262,train
30241,train
22604,train
33579,train
28121,train
16945,train
28930,train
30677,train
8293,train
38170,train
3112,train
11868,train
29332,train
9264,train
27251,train
17275,train
23342,train
21425,train
33299,train
20485,train
4080,train
33356,train
34551,train
25387,train
36588,train
6037,train
38045,train
44223,train
48207,train
41732,train
38371,train
20311,train
8136,train
23783,train
49057,train
37091,train
39051,train
28457,train
1079,train
31251,train
5432,train
41811,train
43569,train
28165,train
41945,train
44424,train
43907,train
28538,train
17297,train
47600,train
49684,train
34102,train
40964,train
7186,train
29411,train
4015,train
5897,train
47162,train
26208,train
39135,train
49442,train
41220,train
35628,train
34717,train
44781,train
24825,train
26159,train
2286,train
28695,train
3431,train
14993,train
12470,train
42844,train
34320,train
8788,train
17487,train
49997,train
4221,train
15719,train
15420,train
25830,train
47482,train
36996,train
8614,train
7960,train
23850,train
41424,train
20269,train
39134,train
49042,train
34142,train
10143,train
138,train
6268,train
49582,train
28510,train
23242,train
15033,train
9485,train
37191,train
35128,train
22649,train
24322,train
32467,train
8141,train
7697,train
30997,train
25341,train
4517,train
33297,train
19162,train
10391,train
29591,train
26154,train
30898,train
8138,train
16584,train
20507,train
31621,train
29925,train
19865,train
3495,train
44386,train
24661,train
11493,train
24007,train
6519,train
9951,train
14419,train
37700,train
29315,train
18009,train
1161,train
1296,train
2166,train
24956,train
15959,train
4441,train
16261,train
7726,train
1590,train
31855,train
22665,train
46402,train
1282,train
17413,train
15118,train
9745,train
541,train
3473,train
22852,train
19591,train
8229,train
38505,train
20324,train
10053,train
45997,train
9798,train
11105,train
16418,train
5710,train
17497,train
8000,train
41103,train
12809,train
17106,train
45025,train
48673,train
46713,train
4297,train
13035,train
27791,train
40854,train
38748,train
12181,train
27144,train
5521,train
10307,train
14529,train
15053,train
16380,train
7246,train
13068,train
5847,train
31838,train
35420,train
2330,train
25993,train
47958,train
49520,train
6420,train
8967,train
36484,train
8883,train
6907,train
36509,train
46127,train
41436,train
5888,train
48406,train
30276,train
3201,train
7856,train
39451,train
28233,train
40253,train
26627,train
3208,train
26631,train
24700,train
19645,train
33555,train
30085,train
28177,train
26569,train
31360,train
30702,train
6578,train
15364,train
35989,train
21966,train
33148,train
18800,train
13597,train
13105,train
16228,train
29722,train
12955,train
26421,train
24055,train
7701,train
41315,train
2408,train
27563,train
29303,train
36025,train
36790,train
13604,train
41279,train
22357,train
48783,train
45700,train
3561,train
21715,train
3367,train
31032,train
16421,train
28945,train
23416,train
12562,train
38539,train
26570,train
22990,train
32437,train
10046,train
18612,train
27883,train
10396,train
32369,train
48084,train
20854,train
41849,train
17153,train
3958,train
4003,train
10856,train
35786,train
37389,train
38052,train
39425,train
18999,train
37119,train
16458,train
3181,train
5651,train
44246,train
49377,train
2477,train
12375,train
43139,train
25986,train
42584,train
31617,train
20524,train
41771,train
10404,train
27895,train
38901,train
45082,train
20406,train
46716,train
75,train
5496,train
24202,train
35093,train
11337,train
28503,train
4644,train
42129,train
3871,train
4565,train
23763,train
35551,train
16789,train
20809,train
47948,train
26432,train
17188,train
15238,train
27954,train
3959,train
26312,train
32850,train
12916,train
35361,train
46477,train
2349,train
19092,train
42386,train
689,train
7067,train
21668,train
43346,train
3466,train
43742,train
47573,train
3346,train
1076,train
34604,train
8164,train
18892,train
11328,train
3592,train
45630,train
17075,train
31470,train
37692,train
42012,train
2075,train
41873,train
33845,train
1849,train
35800,train
46768,train
8794,train
46032,train
30980,train
38820,train
1727,train
4450,train
38143,train
37178,train
43270,train
30351,train
44420,train
40990,train
7660,train
6327,train
10068,train
23549,train
21784,train
6045,train
1243,train
26052,train
10323,train
31730,train
45821,train
25446,train
29273,train
10663,train
33127,train
22617,train
20102,train
36955,train
30148,train
39955,train
34293,train
48788,train
48175,train
19292,train
35741,train
29851,train
39482,train
46832,train
40087,train
9341,train
27366,train
16658,train
29715,train
30934,train
43042,train
1810,train
3980,train
22746,train
23349,train
22758,train
33934,train
31911,train
49155,train
35892,train
31953,train
32741,train
17867,train
29908,train
46535,train
24056,train
47912,train
43354,train
16620,train
8351,train
43349,train
24655,train
44230,train
4629,train
31033,train
12054,train
225,train
49935,train
8004,train
39354,train
18263,train
21658,train
29182,train
21380,train
43521,train
15314,train
26469,train
14446,train
17005,train
27577,train
45327,train
5055,train
46644,train
27989,train
29222,train
22638,train
38380,train
38990,train
33133,train
5780,train
32950,train
48838,train
1692,train
613,train
36112,train
17968,train
17122,train
26785,train
16721,train
28001,train
48487,train
9662,train
43931,train
8012,train
31036,train
31037,train
338,train
27760,train
20510,train
14997,train
2754,train
27321,train
48272,train
18570,train
45051,train
36113,train
7920,train
9365,train
44407,train
21070,train
28962,train
15280,train
46979,train
43575,train
34909,train
34985,train
49119,train
16197,train
3046,train
23035,train
2210,train
15159,train
5299,train
28123,train
37043,train
1111,train
23667,train
26746,train
46684,train
6652,train
36686,train
10532,train
14682,train
18324,train
45534,train
7693,train
20576,train
2611,train
5454,train
11987,train
49717,train
40630,train
28977,train
6787,train
15306,train
49645,train
25198,train
39396,train
4645,train
9458,train
42879,train
41553,train
40319,train
32521,train
16135,train
11159,train
43397,train
18769,train
2831,train
7560,train
25238,train
13115,train
15939,train
29250,train
466,train
7603,train
47700,train
15391,train
6687,train
9899,train
46185,train
4928,train
25082,train
12053,train
40957,train
6542,train
5019,train
21459,train
18775,train
6510,train
17026,train
28099,train
38487,train
47814,train
37432,train
43769,train
8769,train
30394,train
1837,train
21348,train
36712,train
38324,train
26955,train
24536,train
42854,train
34911,train
28132,train
19582,train
24150,train
20076,train
3304,train
37037,train
33263,train
47685,train
37879,train
595,train
3076,train
28188,train
69,train
1414,train
28204,train
10562,train
8115,train
31851,train
10999,train
49039,train
7664,train
29887,train
7060,train
38095,train
28385,train
38956,train
19077,train
4022,train
44529,train
27184,train
47251,train
7994,train
15717,train
22393,train
4289,train
15621,train
36719,train
18917,train
5786,train
32729,train
34166,train
30799,train
11690,train
41413,train
597,train
9079,train
17621,train
18980,train
47313,train
16124,train
1861,train
47571,train
17650,train
12352,train
6576,train
33573,train
25127,train
21008,train
49878,train
21389,train
21236,train
734,train
16645,train
45402,train
35827,train
8956,train
38515,train
37382,train
771,train
29951,train
45937,train
31836,train
7339,train
4521,train
15111,train
35807,train
47478,train
25488,train
49789,train
38686,train
39194,train
31215,train
11986,train
25990,train
1997,train
16533,train
5571,train
41692,train
17305,train
23337,train
15349,train
46974,train
983,train
36246,train
15991,train
5503,train
12374,train
48716,train
24707,train
38944,train
3254,train
36879,train
46015,train
24344,train
19595,train
735,train
41580,train
35498,train
9766,train
13250,train
39726,train
43611,train
13683,train
16552,train
14139,train
6463,train
38494,train
18044,train
22845,train
26665,train
4193,train
17596,train
45380,train
36228,train
2004,train
43083,train
48936,train
13269,train
3272,train
4523,train
27343,train
46019,train
8826,train
30345,train
14337,train
43737,train
14720,train
44854,train
41497,train
40374,train
49889,train
44531,train
16718,train
10717,train
27543,train
8329,train
3404,train
48261,train
15540,train
44196,train
26316,train
32123,train
15108,train
28502,train
41897,train
11720,train
7749,train
11509,train
9461,train
27647,train
22125,train
74,train
26374,train
18540,train
31554,train
41967,train
32871,train
163,train
43526,train
47946,train
16984,train
14637,train
1166,train
13631,train
16214,train
45907,train
36978,train
5315,train
48016,train
23709,train
33517,train
43619,train
46232,train
40255,train
9423,train
31998,train
39689,train
37090,train
35966,train
33454,train
34893,train
9012,train
1380,train
38528,train
3905,train
25147,train
36368,train
45912,train
24335,train
46794,train
4851,train
16968,train
29456,train
16487,train
39188,train
17785,train
31283,train
40746,train
21222,train
29670,train
9505,train
211,train
12452,train
42243,train
46146,train
34280,train
30453,train
14693,train
24937,train
24535,train
26739,train
13922,train
40268,train
11582,train
28773,train
1898,train
39835,train
18525,train
39616,train
23923,train
16735,train
40907,train
44970,train
8014,train
30818,train
3852,train
24711,train
35139,train
44633,train
9502,train
47980,train
29609,train
3678,train
4305,train
29966,train
31624,train
20473,train
11353,train
43940,train
36348,train
546,train
30950,train
21820,train
38077,train
45852,train
37468,train
40737,train
3992,train
2054,train
42846,train
26363,train
3194,train
30350,train
44914,train
15242,train
41981,train
10385,train
8654,train
42900,train
44392,train
11743,train
22625,train
2100,train
7746,train
2721,train
49027,train
14633,train
46808,train
31010,train
22904,train
18316,train
11327,train
32051,train
47126,train
6966,train
19647,train
17967,train
44666,train
29293,train
3245,train
11898,train
4157,train
17361,train
24336,train
3845,train
42616,train
19637,train
9132,train
17965,train
11642,train
10704,train
12872,train
37706,train
39102,train
1416,train
245,train
43626,train
25887,train
35282,train
14701,train
16105,train
45273,train
15185,train
8414,train
36569,train
36933,train
36454,train
34603,train
20049,train
42502,train
47423,train
414,train
45772,train
28552,train
45933,train
5158,train
44699,train
39988,train
5933,train
13052,train
42769,train
4848,train
32408,train
21344,train
42096,train
6397,train
45291,train
36749,train
11224,train
48061,train
35349,train
35115,train
19535,train
4342,train
43557,train
29095,train
33616,train
35291,train
17287,train
37077,train
18381,train
21320,train
8613,train
12589,train
42789,train
23151,train
13820,train
29566,train
13364,train
48057,train
8798,train
31585,train
17312,train
48504,train
41624,train
30549,train
7708,train
41531,train
1738,train
29598,train
22846,train
3221,train
21633,train
39967,train
22659,train
44351,train
9214,train
14706,train
27511,train
10086,train
38836,train
41734,train
36951,train
30193,train
28660,train
45781,train
13243,train
16219,train
35480,train
10669,train
26167,train
27630,train
27755,train
7981,train
10153,train
19969,train
48697,train
43409,train
46025,train
49466,train
41175,train
34926,train
36726,train
1596,train
4510,train
3191,train
32042,train
8363,train
48058,train
41850,train
42064,train
21584,train
44846,train
39828,train
45609,train
1724,train
1981,train
34927,train
14753,train
32677,train
49810,train
34129,train
47156,train
5905,train
14792,train
26276,train
13164,train
30005,train
48888,train
23419,train
41082,train
47646,train
28346,train
3756,train
4067,train
46333,train
26947,train
11199,train
2791,train
9119,train
25524,train
19310,train
33712,train
37697,train
5068,train
17193,train
30556,train
21786,train
13622,train
1464,train
41951,train
8533,train
37002,train
35058,train
4815,train
11524,train
49873,train
37825,train
36776,train
33669,train
20185,train
3263,train
5457,train
806,train
25678,train
10527,train
17641,train
16756,train
32079,train
26752,train
32277,train
34352,train
18034,train
41338,train
45340,train
25687,train
42977,train
48014,train
24666,train
37448,train
4309,train
35137,train
38663,train
29540,train
3864,train
48975,train
518,train
32843,train
15756,train
22191,train
40027,train
22041,train
16121,train
22664,train
48983,train
47261,train
47939,train
9738,train
20923,train
13956,train
16745,train
43503,train
3673,train
9153,train
10645,train
41376,train
5280,train
43158,train
1465,train
44009,train
15972,train
44730,train
37256,train
15742,train
33382,train
31789,train
43159,train
27433,train
8088,train
10698,train
28234,train
36220,train
25507,train
37495,train
28176,train
7972,train
47947,train
38863,train
27620,train
41498,train
46777,train
23791,train
49477,train
13149,train
26427,train
45654,train
22856,train
1850,train
4513,train
15069,train
14862,train
13282,train
44170,train
29726,train
38308,train
10530,train
41906,train
20729,train
24965,train
9223,train
8310,train
28127,train
21406,train
44630,train
13307,train
39716,train
39428,train
17294,train
41484,train
25431,train
24679,train
42820,train
28376,train
43754,train
13466,train
22784,train
34013,train
8564,train
42207,train
19517,train
40273,train
16874,train
28004,train
48455,train
47999,train
43237,train
17833,train
4736,train
36153,train
35446,train
829,train
33159,train
39398,train
29599,train
14223,train
48265,train
49022,train
38206,train
9284,train
25248,train
14307,train
23845,train
11770,train
47514,train
30305,train
9015,train
10479,train
942,train
35659,train
43231,train
36483,train
4991,train
26077,train
961,train
44092,train
42403,train
25269,train
45033,train
10812,train
45871,train
31168,train
24309,train
13502,train
21539,train
26968,train
21913,train
717,train
42508,train
4616,train
26179,train
31198,train
58,train
41598,train
45263,train
9494,train
44963,train
18078,train
24582,train
7612,train
44840,train
19309,train
11421,train
10428,train
28086,train
21747,train
6764,train
10211,train
6701,train
46463,train
20414,train
3615,train
9291,train
997,train
12480,train
13235,train
42253,train
42519,train
40747,train
21970,train
28017,train
21130,train
3525,train
33328,train
29406,train
28738,train
32429,train
43507,train
42223,train
16310,train
673,train
43803,train
32580,train
38378,train
7997,train
46069,train
24180,train
10724,train
12857,train
34363,train
19235,train
10318,train
33002,train
17946,train
40898,train
28926,train
48745,train
3577,train
20602,train
49922,train
35488,train
19617,train
2321,train
36806,train
19282,train
11874,train
10593,train
13313,train
22011,train
49557,train
14258,train
33621,train
47191,train
34954,train
42663,train
23532,train
40377,train
38171,train
23341,train
26958,train
756,train
41478,train
45388,train
16338,train
7586,train
26795,train
9530,train
40011,train
49207,train
16078,train
49123,train
22825,train
37066,train
8267,train
43333,train
15279,train
26101,train
6847,train
40761,train
34690,train
1815,train
45579,train
18194,train
4191,train
49796,train
49315,train
39112,train
43198,train
45716,train
43146,train
3533,train
21023,train
43640,train
49782,train
15726,train
15926,train
43141,train
15636,train
29774,train
7438,train
38587,train
21313,train
15645,train
27879,train
13987,train
36197,train
23471,train
17090,train
21859,train
2355,train
30809,train
20155,train
1268,train
45305,train
26046,train
17680,train
37419,train
30726,train
36387,train
23661,train
18265,train
44622,train
30722,train
269,train
25221,train
11336,train
39286,train
40754,train
34789,train
41089,train
21763,train
38498,train
20738,train
2360,train
25898,train
37835,train
31813,train
26660,train
27128,train
39481,train
44845,train
39440,train
46443,train
49102,train
23195,train
33005,train
17279,train
45258,train
36377,train
6036,train
31405,train
23653,train
41969,train
2377,train
7460,train
27258,train
35837,train
46369,train
20035,train
13077,train
34390,train
47270,train
35663,train
3043,train
5868,train
39959,train
7699,train
49438,train
16724,train
9384,train
41796,train
37209,train
36857,train
5708,train
9459,train
43669,train
38319,train
13032,train
32033,train
7502,train
39574,train
2289,train
39292,train
5149,train
48916,train
2226,train
19780,train
23759,train
24921,train
12192,train
35787,train
32300,train
38336,train
36355,train
20031,train
22503,train
14245,train
2722,train
48759,train
19970,train
1549,train
30403,train
49833,train
12212,train
24455,train
17098,train
12187,train
38602,train
46730,train
8931,train
27522,train
8120,train
5946,train
7465,train
21135,train
49469,train
46661,train
39093,train
4203,train
11221,train
3795,train
37163,train
21990,train
23488,train
7498,train
6278,train
38879,train
19108,train
48071,train
36553,train
2199,train
20341,train
27154,train
48152,train
41262,train
14939,train
12533,train
11875,train
31472,train
4115,train
31933,train
27472,train
36461,train
38830,train
17100,train
39518,train
13945,train
30363,train
39074,train
1705,train
31872,train
9793,train
27970,train
42908,train
13762,train
879,train
8515,train
10465,train
24832,train
34136,train
35984,train
21127,train
40103,train
46366,train
12152,train
389,train
18992,train
38363,train
16335,train
25271,train
10576,train
47181,train
43718,train
22547,train
46984,train
5434,train
2047,train
15093,train
44388,train
48940,train
3066,train
42270,train
29840,train
42289,train
31505,train
9019,train
6158,train
47667,train
11530,train
4270,train
24728,train
36049,train
21605,train
9849,train
29417,train
17885,train
42887,train
24699,train
495,train
24786,train
4861,train
7720,train
32045,train
17321,train
40277,train
29308,train
18290,train
16028,train
16516,train
1930,train
47656,train
8192,train
15192,train
33042,train
42379,train
37211,train
14076,train
47205,train
36649,train
15344,train
19133,train
31752,train
9691,train
45276,train
15098,train
20833,train
25590,train
17205,train
13203,train
7405,train
1509,train
23734,train
22362,train
3096,train
15040,train
23765,train
17729,train
26270,train
6964,train
49126,train
48520,train
6528,train
3873,train
35130,train
9575,train
21902,train
1292,train
15912,train
37260,train
47195,train
39508,train
10293,train
700,train
42823,train
9893,train
2530,train
46010,train
40099,train
29970,train
26742,train
38890,train
13865,train
18681,train
24918,train
39976,train
28755,train
37463,train
4349,train
7044,train
44949,train
29643,train
2653,train
45517,train
37234,train
9918,train
23271,train
25607,train
4353,train
7291,train
10133,train
3736,train
17852,train
46545,train
17491,train
20114,train
49556,train
39231,train
49874,train
6119,train
14805,train
20425,train
42965,train
35109,train
11448,train
23008,train
28753,train
2048,train
14043,train
23712,train
30174,train
11161,train
665,train
39228,train
14984,train
14362,train
35943,train
17432,train
23932,train
9141,train
38254,train
42612,train
31483,train
39297,train
40809,train
31800,train
47644,train
25113,train
35029,train
45423,train
4538,train
26157,train
9699,train
47711,train
3497,train
1929,train
24574,train
4118,train
25561,train
305,train
29654,train
38571,train
25311,train
21375,train
15270,train
48221,train
32967,train
48782,train
28923,train
6821,train
22382,train
15102,train
8609,train
27435,train
426,train
38542,train
34774,train
19868,train
37822,train
33276,train
39760,train
29552,train
1184,train
47737,train
4803,train
37718,train
32392,train
40742,train
18759,train
48401,train
48010,train
46811,train
29008,train
32495,train
3900,train
5762,train
2515,train
9212,train
32568,train
6364,train
38033,train
36733,train
22572,train
42248,train
33821,train
7342,train
8981,train
39261,train
45146,train
3148,train
6221,train
24086,train
4079,train
49405,train
37866,train
16385,train
5869,train
15453,train
27131,train
10041,train
48134,train
49667,train
13314,train
44834,train
25775,train
33978,train
32221,train
17227,train
22628,train
41970,train
8946,train
24830,train
36893,train
4927,train
353,train
11349,train
17037,train
44511,train
7943,train
48616,train
46856,train
23426,train
9673,train
41350,train
38818,train
49506,train
32448,train
538,train
40963,train
41914,train
22244,train
44141,train
47930,train
3742,train
37584,train
16021,train
10348,train
3104,train
9522,train
45565,train
13821,train
26915,train
12948,train
35956,train
31507,train
22559,train
45438,train
34121,train
9723,train
31196,train
45943,train
34709,train
5508,train
19864,train
31993,train
40411,train
25749,train
43164,train
31659,train
6130,train
57,train
23413,train
14004,train
8973,train
33179,train
11843,train
17123,train
39328,train
10874,train
36416,train
4735,train
2702,train
9447,train
43459,train
9017,train
19862,train
650,train
18786,train
41868,train
7481,train
22380,train
16411,train
47178,train
2415,train
43366,train
14309,train
15558,train
6425,train
1449,train
42654,train
11864,train
3999,train
11139,train
8007,train
18497,train
1415,train
28893,train
22816,train
30121,train
27252,train
32545,train
20861,train
2440,train
27077,train
47183,train
15644,train
43210,train
38439,train
45763,train
13621,train
30466,train
31019,train
14766,train
4302,train
20505,train
15513,train
20121,train
28304,train
35337,train
279,train
40801,train
19237,train
4462,train
47673,train
18997,train
30796,train
5365,train
35526,train
41440,train
29421,train
34567,train
40502,train
18014,train
46823,train
33849,train
1200,train
33533,train
47653,train
47342,train
49933,train
29171,train
20398,train
1918,train
29354,train
43315,train
20785,train
600,train
49535,train
9246,train
9747,train
18204,train
18599,train
19603,train
7836,train
15664,train
18729,train
48384,train
6606,train
29534,train
10558,train
4089,train
46654,train
45070,train
30630,train
48483,train
20255,train
9772,train
11500,train
38980,train
7499,train
41713,train
25472,train
42005,train
27297,train
46975,train
3797,train
19564,train
33691,train
42542,train
28570,train
20371,train
44364,train
36761,train
21481,train
48262,train
17718,train
41133,train
21757,train
21825,train
8230,train
30316,train
1655,train
28253,train
29853,train
30188,train
43478,train
41809,train
2449,train
5995,train
47326,train
20151,train
31047,train
14922,train
6718,train
30123,train
43209,train
44709,train
8274,train
12015,train
42889,train
21383,train
780,train
26333,train
23725,train
29940,train
16624,train
40870,train
33695,train
5080,train
27372,train
13501,train
37526,train
41156,train
45920,train
36971,train
7896,train
34122,train
28208,train
8627,train
22849,train
38124,train
38831,train
42762,train
36861,train
18817,train
1761,train
45551,train
37766,train
17764,train
30199,train
5049,train
9574,train
13779,train
4377,train
37704,train
1152,train
13585,train
24564,train
12799,train
45705,train
6967,train
14847,train
45464,train
29618,train
13135,train
21199,train
11603,train
27649,train
42733,train
19007,train
39236,train
29948,train
43952,train
10081,train
21525,train
30016,train
4039,train
13947,train
42292,train
43263,train
5715,train
22410,train
31259,train
12261,train
47767,train
23883,train
18065,train
34407,train
48803,train
4681,train
35548,train
9892,train
11503,train
35516,train
4894,train
874,train
26297,train
12866,train
45481,train
19555,train
9991,train
27689,train
19035,train
258,train
5126,train
44185,train
26137,train
14118,train
24045,train
8123,train
28676,train
38825,train
2810,train
32066,train
41919,train
31439,train
35121,train
42863,train
32654,train
21650,train
17451,train
35246,train
39625,train
18439,train
12288,train
10140,train
14519,train
21096,train
16972,train
31207,train
32442,train
18928,train
33473,train
20474,train
3974,train
11112,train
33069,train
47263,train
31820,train
17394,train
49305,train
49941,train
2713,train
43704,train
33942,train
18280,train
18448,train
27526,train
28916,train
40751,train
39692,train
6839,train
46657,train
1407,train
31363,train
20415,train
14203,train
43673,train
2665,train
28338,train
47445,train
18216,train
17931,train
10227,train
44221,train
32628,train
20828,train
3858,train
9945,train
21644,train
4334,train
18046,train
30831,train
46197,train
43843,train
37849,train
1558,train
7214,train
35870,train
8174,train
20814,train
29804,train
14455,train
1629,train
40516,train
21016,train
33626,train
23274,train
43369,train
18790,train
13709,train
23068,train
43921,train
38078,train
31878,train
12926,train
4813,train
32758,train
5775,train
40383,train
36603,train
6337,train
5562,train
19073,train
4423,train
3169,train
35546,train
30996,train
7325,train
24985,train
17705,train
47070,train
23859,train
29364,train
15938,train
38996,train
9049,train
45984,train
37021,train
7373,train
3022,train
32068,train
19427,train
8996,train
8580,train
41964,train
6421,train
39776,train
21943,train
35813,train
32190,train
29486,train
36284,train
46194,train
48073,train
29096,train
10751,train
23045,train
48206,train
1140,train
775,train
5078,train
19750,train
49541,train
11846,train
37437,train
41866,train
20172,train
38557,train
10765,train
40724,train
34359,train
20835,train
39514,train
47916,train
48556,train
18187,train
27774,train
46697,train
33016,train
24559,train
39212,train
14643,train
8935,train
22044,train
48333,train
18222,train
39749,train
12742,train
7330,train
6457,train
45324,train
6657,train
13483,train
13701,train
49635,train
28727,train
32038,train
42053,train
429,train
22760,train
303,train
16036,train
34384,train
26018,train
30071,train
31317,train
17896,train
45187,train
27356,train
185,train
29897,train
6919,train
15700,train
24820,train
7561,train
15232,train
12353,train
16093,train
29998,train
39364,train
13475,train
33237,train
35200,train
818,train
47225,train
1770,train
39679,train
41721,train
20947,train
3709,train
8253,train
39824,train
35572,train
19174,train
2718,train
23853,train
32431,train
40738,train
22914,train
49350,train
43834,train
8091,train
35918,train
47993,train
8667,train
16004,train
14685,train
34822,train
17308,train
38172,train
15442,train
19042,train
8226,train
29883,train
30181,train
19735,train
23458,train
31697,train
6942,train
10809,train
34473,train
37775,train
46976,train
22538,train
8180,train
9156,train
12949,train
39526,train
28044,train
22757,train
20069,train
28308,train
26741,train
32400,train
5213,train
32884,train
49907,train
22365,train
5407,train
46771,train
34138,train
608,train
24234,train
25416,train
16556,train
13290,train
35038,train
22687,train
34251,train
48596,train
46432,train
22774,train
43989,train
46083,train
18493,train
51,train
22690,train
4607,train
12908,train
38718,train
10911,train
36673,train
43710,train
26252,train
8034,train
17467,train
6568,train
29424,train
37917,train
41939,train
4978,train
40304,train
43587,train
40237,train
16010,train
29165,train
5956,train
33506,train
43901,train
28358,train
20051,train
25536,train
1910,train
35170,train
24178,train
48418,train
35765,train
30697,train
19262,train
34464,train
38166,train
14536,train
46726,train
4469,train
27298,train
47119,train
27265,train
7602,train
13179,train
14308,train
45460,train
41544,train
22100,train
48967,train
4514,train
4847,train
41777,train
11395,train
43480,train
22965,train
43367,train
16606,train
21251,train
30528,train
10177,train
38444,train
21713,train
32921,train
41895,train
391,train
9283,train
20958,train
37500,train
47266,train
6580,train
24482,train
2234,train
11866,train
13784,train
11885,train
30255,train
44449,train
30,train
39397,train
24100,train
37922,train
20370,train
16282,train
19749,train
41693,train
43,train
28751,train
28975,train
22139,train
30206,train
37628,train
11054,train
27808,train
9043,train
8113,train
3829,train
11860,train
29172,train
25231,train
37880,train
12885,train
18430,train
37374,train
26408,train
12569,train
31304,train
6282,train
48785,train
35852,train
3450,train
9684,train
41893,train
20086,train
29188,train
22073,train
7494,train
26017,train
45652,train
41106,train
36675,train
9520,train
48034,train
39456,train
6913,train
4912,train
2512,train
42436,train
29905,train
16265,train
3069,train
37147,train
47125,train
29708,train
33035,train
24000,train
10290,train
17239,train
29728,train
7597,train
28054,train
5875,train
23131,train
28719,train
2071,train
43624,train
42706,train
11531,train
22419,train
20856,train
34583,train
23944,train
9192,train
42165,train
48376,train
38119,train
33784,train
36476,train
1940,train
30452,train
7313,train
39257,train
6334,train
39244,train
32942,train
21295,train
27574,train
49612,train
11134,train
44602,train
40127,train
18042,train
43126,train
43215,train
736,train
6769,train
46219,train
3605,train
15697,train
13894,train
30080,train
979,train
17921,train
18883,train
8655,train
16609,train
16828,train
21468,train
35249,train
44807,train
33125,train
36993,train
18106,train
21693,train
37993,train
1355,train
23968,train
9697,train
1349,train
37115,train
40637,train
46698,train
1611,train
42692,train
27171,train
19009,train
35047,train
39717,train
11300,train
26321,train
48885,train
15257,train
38575,train
4327,train
29266,train
20491,train
7512,train
25534,train
19017,train
40794,train
27327,train
40000,train
9605,train
24357,train
49647,train
18196,train
4427,train
26287,train
34325,train
11606,train
35726,train
35362,train
12575,train
27091,train
14036,train
39772,train
39122,train
4748,train
47616,train
21810,train
26694,train
15832,train
30409,train
46538,train
45213,train
3501,train
1162,train
36498,train
25270,train
7185,train
23043,train
6339,train
28012,train
17525,train
41729,train
14565,train
42933,train
37812,train
47166,train
14404,train
49831,train
30404,train
23495,train
35197,train
21337,train
31253,train
3710,train
37402,train
38896,train
12637,train
7374,train
15652,train
40619,train
32811,train
13294,train
23059,train
49113,train
18938,train
1179,train
4577,train
20950,train
45518,train
21021,train
29376,train
24260,train
26373,train
30864,train
4204,train
25939,train
28761,train
40308,train
9900,train
35418,train
48389,train
33753,train
30482,train
44153,train
4936,train
14436,train
25042,train
20860,train
17433,train
4264,train
1747,train
8393,train
42839,train
2872,train
38847,train
9973,train
1198,train
32666,train
28389,train
47527,train
27861,train
37466,train
45289,train
44325,train
47007,train
20119,train
8387,train
27232,train
17996,train
31816,train
4934,train
23283,train
14182,train
26726,train
12455,train
4658,train
42982,train
23533,train
47036,train
5471,train
29577,train
2692,train
27728,train
48409,train
41291,train
21848,train
6658,train
7306,train
22953,train
39536,train
1295,train
41037,train
5018,train
11020,train
44052,train
18637,train
8026,train
28524,train
30232,train
7536,train
21343,train
30060,train
23767,train
10461,train
2970,train
40649,train
18581,train
25769,train
36235,train
44677,train
35637,train
18656,train
12731,train
8977,train
4390,train
32648,train
24997,train
363,train
12657,train
17620,train
30824,train
30465,train
9615,train
14488,train
43122,train
54,train
28662,train
35004,train
14865,train
17767,train
32126,train
10005,train
17114,train
46607,train
2374,train
43559,train
40398,train
24818,train
26792,train
21061,train
7884,train
3081,train
39532,train
4553,train
33920,train
17618,train
15638,train
28804,train
47267,train
4675,train
16749,train
22050,train
30609,train
17762,train
9782,train
49368,train
3975,train
48106,train
27119,train
629,train
35208,train
8346,train
35590,train
21622,train
17156,train
25635,train
43655,train
14897,train
10959,train
39355,train
22180,train
20751,train
42212,train
29305,train
40756,train
21606,train
32934,train
45470,train
20893,train
32632,train
42009,train
37118,train
37068,train
4443,train
27048,train
25065,train
38669,train
31241,train
11207,train
4605,train
2255,train
12255,train
48382,train
4222,train
19038,train
14994,train
22012,train
11102,train
49115,train
32838,train
25303,train
22068,train
48627,train
19027,train
19394,train
11803,train
40887,train
38373,train
47311,train
23569,train
9942,train
43142,train
24098,train
23578,train
34357,train
25161,train
7223,train
18022,train
40424,train
24603,train
20565,train
44378,train
44676,train
5542,train
49231,train
29688,train
15481,train
49801,train
8886,train
9962,train
33607,train
35531,train
34939,train
47520,train
15750,train
29558,train
6696,train
38644,train
18409,train
37306,train
41582,train
48468,train
3985,train
5804,train
12791,train
21362,train
39107,train
31147,train
34891,train
15952,train
24373,train
46915,train
12324,train
39217,train
42570,train
37916,train
49580,train
24990,train
35198,train
26563,train
48429,train
34153,train
19296,train
45248,train
29611,train
30101,train
8111,train
2674,train
2069,train
18159,train
2827,train
31567,train
37988,train
18812,train
37907,train
1008,train
6513,train
487,train
38239,train
41250,train
3571,train
18094,train
5879,train
33587,train
12358,train
39552,train
33247,train
19261,train
13616,train
44483,train
30297,train
33184,train
8273,train
36107,train
37716,train
3291,train
10581,train
49753,train
42365,train
28901,train
48928,train
22576,train
40606,train
5876,train
15029,train
49483,train
41697,train
28528,train
16150,train
35955,train
44651,train
33910,train
42272,train
45740,train
21577,train
27911,train
46569,train
30210,train
18378,train
21401,train
44957,train
49176,train
49028,train
35199,train
30143,train
20082,train
35608,train
23348,train
20287,train
19206,train
10688,train
36702,train
45586,train
49318,train
38483,train
8173,train
26278,train
9652,train
45765,train
28436,train
44953,train
46022,train
42656,train
37285,train
28357,train
40986,train
10009,train
31098,train
33768,train
33805,train
41977,train
10346,train
1346,train
33917,train
39740,train
26854,train
10493,train
39170,train
14027,train
33177,train
39491,train
42739,train
7566,train
3951,train
10283,train
24091,train
47821,train
26206,train
33931,train
40599,train
7337,train
32698,train
19952,train
1146,train
12267,train
17139,train
31064,train
29109,train
1417,train
34831,train
2444,train
9332,train
6603,train
29639,train
6310,train
1413,train
15594,train
46367,train
13874,train
15010,train
34299,train
30400,train
988,train
46603,train
2436,train
37677,train
20294,train
8103,train
27140,train
5360,train
3266,train
33430,train
38452,train
28566,train
34991,train
27116,train
30645,train
49077,train
27497,train
14081,train
33091,train
47360,train
21470,train
7690,train
9560,train
42816,train
32720,train
49044,train
28040,train
6456,train
27899,train
33966,train
14968,train
48767,train
16188,train
48635,train
12398,train
1508,train
6955,train
19259,train
27244,train
22284,train
10642,train
26635,train
49187,train
29506,train
41324,train
40301,train
7327,train
3251,train
34174,train
15728,train
30348,train
25150,train
3110,train
41528,train
30191,train
4942,train
72,train
21415,train
23003,train
12519,train
3505,train
1376,train
12759,train
10929,train
26151,train
22565,train
45968,train
21988,train
18386,train
15528,train
41016,train
20360,train
45545,train
37513,train
14724,train
36986,train
45465,train
17538,train
9205,train
2546,train
4910,train
35147,train
47662,train
25285,train
16925,train
4971,train
37426,train
19106,train
34213,train
20106,train
36214,train
6482,train
15022,train
40563,train
1438,train
28583,train
49396,train
24729,train
15078,train
32145,train
3106,train
28950,train
21324,train
29983,train
5059,train
29469,train
43254,train
10019,train
32332,train
46933,train
24943,train
39223,train
6365,train
5413,train
31352,train
46399,train
21399,train
12694,train
7752,train
49188,train
30798,train
34585,train
24871,train
40190,train
35474,train
10237,train
19186,train
29595,train
25595,train
13299,train
48181,train
2892,train
1320,train
1022,train
10827,train
28705,train
19999,train
46414,train
11443,train
44145,train
34182,train
31371,train
15450,train
22004,train
744,train
22418,train
42543,train
26489,train
3819,train
31531,train
8926,train
41114,train
10637,train
18148,train
29105,train
13230,train
1947,train
33638,train
39500,train
35923,train
4981,train
25386,train
26656,train
20402,train
30381,train
18056,train
9743,train
40077,train
44816,train
30584,train
26130,train
43207,train
13095,train
43206,train
20977,train
1491,train
3766,train
14297,train
1373,train
5375,train
37958,train
38735,train
20358,train
38266,train
31045,train
21741,train
21985,train
17129,train
26306,train
48374,train
5789,train
11873,train
27749,train
21724,train
12217,train
17754,train
40657,train
42580,train
5518,train
6280,train
38729,train
36378,train
10192,train
6533,train
30270,train
48855,train
15461,train
48349,train
4766,train
11430,train
9111,train
19655,train
2698,train
24626,train
21889,train
43359,train
19604,train
2652,train
10708,train
38051,train
35082,train
1562,train
25633,train
18412,train
47138,train
7262,train
22700,train
11391,train
30265,train
15340,train
14330,train
17883,train
12057,train
30913,train
26826,train
5381,train
28981,train
4358,train
23795,train
44125,train
21768,train
408,train
14287,train
37449,train
32301,train
24454,train
40123,train
41057,train
23125,train
13423,train
16617,train
41322,train
11795,train
2181,train
25915,train
34399,train
2400,train
4360,train
49865,train
11341,train
40265,train
310,train
19800,train
43583,train
4251,train
18772,train
31188,train
14925,train
45029,train
17502,train
28238,train
12997,train
10531,train
48235,train
24794,train
20075,train
9252,train
10389,train
36100,train
32996,train
21254,train
5121,train
7522,train
40815,train
4446,train
15080,train
46346,train
20915,train
15891,train
25239,train
3451,train
32242,train
12604,train
742,train
6295,train
42151,train
13878,train
44776,train
10183,train
6083,train
34075,train
35532,train
5560,train
8638,train
24844,train
8557,train
43046,train
11310,train
26638,train
15259,train
9524,train
36794,train
31087,train
9107,train
45477,train
14672,train
12933,train
31797,train
10347,train
4832,train
49959,train
43905,train
22678,train
33855,train
38085,train
42658,train
12776,train
13499,train
35283,train
35563,train
45112,train
27206,train
34147,train
35600,train
10343,train
8508,train
6916,train
20304,train
49019,train
31571,train
11585,train
42495,train
23196,train
20004,train
13442,train
14470,train
39344,train
26643,train
20694,train
45075,train
38679,train
1339,train
28617,train
24929,train
45644,train
40731,train
2329,train
35024,train
27803,train
43072,train
25328,train
26674,train
34252,train
20978,train
23951,train
24489,train
2022,train
40404,train
42507,train
8217,train
7523,train
31562,train
12058,train
45782,train
4862,train
43764,train
18720,train
27039,train
19629,train
25842,train
34475,train
18093,train
20755,train
21287,train
15740,train
14946,train
29926,train
16144,train
18944,train
34830,train
46363,train
34038,train
28301,train
5794,train
8846,train
2519,train
33683,train
15933,train
25240,train
17149,train
33037,train
3917,train
10071,train
36734,train
15034,train
14202,train
40075,train
6995,train
8577,train
18073,train
42504,train
25275,train
45467,train
33703,train
12482,train
16989,train
33789,train
20191,train
18369,train
12050,train
19316,train
12842,train
44450,train
11138,train
42856,train
26465,train
25190,train
44825,train
11056,train
16934,train
35748,train
6973,train
17745,train
24291,train
6375,train
10846,train
4539,train
29071,train
29124,train
22919,train
15764,train
14268,train
38870,train
11356,train
38762,train
11949,train
34594,train
49524,train
35858,train
20437,train
28784,train
24652,train
37418,train
44634,train
41603,train
17021,train
13936,train
9719,train
3876,train
7800,train
38230,train
44906,train
41791,train
39676,train
20481,train
1667,train
33927,train
48932,train
23147,train
5242,train
701,train
47628,train
26691,train
11299,train
36346,train
20096,train
16964,train
47213,train
37908,train
13453,train
43043,train
38101,train
44805,train
29268,train
10272,train
30879,train
24383,train
33455,train
22246,train
47509,train
24424,train
31237,train
23142,train
10586,train
2043,train
23230,train
10572,train
1284,train
913,train
22716,train
14115,train
48602,train
26908,train
48708,train
42025,train
26262,train
17752,train
33173,train
1780,train
27225,train
4714,train
39643,train
18940,train
15971,train
49611,train
35993,train
24540,train
1582,train
26830,train
23616,train
34666,train
34022,train
11146,train
7407,train
13463,train
43411,train
29886,train
49295,train
18297,train
24748,train
10149,train
27305,train
37491,train
25474,train
15935,train
44508,train
40309,train
39433,train
48719,train
7490,train
19209,train
35684,train
46800,train
2625,train
24841,train
19814,train
46593,train
21978,train
29038,train
34744,train
38473,train
34004,train
22726,train
30919,train
22842,train
24442,train
23645,train
34625,train
20649,train
48444,train
10895,train
4746,train
24282,train
15647,train
48691,train
33870,train
8171,train
25714,train
19039,train
30510,train
1052,train
49770,train
4859,train
30455,train
31260,train
31682,train
6406,train
19929,train
49107,train
43537,train
16982,train
44452,train
45136,train
971,train
7351,train
19986,train
42561,train
18061,train
39384,train
5408,train
35205,train
24370,train
21595,train
18736,train
37794,train
48052,train
18660,train
45896,train
20702,train
9440,train
25033,train
6166,train
37778,train
1025,train
18748,train
2541,train
34916,train
21967,train
37231,train
2691,train
14413,train
23108,train
6741,train
27772,train
34043,train
3588,train
1064,train
31222,train
40250,train
15148,train
23362,train
31879,train
32257,train
37207,train
31434,train
1556,train
38816,train
889,train
25676,train
42115,train
39003,train
22591,train
42640,train
13389,train
18773,train
45557,train
37507,train
41337,train
37398,train
32885,train
42220,train
31150,train
32770,train
39011,train
41136,train
36798,train
33813,train
10881,train
1708,train
5934,train
48813,train
28019,train
4678,train
18657,train
34097,train
19606,train
18554,train
18753,train
40633,train
31771,train
4923,train
18306,train
13126,train
8770,train
32111,train
11618,train
23693,train
24235,train
2618,train
26397,train
40207,train
49748,train
15535,train
24968,train
17167,train
20641,train
34368,train
19579,train
25056,train
17430,train
29631,train
28818,train
5991,train
32753,train
683,train
32196,train
1462,train
41039,train
2448,train
2188,train
265,train
41435,train
873,train
28613,train
48529,train
663,train
14122,train
35554,train
6595,train
9412,train
8621,train
48815,train
3963,train
44132,train
12697,train
19678,train
20516,train
22452,train
42310,train
48118,train
27678,train
16710,train
48939,train
30180,train
13112,train
40305,train
3074,train
46071,train
36899,train
39654,train
21066,train
15568,train
7654,train
17338,train
25865,train
39388,train
11406,train
28405,train
26813,train
34421,train
7682,train
215,train
33417,train
7685,train
7451,train
47080,train
18134,train
47461,train
19690,train
42118,train
22060,train
43403,train
40867,train
17172,train
49888,train
2500,train
15838,train
35722,train
32961,train
9853,train
19029,train
10104,train
46377,train
16438,train
7109,train
4760,train
11712,train
40363,train
8484,train
33262,train
39933,train
33485,train
21509,train
32494,train
17859,train
48276,train
41530,train
32819,train
3068,train
27043,train
5497,train
2326,train
24301,train
3484,train
26269,train
13413,train
47684,train
13989,train
21162,train
2893,train
44828,train
49623,train
11978,train
4389,train
49804,train
18533,train
37830,train
34707,train
32444,train
2699,train
4875,train
34300,train
39519,train
27189,train
33939,train
39060,train
39764,train
29879,train
945,train
33975,train
42815,train
5199,train
19434,train
2116,train
48731,train
5039,train
2667,train
12306,train
37978,train
48884,train
34834,train
15837,train
512,train
6465,train
4056,train
12432,train
30886,train
36830,train
16695,train
22353,train
38778,train
21748,train
28534,train
1660,train
6723,train
21244,train
43386,train
25796,train
21816,train
15207,train
11913,train
4599,train
27145,train
9084,train
7816,train
32307,train
13010,train
723,train
38116,train
27488,train
47941,train
5451,train
30006,train
1887,train
5309,train
19963,train
26237,train
33664,train
26763,train
20739,train
43701,train
15483,train
12162,train
2223,train
7773,train
12128,train
16157,train
22207,train
14981,train
13766,train
4233,train
46027,train
42051,train
49484,train
8100,train
15132,train
20148,train
27045,train
15973,train
15902,train
2417,train
40491,train
45233,train
15875,train
34202,train
49073,train
2656,train
41239,train
15301,train
18761,train
19669,train
29955,train
20776,train
42521,train
861,train
33787,train
31311,train
29425,train
21581,train
43038,train
15065,train
27656,train
25609,train
20135,train
15384,train
33802,train
9688,train
14017,train
32562,train
34447,train
11432,train
49130,train
16722,train
5965,train
39340,train
36103,train
19210,train
25774,train
33615,train
41800,train
35829,train
12858,train
940,train
28315,train
43638,train
27249,train
17171,train
24816,train
30014,train
43078,train
32100,train
13963,train
44507,train
35667,train
25478,train
11683,train
31209,train
5743,train
4145,train
34394,train
36291,train
22720,train
11333,train
46179,train
36769,train
8333,train
46543,train
43491,train
31736,train
35463,train
1266,train
24163,train
4214,train
30459,train
15400,train
25723,train
14274,train
4093,train
3659,train
32002,train
27106,train
13727,train
4075,train
37725,train
32382,train
8680,train
21076,train
11070,train
30290,train
3395,train
15531,train
12441,train
405,train
32310,train
30382,train
46244,train
43674,train
3307,train
14708,train
38224,train
23181,train
46423,train
19087,train
44550,train
34381,train
248,train
607,train
43413,train
33383,train
36002,train
31012,train
10122,train
6737,train
24992,train
17728,train
10078,train
44022,train
20012,train
8371,train
42821,train
45266,train
11205,train
44314,train
19098,train
46802,train
29247,train
171,train
67,train
31279,train
35934,train
35798,train
713,train
30596,train
10436,train
43891,train
8025,train
9935,train
13124,train
45918,train
35466,train
49131,train
12262,train
33228,train
14905,train
43966,train
26644,train
27796,train
7161,train
14493,train
6627,train
8261,train
33859,train
13673,train
2176,train
8032,train
39393,train
26085,train
13158,train
46488,train
16267,train
9197,train
19338,train
19011,train
41431,train
22612,train
17635,train
18886,train
8587,train
22272,train
32417,train
46006,train
11579,train
48304,train
15143,train
29888,train
12568,train
40365,train
19468,train
8853,train
5523,train
26869,train
12518,train
1312,train
6022,train
17382,train
2247,train
22558,train
10013,train
48354,train
22091,train
40051,train
23561,train
2590,train
45757,train
17238,train
12330,train
16836,train
14712,train
17835,train
34233,train
23713,train
11802,train
19076,train
8381,train
31811,train
1514,train
16441,train
43508,train
36482,train
20727,train
7873,train
41923,train
14475,train
41779,train
1652,train
39018,train
30760,train
3165,train
17436,train
7557,train
40886,train
29240,train
19816,train
15563,train
17301,train
8643,train
6382,train
45111,train
26062,train
1725,train
1610,train
32619,train
7188,train
3008,train
19533,train
34647,train
30933,train
43464,train
48837,train
43956,train
10247,train
45590,train
9497,train
37354,train
97,train
37157,train
32316,train
18010,train
8069,train
22790,train
39260,train
47190,train
232,train
31077,train
35693,train
30666,train
498,train
30759,train
47035,train
5403,train
44512,train
2704,train
44870,train
9340,train
32362,train
2315,train
16066,train
25604,train
7611,train
48453,train
33810,train
49948,train
4180,train
48104,train
41832,train
13603,train
39249,train
24238,train
41961,train
48151,train
33800,train
47854,train
24908,train
40861,train
393,train
29627,train
46158,train
690,train
27648,train
11495,train
10406,train
9475,train
8720,train
10578,train
12563,train
16200,train
8601,train
36480,train
18608,train
44047,train
40640,train
25704,train
29781,train
39430,train
47820,train
26113,train
47933,train
40197,train
49175,train
49239,train
43422,train
49128,train
4261,train
39458,train
25300,train
37142,train
49712,train
15723,train
11127,train
22426,train
25525,train
10135,train
18678,train
14483,train
19136,train
20117,train
16740,train
28181,train
6616,train
13528,train
11433,train
7221,train
25166,train
5616,train
2949,train
37400,train
4668,train
14107,train
315,train
10882,train
30028,train
48123,train
26053,train
8725,train
10382,train
23685,train
24801,train
18077,train
48787,train
41593,train
24773,train
14226,train
45736,train
2288,train
15076,train
9344,train
30800,train
13852,train
14541,train
38296,train
10734,train
7484,train
47268,train
5758,train
17069,train
41848,train
27604,train
40513,train
32855,train
32476,train
31966,train
42293,train
38852,train
13228,train
18921,train
39008,train
44495,train
4114,train
35728,train
10376,train
1543,train
17230,train
9105,train
16843,train
13353,train
36512,train
24429,train
38568,train
44210,train
5953,train
28312,train
38601,train
38930,train
11540,train
11999,train
16128,train
12794,train
14857,train
26378,train
42390,train
49013,train
38125,train
12762,train
48675,train
45594,train
9492,train
28453,train
5417,train
16356,train
11883,train
47095,train
41905,train
35375,train
21136,train
30402,train
21108,train
14452,train
17882,train
8211,train
14930,train
39504,train
7721,train
21843,train
15940,train
48877,train
29206,train
19740,train
8879,train
3761,train
7962,train
27612,train
40337,train
13219,train
35126,train
32865,train
1169,train
47065,train
21546,train
25256,train
44025,train
14773,train
31735,train
28407,train
41383,train
19313,train
26513,train
36793,train
18342,train
41907,train
19979,train
1976,train
6850,train
6161,train
49329,train
44375,train
26807,train
49596,train
22075,train
17434,train
2774,train
3965,train
13017,train
28318,train
14124,train
16566,train
10353,train
36391,train
1148,train
29500,train
47441,train
5370,train
26538,train
29950,train
32425,train
20477,train
32682,train
28987,train
4237,train
30223,train
9057,train
16602,train
4613,train
2207,train
12911,train
24741,train
49627,train
9596,train
18356,train
8693,train
13479,train
26686,train
49807,train
47534,train
15746,train
46955,train
40935,train
17086,train
18033,train
48780,train
39572,train
40812,train
22059,train
28522,train
46965,train
29187,train
13188,train
23446,train
37397,train
29388,train
6355,train
48358,train
43410,train
23975,train
36442,train
29620,train
15214,train
24920,train
18067,train
11260,train
44842,train
36450,train
11452,train
108,train
9472,train
34749,train
7145,train
45497,train
6963,train
10334,train
9093,train
18120,train
35990,train
1863,train
17673,train
39961,train
2480,train
38782,train
24272,train
27418,train
20625,train
11523,train
28658,train
6773,train
46379,train
20812,train
47549,train
38912,train
33998,train
20511,train
10556,train
13643,train
25264,train
14162,train
10174,train
24380,train
4480,train
22332,train
48989,train
37886,train
32606,train
9533,train
46818,train
3808,train
17610,train
2605,train
22853,train
46047,train
5760,train
34477,train
36386,train
49980,train
11995,train
957,train
30827,train
6819,train
49698,train
7841,train
39226,train
49812,train
4006,train
40573,train
14092,train
36618,train
12796,train
44858,train
23766,train
457,train
10045,train
45900,train
2857,train
5797,train
38771,train
22987,train
35475,train
31296,train
28607,train
2865,train
36281,train
5053,train
49397,train
19293,train
25134,train
16350,train
8588,train
6335,train
8576,train
951,train
23208,train
14690,train
29338,train
36012,train
31666,train
17668,train
30291,train
49637,train
29122,train
4396,train
22088,train
16208,train
38726,train
39583,train
47503,train
8278,train
5535,train
19841,train
7071,train
4243,train
23823,train
41578,train
11251,train
38468,train
15877,train
3566,train
12233,train
43240,train
6057,train
33535,train
9023,train
9950,train
11886,train
43467,train
15669,train
19860,train
38780,train
46515,train
11595,train
5971,train
10476,train
3126,train
42808,train
21093,train
18200,train
23952,train
40420,train
32717,train
38672,train
5582,train
22153,train
33864,train
18708,train
38235,train
40654,train
20228,train
20296,train
29890,train
39715,train
49510,train
7039,train
23939,train
48562,train
11834,train
47864,train
13009,train
36814,train
6697,train
1300,train
31108,train
45842,train
15216,train
22940,train
1457,train
30126,train
8976,train
45405,train
9305,train
10716,train
32262,train
45229,train
2861,train
41882,train
32692,train
8988,train
34580,train
26693,train
46953,train
49427,train
28618,train
28679,train
22057,train
24555,train
16714,train
33661,train
20356,train
35672,train
5350,train
29601,train
24304,train
27051,train
27446,train
29230,train
46648,train
28352,train
44582,train
15414,train
21994,train
16604,train
11380,train
40835,train
48762,train
32161,train
48495,train
25616,train
26256,train
33627,train
42841,train
17780,train
27761,train
10520,train
13495,train
31619,train
5259,train
10378,train
21928,train
19671,train
4719,train
35330,train
43482,train
33794,train
44996,train
4187,train
24775,train
49522,train
21528,train
21594,train
10919,train
48904,train
26323,train
13777,train
19256,train
43988,train
29924,train
5519,train
25745,train
1482,train
29322,train
43498,train
39881,train
7827,train
28162,train
46151,train
43294,train
15685,train
46198,train
11600,train
6178,train
41411,train
17701,train
47836,train
8142,train
24981,train
17166,train
22215,train
24495,train
18156,train
1221,train
41943,train
48720,train
48101,train
23842,train
11149,train
21793,train
29741,train
17829,train
37473,train
7819,train
26698,train
22698,train
46827,train
8679,train
47018,train
15151,train
39254,train
12672,train
27520,train
1262,train
19185,train
4199,train
42699,train
43654,train
48312,train
16399,train
1990,train
2212,train
7530,train
3518,train
6857,train
42419,train
37287,train
6629,train
5374,train
48191,train
46464,train
17830,train
21619,train
15849,train
28941,train
1009,train
45216,train
40074,train
45832,train
15974,train
37422,train
20590,train
44136,train
5268,train
17143,train
154,train
24583,train
13468,train
13331,train
2765,train
41476,train
24359,train
5402,train
3925,train
5224,train
22907,train
46751,train
42687,train
33498,train
28399,train
27554,train
48730,train
6071,train
21586,train
25043,train
39781,train
40203,train
45911,train
38147,train
12361,train
1566,train
9735,train
15487,train
6632,train
27501,train
3,train
31057,train
3119,train
22902,train
48634,train
23833,train
45728,train
13882,train
48920,train
43097,train
40698,train
35933,train
12710,train
13162,train
42734,train
29175,train
32293,train
25412,train
11135,train
8703,train
4081,train
45009,train
29869,train
14828,train
1293,train
31615,train
26504,train
20365,train
27587,train
12150,train
15406,train
14047,train
45812,train
18520,train
30918,train
41883,train
37078,train
22964,train
6112,train
44194,train
8839,train
12520,train
9277,train
6557,train
19922,train
19383,train
31071,train
24989,train
27682,train
44315,train
33743,train
18350,train
23374,train
41171,train
3449,train
13704,train
18334,train
47472,train
3949,train
40052,train
44337,train
26841,train
16545,train
29628,train
28621,train
40644,train
15201,train
38393,train
7299,train
37604,train
36735,train
16476,train
4422,train
9932,train
45290,train
18915,train
3828,train
14251,train
45599,train
37594,train
35529,train
38691,train
24633,train
7316,train
21813,train
26223,train
2815,train
20375,train
8114,train
2225,train
15687,train
4051,train
39447,train
5726,train
32557,train
29559,train
6153,train
4564,train
7365,train
17176,train
18397,train
46924,train
22237,train
42463,train
14593,train
29954,train
7491,train
42767,train
31958,train
23756,train
41731,train
18164,train
19529,train
19813,train
3911,train
39528,train
16453,train
2016,train
22881,train
3696,train
6392,train
47226,train
43748,train
34639,train
30496,train
32937,train
44492,train
995,train
11063,train
19062,train
21529,train
6610,train
7100,train
20189,train
9227,train
14312,train
28964,train
31139,train
25837,train
41348,train
48449,train
32125,train
19232,train
38952,train
12680,train
22258,train
5695,train
28329,train
23323,train
39494,train
27347,train
6906,train
32529,train
21721,train
43452,train
42728,train
49673,train
27818,train
762,train
19861,train
42349,train
40807,train
37946,train
42032,train
17191,train
15277,train
3397,train
35298,train
44067,train
10092,train
24548,train
35108,train
29697,train
10342,train
13263,train
38933,train
48611,train
28393,train
3211,train
40592,train
42963,train
12294,train
41806,train
41002,train
278,train
29850,train
49446,train
40660,train
49201,train
6479,train
44313,train
29335,train
42344,train
45023,train
34540,train
39078,train
11751,train
24229,train
30773,train
11760,train
22680,train
19215,train
19870,train
14880,train
23060,train
9393,train
7496,train
43488,train
27326,train
27056,train
24541,train
25820,train
48209,train
27425,train
7276,train
10312,train
30942,train
46133,train
42466,train
45923,train
29989,train
10918,train
4059,train
9989,train
40937,train
34560,train
31681,train
48477,train
41199,train
36903,train
7787,train
28470,train
32975,train
36598,train
3401,train
43006,train
29288,train
43542,train
31449,train
30177,train
39796,train
39637,train
36953,train
35036,train
30892,train
488,train
45566,train
12524,train
1899,train
12467,train
43961,train
10582,train
28323,train
10819,train
15359,train
33538,train
41814,train
34733,train
24134,train
48431,train
18237,train
31177,train
1518,train
7868,train
24160,train
25721,train
3859,train
27233,train
41223,train
17481,train
24361,train
6649,train
41859,train
45488,train
29937,train
7544,train
33315,train
4373,train
47715,train
46143,train
16987,train
45749,train
345,train
30483,train
31030,train
42298,train
22516,train
26991,train
29493,train
48200,train
12430,train
19207,train
19429,train
11243,train
13248,train
39801,train
45809,train
20187,train
2111,train
7670,train
49945,train
5986,train
18838,train
23805,train
13252,train
35716,train
34292,train
36533,train
6538,train
14603,train
21866,train
27994,train
44113,train
43511,train
34380,train
37760,train
48340,train
8153,train
9245,train
19380,train
44059,train
21398,train
12902,train
24023,train
10549,train
21588,train
28601,train
34558,train
45582,train
35371,train
5484,train
35394,train
31802,train
16844,train
45844,train
39951,train
36977,train
18261,train
44403,train
48202,train
5499,train
48799,train
32155,train
41712,train
291,train
47910,train
14188,train
9896,train
18141,train
20263,train
41976,train
44282,train
5833,train
30536,train
19534,train
28996,train
12354,train
48522,train
1586,train
13979,train
14410,train
44700,train
24810,train
19473,train
33354,train
30801,train
20981,train
11816,train
11927,train
24360,train
20506,train
40624,train
5619,train
728,train
9364,train
43789,train
30628,train
15446,train
18242,train
38500,train
25186,train
21403,train
43157,train
48415,train
41127,train
1916,train
40114,train
17439,train
2235,train
46290,train
7866,train
49760,train
44231,train
24650,train
216,train
6412,train
43329,train
33687,train
11773,train
47632,train
10991,train
37485,train
47465,train
3693,train
34851,train
44224,train
13712,train
10095,train
36167,train
35323,train
45725,train
43170,train
29119,train
8765,train
49323,train
11412,train
9768,train
17066,train
2977,train
20160,train
14941,train
906,train
20300,train
48927,train
30327,train
9124,train
41496,train
27654,train
9875,train
13084,train
37297,train
48563,train
12900,train
37522,train
25224,train
24029,train
35756,train
20334,train
36257,train
1852,train
24417,train
35782,train
19693,train
1506,train
19297,train
4718,train
40536,train
9633,train
6527,train
41708,train
1157,train
29445,train
5709,train
36754,train
21767,train
48277,train
25967,train
36670,train
46989,train
47218,train
41917,train
1662,train
26940,train
37871,train
7404,train
3094,train
33004,train
20844,train
37921,train
46521,train
27124,train
2173,train
15378,train
7182,train
49298,train
10605,train
22740,train
38001,train
47931,train
5980,train
23414,train
30849,train
40078,train
19513,train
48608,train
9614,train
21778,train
13079,train
17235,train
3237,train
333,train
12548,train
1520,train
36605,train
17354,train
9177,train
27787,train
33339,train
8648,train
45342,train
41482,train
11627,train
36779,train
15769,train
18245,train
46295,train
15422,train
46570,train
15653,train
44718,train
30220,train
20019,train
9229,train
28445,train
38320,train
15375,train
27408,train
19840,train
13644,train
13998,train
13477,train
47512,train
8128,train
13924,train
14927,train
45152,train
43161,train
28805,train
46993,train
35851,train
5692,train
21323,train
16733,train
29359,train
47707,train
36182,train
48741,train
19428,train
48761,train
36233,train
35674,train
23954,train
36807,train
8750,train
33063,train
3575,train
1233,train
26589,train
37065,train
31594,train
13503,train
44642,train
3385,train
4654,train
2635,train
5611,train
18502,train
47376,train
18293,train
21710,train
25279,train
14951,train
34221,train
46715,train
42179,train
49780,train
49259,train
43715,train
19551,train
46997,train
12988,train
14015,train
46212,train
61,train
46271,train
15628,train
16978,train
20146,train
24071,train
48669,train
45471,train
42956,train
3982,train
34264,train
43800,train
20419,train
46702,train
23338,train
3581,train
44298,train
45053,train
32146,train
19938,train
7073,train
4530,train
7912,train
36169,train
47542,train
35467,train
157,train
39975,train
37966,train
4049,train
23746,train
25136,train
38275,train
37853,train
217,train
16802,train
13121,train
36584,train
17622,train
28264,train
39382,train
10168,train
15622,train
34708,train
11028,train
28707,train
20525,train
31488,train
2175,train
5735,train
7403,train
38960,train
48769,train
34376,train
7673,train
32889,train
44818,train
3729,train
4696,train
842,train
15229,train
8385,train
3292,train
43339,train
30700,train
49987,train
42446,train
21441,train
10502,train
25690,train
35264,train
23360,train
39598,train
25025,train
16799,train
46202,train
48183,train
9430,train
41780,train
30480,train
12009,train
31302,train
31221,train
47688,train
28757,train
43525,train
26707,train
34395,train
39443,train
42940,train
48988,train
33450,train
34478,train
33466,train
38676,train
31138,train
14143,train
44123,train
45708,train
18314,train
46111,train
1993,train
32313,train
31308,train
5594,train
4922,train
36998,train
16523,train
42117,train
1544,train
47812,train
31388,train
49276,train
41443,train
43301,train
5363,train
47850,train
40209,train
45261,train
20199,train
25404,train
35018,train
19806,train
31452,train
18277,train
31228,train
28918,train
49843,train
14103,train
3453,train
41773,train
14782,train
4410,train
5313,train
14852,train
2028,train
32546,train
3078,train
28616,train
13092,train
25905,train
8417,train
27639,train
18460,train
49745,train
20323,train
45845,train
34922,train
2101,train
14617,train
46893,train
5160,train
260,train
6344,train
35766,train
13023,train
32144,train
10226,train
20347,train
23740,train
35279,train
23677,train
36149,train
11844,train
4640,train
14584,train
28989,train
20128,train
9168,train
15187,train
30365,train
41759,train
452,train
27494,train
7297,train
46580,train
46138,train
38938,train
42079,train
32563,train
15456,train
30505,train
47066,train
14249,train
31461,train
32024,train
39288,train
23758,train
34101,train
2389,train
36931,train
9483,train
45217,train
28993,train
47690,train
11061,train
31991,train
25786,train
11296,train
235,train
28085,train
48628,train
12874,train
26910,train
25969,train
6110,train
17120,train
1995,train
16097,train
41068,train
26945,train
6872,train
12722,train
48448,train
26769,train
34111,train
24727,train
42708,train
2227,train
5100,train
41284,train
43565,train
34569,train
46309,train
46848,train
27219,train
41926,train
38190,train
7321,train
24715,train
28591,train
12619,train
243,train
45861,train
15632,train
43806,train
37848,train
10710,train
10055,train
40512,train
37863,train
32241,train
36692,train
14176,train
16991,train
33126,train
15788,train
11473,train
5282,train
11550,train
16657,train
29868,train
26843,train
44545,train
14244,train
5668,train
12305,train
20747,train
4904,train
6778,train
4597,train
32452,train
32000,train
9642,train
3256,train
31362,train
12039,train
21823,train
4026,train
8388,train
25708,train
47374,train
24453,train
32669,train
16432,train
45972,train
42806,train
20070,train
37914,train
32766,train
45806,train
26235,train
46422,train
26479,train
14713,train
13249,train
9887,train
4471,train
49834,train
41249,train
47627,train
43664,train
7626,train
49513,train
12714,train
13403,train
18081,train
11775,train
33342,train
34194,train
56,train
41119,train
5943,train
15910,train
22938,train
41083,train
7032,train
26161,train
35763,train
616,train
22949,train
7514,train
43564,train
34415,train
24587,train
12263,train
9993,train
32496,train
14755,train
42681,train
20227,train
47147,train
38024,train
24755,train
16,train
26525,train
18747,train
36645,train
32415,train
45478,train
36236,train
4337,train
37169,train
49642,train
15708,train
18466,train
24743,train
35942,train
45218,train
8748,train
13196,train
4506,train
36467,train
5302,train
18567,train
5221,train
34737,train
31696,train
36159,train
42137,train
36705,train
18884,train
49839,train
24385,train
27625,train
887,train
13363,train
9664,train
42294,train
18837,train
38649,train
13065,train
9433,train
43863,train
2639,train
25225,train
41737,train
36053,train
33109,train
10546,train
13636,train
32957,train
48199,train
20458,train
46434,train
21194,train
24426,train
25793,train
9370,train
38757,train
48339,train
43211,train
34769,train
38262,train
41879,train
28268,train
8786,train
35875,train
4073,train
4674,train
41362,train
1900,train
397,train
34960,train
47732,train
49215,train
7575,train
6880,train
13506,train
27054,train
33732,train
43523,train
40978,train
39878,train
27137,train
27195,train
27133,train
42144,train
45272,train
34005,train
43993,train
41269,train
2379,train
33603,train
2206,train
13395,train
32298,train
31792,train
40616,train
37709,train
37213,train
7396,train
3163,train
35936,train
28309,train
19074,train
10118,train
10186,train
33702,train
18851,train
6644,train
49660,train
45163,train
40752,train
11799,train
116,train
16104,train
30242,train
25367,train
32565,train
41305,train
33979,train
5654,train
38295,train
550,train
23841,train
5013,train
44682,train
21195,train
19127,train
27890,train
37977,train
48292,train
47942,train
44926,train
40406,train
5418,train
13634,train
45030,train
21883,train
36513,train
1452,train
15955,train
13690,train
33605,train
33110,train
29615,train
20186,train
25854,train
10451,train
37851,train
22184,train
48564,train
24183,train
22460,train
13040,train
30765,train
38399,train
17080,train
45921,train
14522,train
18305,train
42168,train
1866,train
44088,train
12644,train
22342,train
18674,train
23226,train
35129,train
21131,train
15953,train
12458,train
19810,train
30940,train
32933,train
23617,train
366,train
41043,train
26285,train
14492,train
42787,train
3344,train
21670,train
25346,train
46048,train
40245,train
11586,train
27203,train
37409,train
41329,train
34201,train
22552,train
27567,train
28920,train
9921,train
18819,train
23681,train
19898,train
32133,train
16383,train
46268,train
49648,train
12065,train
17015,train
27334,train
32586,train
22776,train
2,train
41567,train
38876,train
16073,train
26735,train
34146,train
18861,train
25781,train
5568,train
41946,train
1204,train
12972,train
1374,train
31339,train
14040,train
4369,train
17983,train
28840,train
19936,train
11515,train
19766,train
4029,train
25178,train
42925,train
28567,train
22521,train
6438,train
2750,train
10726,train
10687,train
27399,train
37399,train
20753,train
18528,train
36066,train
6185,train
6313,train
37747,train
19654,train
2000,train
14420,train
37512,train
26575,train
5463,train
33388,train
11857,train
37192,train
47203,train
27753,train
34466,train
20698,train
2744,train
43427,train
9936,train
43178,train
32900,train
1160,train
27910,train
27738,train
18154,train
6000,train
49163,train
16736,train
27891,train
35577,train
41334,train
30385,train
18967,train
14498,train
32349,train
770,train
15255,train
2688,train
43510,train
44693,train
24523,train
17512,train
37545,train
12586,train
14882,train
22542,train
6712,train
14992,train
43598,train
35584,train
12812,train
46201,train
6230,train
36600,train
30704,train
8399,train
14649,train
8530,train
44614,train
39313,train
38151,train
46193,train
7727,train
14016,train
28624,train
8670,train
8247,train
12360,train
25603,train
35008,train
2291,train
26218,train
28741,train
11346,train
38657,train
39992,train
43717,train
46321,train
21582,train
6415,train
48445,train
27518,train
34784,train
21815,train
17215,train
43474,train
10445,train
26776,train
18804,train
10852,train
37828,train
4232,train
19322,train
48187,train
45718,train
25922,train
10788,train
19909,train
16507,train
28532,train
34497,train
33436,train
17710,train
1110,train
48653,train
40231,train
26281,train
5511,train
11704,train
45800,train
8317,train
3771,train
48208,train
42404,train
48721,train
36168,train
20685,train
29255,train
2357,train
40132,train
26939,train
26454,train
45103,train
47548,train
36109,train
11625,train
16272,train
26678,train
47818,train
13750,train
45633,train
4954,train
24391,train
7924,train
20760,train
25152,train
34841,train
13515,train
43262,train
10655,train
7665,train
5317,train
46612,train
47701,train
49944,train
45285,train
25395,train
18971,train
10793,train
44678,train
24121,train
38998,train
16783,train
35709,train
1577,train
4212,train
41583,train
38208,train
34818,train
7018,train
40162,train
40995,train
22794,train
48637,train
18002,train
19130,train
35791,train
11215,train
38682,train
18830,train
22575,train
29088,train
46471,train
14482,train
20539,train
39815,train
19910,train
23232,train
1038,train
14777,train
32409,train
2344,train
40659,train
17395,train
4110,train
37304,train
39164,train
9711,train
24888,train
39929,train
2083,train
16546,train
18541,train
9296,train
33461,train
48913,train
39578,train
32267,train
18229,train
4041,train
37777,train
49728,train
8493,train
43678,train
9228,train
45398,train
2561,train
18848,train
20138,train
36444,train
45192,train
3638,train
45476,train
34369,train
4779,train
249,train
28912,train
1340,train
24257,train
22031,train
6698,train
28808,train
6386,train
745,train
36743,train
8867,train
34664,train
22065,train
38943,train
45130,train
30392,train
8204,train
37973,train
44029,train
49352,train
13896,train
18745,train
4805,train
12671,train
5460,train
19362,train
10756,train
21467,train
32458,train
46448,train
42214,train
12492,train
26688,train
25312,train
14739,train
21864,train
26916,train
31240,train
7399,train
42946,train
47091,train
531,train
36231,train
20413,train
34289,train
28482,train
44617,train
13807,train
5509,train
9769,train
5181,train
13539,train
20039,train
21393,train
34020,train
46845,train
8944,train
46124,train
17846,train
27737,train
32701,train
34241,train
14022,train
48798,train
13545,train
32081,train
31038,train
44796,train
12945,train
26191,train
13651,train
21806,train
38047,train
1437,train
25608,train
36789,train
29021,train
45629,train
34683,train
38200,train
32162,train
46236,train
1581,train
25870,train
12061,train
48569,train
17240,train
19509,train
42724,train
12110,train
104,train
24170,train
49664,train
49150,train
46024,train
11643,train
43920,train
36717,train
24670,train
36393,train
33682,train
22912,train
3741,train
45137,train
38977,train
18474,train
39800,train
36613,train
40448,train
3114,train
49562,train
19405,train
36786,train
24771,train
23551,train
19247,train
37253,train
5665,train
98,train
9397,train
30499,train
34509,train
20461,train
1578,train
30393,train
49147,train
36318,train
32250,train
41470,train
44791,train
20756,train
924,train
38061,train
18053,train
1072,train
18776,train
43155,train
40226,train
28079,train
47361,train
48656,train
11653,train
12005,train
27997,train
20152,train
31761,train
6122,train
27603,train
46303,train
15495,train
3428,train
40386,train
27915,train
28378,train
28986,train
29792,train
20141,train
12891,train
29516,train
43830,train
44575,train
35938,train
379,train
41075,train
4831,train
19388,train
47808,train
46373,train
10621,train
9244,train
24859,train
34430,train
19619,train
40701,train
20045,train
4426,train
22,train
12168,train
19058,train
34506,train
47798,train
46318,train
45688,train
46961,train
21424,train
9490,train
7532,train
40549,train
5071,train
34297,train
9578,train
16054,train
46524,train
29023,train
24522,train
23449,train
9827,train
42950,train
40938,train
34335,train
22165,train
22114,train
40287,train
27841,train
45827,train
29089,train
17162,train
2655,train
35328,train
7914,train
27565,train
32536,train
24577,train
21261,train
33215,train
2785,train
39267,train
5575,train
9033,train
44535,train
33439,train
9844,train
7526,train
39390,train
31550,train
25734,train
47759,train
36520,train
4440,train
44190,train
37439,train
24703,train
20966,train
3299,train
39538,train
28150,train
4085,train
25158,train
37856,train
40310,train
43156,train
41061,train
33940,train
38949,train
39099,train
5530,train
38407,train
17426,train
32225,train
21777,train
37009,train
38540,train
22688,train
17913,train
20232,train
46557,train
37246,train
24407,train
45042,train
10466,train
17318,train
7584,train
19142,train
19448,train
41634,train
35429,train
3499,train
10400,train
8733,train
2709,train
22897,train
42352,train
3440,train
7317,train
5191,train
24696,train
35535,train
19458,train
37968,train
38289,train
15533,train
49362,train
26166,train
16270,train
29578,train
12870,train
22906,train
37961,train
10970,train
48162,train
37194,train
45523,train
14923,train
16018,train
6165,train
38447,train
20716,train
16880,train
12964,train
40876,train
10114,train
1920,train
15796,train
5827,train
6498,train
1311,train
11050,train
49205,train
7480,train
13508,train
28782,train
7040,train
26527,train
31016,train
2886,train
20564,train
23204,train
33387,train
45519,train
36655,train
38674,train
38756,train
15691,train
16160,train
19511,train
25207,train
42949,train
25522,train
11813,train
29402,train
35385,train
24600,train
25735,train
20391,train
5647,train
1379,train
42459,train
49351,train
27664,train
37572,train
12860,train
31206,train
9724,train
42286,train
2156,train
25532,train
30993,train
28934,train
4920,train
10690,train
30277,train
27103,train
14201,train
29633,train
25418,train
26336,train
10268,train
42381,train
3467,train
45095,train
28213,train
34716,train
37490,train
31376,train
32787,train
34268,train
1217,train
23319,train
36925,train
47097,train
49574,train
8186,train
45531,train
45201,train
41283,train
46928,train
9013,train
6838,train
11071,train
4830,train
15578,train
43138,train
757,train
20426,train
47531,train
30670,train
16100,train
13373,train
3393,train
9134,train
39379,train
24416,train
46842,train
25541,train
16831,train
30581,train
3131,train
38394,train
37386,train
48390,train
2501,train
5468,train
42538,train
41141,train
28230,train
1288,train
6495,train
5340,train
7301,train
20144,train
14217,train
19811,train
41876,train
4291,train
49542,train
14391,train
10098,train
7843,train
26497,train
28066,train
21861,train
3804,train
4262,train
22796,train
38858,train
48733,train
19326,train
14285,train
1125,train
48957,train
46709,train
4021,train
7307,train
27312,train
2543,train
14,train
18715,train
38524,train
22706,train
4242,train
20733,train
21315,train
31476,train
4299,train
24005,train
23,train
10380,train
49476,train
7204,train
43796,train
342,train
37575,train
14286,train
15145,train
44317,train
27430,train
27540,train
11140,train
26950,train
23938,train
16867,train
45614,train
35939,train
27766,train
11075,train
7215,train
4742,train
33720,train
22275,train
8954,train
30320,train
26404,train
40567,train
16209,train
39888,train
26532,train
13226,train
9188,train
46211,train
44344,train
40451,train
43505,train
10369,train
38931,train
38242,train
1723,train
24279,train
1633,train
42752,train
26369,train
37394,train
26732,train
6488,train
7473,train
38598,train
30245,train
26143,train
37787,train
16653,train
18727,train
35002,train
18169,train
39072,train
10127,train
23177,train
26936,train
19771,train
7144,train
5187,train
35849,train
19243,train
47258,train
5227,train
34623,train
32679,train
35803,train
7814,train
5200,train
20396,train
49702,train
11892,train
45702,train
21574,train
29409,train
30414,train
22235,train
20136,train
4741,train
36547,train
43924,train
22223,train
39517,train
28397,train
18648,train
9419,train
19410,train
12552,train
4643,train
33943,train
37229,train
5635,train
22476,train
8440,train
2757,train
26345,train
46075,train
21020,train
45815,train
27867,train
24161,train
3613,train
42258,train
46695,train
30152,train
23277,train
21796,train
29718,train
35617,train
6795,train
39234,train
41620,train
27027,train
5011,train
35760,train
13303,train
35250,train
9417,train
485,train
37051,train
29102,train
3922,train
13561,train
2171,train
20900,train
25049,train
17241,train
8337,train
24067,train
31474,train
35007,train
32092,train
31515,train
36180,train
27745,train
10409,train
37515,train
8397,train
31700,train
37387,train
10138,train
3012,train
42768,train
30734,train
591,train
18325,train
1252,train
36936,train
37108,train
11249,train
3102,train
12685,train
27750,train
25916,train
25665,train
16548,train
35459,train
42920,train
20579,train
46456,train
7638,train
24615,train
44343,train
34779,train
21267,train
6908,train
10004,train
31179,train
16635,train
49757,train
49162,train
10240,train
38182,train
37989,train
18955,train
13994,train
17765,train
31284,train
22647,train
33248,train
33660,train
2856,train
15977,train
34107,train
21997,train
3952,train
5736,train
5656,train
147,train
23751,train
32595,train
49283,train
3893,train
34807,train
8019,train
33358,train
5127,train
26541,train
43897,train
34402,train
5269,train
5865,train
17980,train
11132,train
22499,train
46781,train
37838,train
16841,train
1649,train
20638,train
11263,train
46458,train
1871,train
12127,train
36805,train
45183,train
41944,train
25455,train
20410,train
19527,train
41562,train
20768,train
31611,train
3778,train
926,train
8532,train
46804,train
48368,train
11678,train
25439,train
10294,train
11969,train
32725,train
9053,train
26682,train
22122,train
25095,train
40753,train
44543,train
10040,train
10217,train
25654,train
11533,train
16202,train
43761,train
10701,train
49531,train
29942,train
49567,train
9235,train
17047,train
6617,train
372,train
39031,train
21178,train
40668,train
23490,train
2358,train
15370,train
14186,train
32827,train
27279,train
551,train
27840,train
2261,train
2544,train
23109,train
32707,train
48833,train
49934,train
28206,train
22190,train
6588,train
15550,train
48844,train
1050,train
1548,train
28418,train
34130,train
34937,train
7676,train
12980,train
30026,train
4901,train
14686,train
7916,train
41066,train
13242,train
42993,train
37806,train
19817,train
6725,train
42227,train
1685,train
37566,train
5500,train
41591,train
32550,train
28990,train
38837,train
43912,train
45003,train
4701,train
44616,train
13570,train
27825,train
39049,train
41774,train
24649,train
6728,train
10242,train
37344,train
32528,train
49337,train
947,train
8856,train
40537,train
25580,train
14399,train
48755,train
29656,train
42234,train
14231,train
8919,train
49638,train
708,train
20122,train
3760,train
24621,train
44904,train
30212,train
16747,train
588,train
12844,train
22787,train
32056,train
47081,train
4420,train
31050,train
33736,train
2161,train
33550,train
14595,train
21263,train
45635,train
24404,train
3528,train
18307,train
18843,train
29183,train
10239,train
21540,train
9838,train
12856,train
23912,train
17249,train
37184,train
17530,train
40952,train
15082,train
24917,train
31205,train
34811,train
23364,train
29326,train
43578,train
17578,train
37998,train
35654,train
39644,train
19211,train
21838,train
14100,train
32919,train
20791,train
13257,train
38325,train
27598,train
91,train
7133,train
29339,train
44248,train
34606,train
751,train
23974,train
27450,train
9885,train
38612,train
20046,train
48387,train
41886,train
15521,train
12660,train
43926,train
15083,train
22756,train
38710,train
41770,train
17920,train
32256,train
25521,train
17542,train
24478,train
24617,train
28529,train
30423,train
24027,train
36515,train
1089,train
16593,train
2513,train
14830,train
620,train
17355,train
23211,train
7443,train
33560,train
48133,train
45071,train
23091,train
38097,train
13308,train
27345,train
4343,train
7022,train
19738,train
39058,train
14687,train
36883,train
42221,train
9239,train
29371,train
47565,train
30708,train
35281,train
16882,train
12624,train
7378,train
25620,train
1364,train
8161,train
9298,train
25728,train
40034,train
41831,train
47254,train
1486,train
18572,train
47454,train
32584,train
38042,train
21268,train
23884,train
23665,train
29163,train
40729,train
42817,train
24097,train
14460,train
38429,train
25031,train
28877,train
47884,train
47761,train
24529,train
40833,train
38237,train
38434,train
21811,train
8158,train
48613,train
13591,train
43852,train
27873,train
2992,train
32107,train
35055,train
6146,train
28875,train
30312,train
44321,train
26244,train
44055,train
10667,train
40925,train
33442,train
2955,train
21513,train
32245,train
32060,train
5590,train
26773,train
43561,train
10202,train
30129,train
24483,train
37557,train
24951,train
1144,train
17407,train
34621,train
38947,train
15438,train
18670,train
9254,train
18633,train
6240,train
967,train
39432,train
48926,train
27969,train
33422,train
36102,train
49594,train
8971,train
37348,train
33713,train
3225,train
45837,train
28712,train
24286,train
30520,train
21476,train
36445,train
239,train
13401,train
29490,train
26040,train
28490,train
22751,train
23462,train
4202,train
33596,train
3389,train
22630,train
19055,train
18098,train
5368,train
3192,train
21044,train
31331,train
35900,train
45147,train
24378,train
17169,train
33760,train
3174,train
18840,train
36801,train
18551,train
21483,train
9468,train
1539,train
46937,train
21712,train
14348,train
48593,train
46155,train
22545,train
9715,train
40805,train
11506,train
27893,train
14431,train
15385,train
34483,train
41884,train
30128,train
3695,train
42072,train
30519,train
32055,train
48124,train
24445,train
36868,train
49138,train
20158,train
28788,train
35697,train
47817,train
26714,train
4227,train
30865,train
8877,train
24356,train
39471,train
25899,train
41769,train
45072,train
20824,train
31341,train
15668,train
23768,train
3474,train
43011,train
17938,train
31122,train
18862,train
34965,train
12527,train
46284,train
27715,train
46164,train
12864,train
2412,train
31795,train
15783,train
19461,train
33968,train
3488,train
14046,train
15174,train
5800,train
18445,train
30175,train
46638,train
26529,train
10665,train
29956,train
42725,train
38469,train
42146,train
18111,train
39624,train
24570,train
34530,train
48195,train
38169,train
22923,train
8951,train
36057,train
49505,train
10018,train
22564,train
12327,train
46061,train
11944,train
17808,train
90,train
26722,train
4691,train
27363,train
923,train
44799,train
22592,train
36930,train
16674,train
35041,train
2514,train
3719,train
42355,train
43045,train
16133,train
31002,train
40170,train
32233,train
29699,train
46405,train
32237,train
31938,train
19459,train
41695,train
20126,train
7828,train
28291,train
12909,train
33056,train
20743,train
48805,train
46424,train
25173,train
1789,train
27432,train
35640,train
40550,train
281,train
15271,train
28173,train
20451,train
46004,train
46817,train
8312,train
46749,train
655,train
38243,train
41508,train
35265,train
16330,train
11242,train
26368,train
12355,train
25817,train
46667,train
15035,train
2833,train
31638,train
8438,train
6905,train
27902,train
1817,train
2109,train
44006,train
26212,train
32892,train
43492,train
29259,train
24413,train
3508,train
10033,train
32484,train
43007,train
19013,train
1107,train
37759,train
30050,train
19823,train
30013,train
34546,train
14723,train
17478,train
41889,train
12409,train
17584,train
38880,train
45062,train
12369,train
34763,train
37106,train
14954,train
8291,train
2662,train
17175,train
25296,train
14357,train
35159,train
37524,train
15199,train
25475,train
31835,train
34178,train
3051,train
33028,train
38620,train
24521,train
36294,train
32077,train
42715,train
26716,train
41101,train
1553,train
44129,train
2271,train
28682,train
13321,train
39830,train
42470,train
45939,train
8163,train
23033,train
34439,train
45173,train
12890,train
13416,train
23079,train
49136,train
10496,train
5962,train
11281,train
22709,train
28299,train
42011,train
5258,train
7655,train
34952,train
45203,train
44404,train
7975,train
39375,train
34452,train
10189,train
20074,train
45994,train
36064,train
8344,train
47255,train
1914,train
46256,train
21880,train
41145,train
6385,train
35098,train
4975,train
40971,train
32420,train
9668,train
13122,train
26715,train
11928,train
49072,train
8857,train
18810,train
46525,train
3041,train
8780,train
23721,train
34826,train
28160,train
48231,train
30339,train
14533,train
12994,train
47497,train
32810,train
24111,train
15779,train
47438,train
8017,train
36771,train
9521,train
15582,train
39047,train
42423,train
37167,train
47691,train
7305,train
29297,train
9083,train
38747,train
48828,train
34442,train
42515,train
14123,train
30462,train
10151,train
48246,train
27551,train
1192,train
25600,train
47074,train
45503,train
36611,train
182,train
631,train
15524,train
11240,train
17056,train
28026,train
38144,train
44148,train
15526,train
32071,train
17781,train
40642,train
19301,train
17863,train
16434,train
39056,train
29530,train
24824,train
42557,train
27830,train
23075,train
44121,train
7046,train
18628,train
28812,train
2265,train
13011,train
29005,train
18539,train
30419,train
47293,train
42597,train
20537,train
15360,train
48870,train
30405,train
19416,train
38187,train
23540,train
42184,train
39907,train
14518,train
31595,train
25677,train
18146,train
39044,train
24232,train
4007,train
38026,train
37442,train
40138,train
35660,train
38416,train
290,train
34411,train
21277,train
15690,train
13798,train
18602,train
28790,train
46206,train
47444,train
1485,train
46450,train
42267,train
14803,train
25206,train
12551,train
45954,train
9649,train
35857,train
20330,train
16595,train
47487,train
25918,train
45770,train
24800,train
49308,train
18542,train
21388,train
22267,train
38231,train
39229,train
39330,train
43746,train
20265,train
4511,train
11919,train
39758,train
46253,train
4048,train
15510,train
3872,train
6489,train
36531,train
41550,train
5422,train
35560,train
28899,train
18376,train
11884,train
86,train
19586,train
44705,train
17323,train
22157,train
33990,train
14334,train
4780,train
31768,train
29767,train
25409,train
9607,train
11714,train
3280,train
42333,train
44024,train
13260,train
35887,train
15556,train
39736,train
8321,train
24319,train
42702,train
20825,train
23001,train
44835,train
13301,train
30118,train
44519,train
27523,train
22084,train
3326,train
17925,train
32711,train
34045,train
49609,train
5095,train
19299,train
34679,train
32939,train
30413,train
19306,train
3757,train
34318,train
20349,train
43984,train
44712,train
41316,train
45666,train
1500,train
15041,train
34676,train
5146,train
13949,train
29363,train
26650,train
34890,train
23447,train
10946,train
19275,train
36689,train
14090,train
19341,train
4543,train
2030,train
14716,train
3171,train
26914,train
36862,train
5569,train
41479,train
11078,train
36823,train
40182,train
37181,train
13608,train
15744,train
1567,train
13951,train
14215,train
13867,train
10322,train
5573,train
13617,train
3423,train
39732,train
11593,train
36599,train
198,train
45375,train
12817,train
27512,train
17032,train
49336,train
2866,train
40527,train
28190,train
32238,train
23480,train
32359,train
33992,train
14895,train
15786,train
4630,train
17346,train
36124,train
26654,train
41146,train
23541,train
31312,train
38142,train
31623,train
14942,train
2059,train
8542,train
39414,train
3921,train
45754,train
17731,train
9313,train
38801,train
4519,train
42465,train
42843,train
29729,train
48412,train
28292,train
45947,train
5732,train
25030,train
691,train
15932,train
32064,train
46544,train
32751,train
8604,train
9669,train
3150,train
30074,train
47245,train
42332,train
2826,train
15792,train
47638,train
24064,train
38935,train
7195,train
43092,train
27844,train
38946,train
24228,train
21789,train
40775,train
8071,train
12920,train
33869,train
46831,train
33982,train
1857,train
28125,train
48768,train
36764,train
46342,train
15452,train
5132,train
8642,train
18986,train
28527,train
1693,train
38014,train
44365,train
5380,train
36157,train
36456,train
22950,train
40796,train
28855,train
24075,train
16246,train
31290,train
26452,train
10574,train
2142,train
45254,train
14783,train
35022,train
41687,train
46916,train
18855,train
23087,train
35344,train
824,train
11276,train
20052,train
7166,train
29603,train
12640,train
11559,train
28666,train
25606,train
25024,train
43219,train
11096,train
14491,train
10066,train
32997,train
18562,train
39575,train
13116,train
18108,train
29047,train
6473,train
788,train
10339,train
44377,train
24390,train
44731,train
36045,train
34941,train
26401,train
46663,train
22775,train
9400,train
8097,train
22880,train
11847,train
18686,train
28587,train
49774,train
1492,train
5593,train
47223,train
16154,train
27174,train
18996,train
46345,train
44867,train
25187,train
7541,train
20116,train
8807,train
24165,train
4852,train
24031,train
25913,train
10786,train
12630,train
8051,train
12311,train
26984,train
44734,train
48895,train
48850,train
2154,train
10892,train
16111,train
19276,train
6033,train
9803,train
2997,train
43643,train
47658,train
9566,train
4460,train
8930,train
34028,train
29963,train
23773,train
3682,train
9982,train
2409,train
46408,train
21065,train
30733,train
30475,train
12557,train
4128,train
37588,train
49656,train
21296,train
29128,train
10402,train
38950,train
49726,train
37365,train
35645,train
19523,train
20636,train
29106,train
43702,train
35690,train
30119,train
22263,train
9115,train
27273,train
48775,train
6271,train
48169,train
40269,train
7728,train
43970,train
46221,train
13598,train
10744,train
29973,train
29723,train
39826,train
3212,train
28966,train
27325,train
36910,train
12243,train
42176,train
15864,train
24331,train
7538,train
29455,train
3867,train
15989,train
37471,train
8496,train
8649,train
18295,train
4683,train
47734,train
7563,train
43851,train
26230,train
36422,train
26565,train
41198,train
33867,train
1938,train
3885,train
47488,train
6,train
48330,train
25844,train
31436,train
37792,train
21438,train
14960,train
20307,train
26784,train
32361,train
7510,train
19246,train
24433,train
45733,train
14091,train
9336,train
30443,train
44394,train
26618,train
44742,train
13990,train
31667,train
43058,train
22210,train
48099,train
266,train
21444,train
31913,train
19993,train
1550,train
30132,train
25555,train
49149,train
15138,train
37665,train
5310,train
33657,train
799,train
41047,train
11236,train
40456,train
16704,train
43494,train
32070,train
5390,train
25266,train
5798,train
34,train
38555,train
33644,train
45805,train
36880,train
13008,train
17588,train
1001,train
36285,train
5343,train
7245,train
6267,train
11377,train
10513,train
14424,train
24886,train
14831,train
34846,train
23875,train
1921,train
28595,train
2074,train
38953,train
46765,train
49011,train
4447,train
9866,train
18170,train
30917,train
33831,train
35871,train
35013,train
49436,train
39882,train
26123,train
30067,train
12173,train
38558,train
35492,train
14435,train
19539,train
10044,train
46505,train
48478,train
18058,train
20108,train
16845,train
14791,train
26098,train
26853,train
40285,train
43723,train
11907,train
24327,train
22704,train
17274,train
13471,train
7874,train
2673,train
9004,train
29696,train
39162,train
46711,train
39016,train
46807,train
1003,train
3803,train
48047,train
25790,train
42588,train
226,train
24879,train
40501,train
20484,train
2806,train
13647,train
27112,train
46199,train
25337,train
2160,train
3487,train
24606,train
34648,train
14175,train
43576,train
1540,train
19541,train
15195,train
7409,train
27498,train
3250,train
1630,train
13028,train
34815,train
22900,train
26583,train
27544,train
42441,train
8927,train
27517,train
11484,train
8699,train
10418,train
12516,train
25400,train
35299,train
30346,train
17216,train
1740,train
7151,train
15444,train
22684,train
35076,train
38019,train
35316,train
2690,train
36201,train
15707,train
17544,train
5540,train
22252,train
38096,train
31915,train
10107,train
30723,train
16252,train
46294,train
41355,train
23905,train
21480,train
26207,train
49979,train
7601,train
15843,train
627,train
11198,train
43813,train
16917,train
10460,train
42141,train
31988,train
17918,train
43296,train
33353,train
4751,train
8630,train
18123,train
19661,train
24090,train
21898,train
25634,train
11381,train
22926,train
8979,train
4258,train
49746,train
13172,train
27453,train
3383,train
46140,train
47198,train
24721,train
17281,train
32010,train
35775,train
45849,train
47131,train
37232,train
31062,train
44928,train
20065,train
18714,train
5855,train
13284,train
18767,train
5233,train
13707,train
33078,train
1541,train
41214,train
47495,train
31416,train
37289,train
23254,train
284,train
753,train
62,train
19152,train
17735,train
33745,train
470,train
32428,train
9434,train
1561,train
6445,train
13778,train
1731,train
10452,train
36008,train
34602,train
19464,train
40506,train
14571,train
47898,train
45730,train
17794,train
28449,train
7152,train
20869,train
44444,train
46568,train
30894,train
2151,train
1822,train
32593,train
9923,train
22998,train
30040,train
3544,train
8074,train
21942,train
20005,train
22524,train
28801,train
9756,train
17758,train
40476,train
48268,train
20209,train
24167,train
402,train
47000,train
47680,train
16769,train
42327,train
47533,train
20204,train
7736,train
49983,train
7692,train
23231,train
47831,train
41782,train
3055,train
36808,train
6645,train
2433,train
14304,train
25959,train
47072,train
34429,train
15546,train
3585,train
39050,train
42537,train
48908,train
11266,train
20021,train
43766,train
4344,train
31629,train
3324,train
41824,train
18853,train
410,train
13883,train
6970,train
22529,train
32911,train
986,train
496,train
47800,train
3763,train
14674,train
34773,train
21552,train
32668,train
19172,train
17714,train
11820,train
34468,train
39034,train
42143,train
41442,train
37641,train
47968,train
37094,train
36340,train
250,train
20015,train
11608,train
40673,train
23352,train
6010,train
6012,train
26860,train
32344,train
5330,train
9861,train
24398,train
18717,train
41835,train
35806,train
23570,train
44525,train
31135,train
31344,train
39723,train
42242,train
28242,train
28184,train
24044,train
36428,train
3929,train
1979,train
42813,train
36677,train
7646,train
29395,train
34957,train
42594,train
33951,train
47409,train
7041,train
46494,train
3721,train
26015,train
28640,train
48251,train
3226,train
45186,train
2956,train
41765,train
23987,train
31410,train
40064,train
11733,train
7181,train
11051,train
30395,train
4907,train
26425,train
20454,train
4703,train
11,train
46186,train
32943,train
43372,train
36962,train
49007,train
47239,train
23453,train
17890,train
25501,train
33190,train
12439,train
22071,train
10374,train
17353,train
18131,train
44515,train
38906,train
15184,train
8166,train
42743,train
9414,train
3818,train
43013,train
20820,train
36795,train
39470,train
47257,train
4902,train
6522,train
5168,train
22676,train
35565,train
36446,train
42357,train
31127,train
2793,train
44826,train
41844,train
39918,train
9064,train
31151,train
39038,train
15814,train
39503,train
27135,train
47923,train
14599,train
19815,train
34775,train
24382,train
26403,train
39210,train
29545,train
49265,train
33924,train
6276,train
28746,train
39450,train
48223,train
6862,train
27220,train
24750,train
28311,train
34408,train
6147,train
46626,train
10074,train
11043,train
2925,train
38087,train
39943,train
34154,train
48794,train
38698,train
48554,train
13567,train
3147,train
39659,train
33378,train
35644,train
33379,train
12328,train
10117,train
12645,train
14003,train
37330,train
5084,train
71,train
30716,train
36165,train
46967,train
28240,train
44638,train
20496,train
36701,train
40947,train
34758,train
22186,train
28218,train
48160,train
2319,train
22567,train
22474,train
656,train
14534,train
8265,train
1793,train
9710,train
22808,train
39368,train
33038,train
47887,train
21466,train
29093,train
23747,train
38191,train
31856,train
16391,train
44919,train
18140,train
23472,train
19588,train
30273,train
472,train
28578,train
48859,train
5859,train
41170,train
35911,train
28976,train
23057,train
26055,train
26308,train
28635,train
1702,train
28442,train
9085,train
33269,train
41631,train
43124,train
9130,train
20663,train
46192,train
2906,train
7472,train
6642,train
22946,train
22095,train
26850,train
644,train
31895,train
26501,train
939,train
27215,train
32731,train
39916,train
13868,train
48671,train
725,train
30794,train
18672,train
23192,train
9016,train
41380,train
43426,train
41234,train
40429,train
32658,train
48705,train
48139,train
937,train
2648,train
10886,train
46622,train
39092,train
6111,train
28472,train
22328,train
28487,train
37935,train
44465,train
41525,train
92,train
1285,train
23385,train
33699,train
14889,train
19067,train
8519,train
7785,train
20061,train
40922,train
38212,train
14642,train
9450,train
28794,train
38525,train
49270,train
36556,train
42021,train
43836,train
14825,train
42647,train
5822,train
33373,train
1512,train
44144,train
20256,train
29207,train
9401,train
2159,train
49846,train
5189,train
26109,train
30342,train
39039,train
19818,train
2752,train
41467,train
44226,train
31643,train
8183,train
6643,train
10300,train
43243,train
24117,train
20867,train
34835,train
26440,train
49643,train
15112,train
12285,train
20429,train
17492,train
16279,train
37224,train
42669,train
43819,train
5425,train
35513,train
39081,train
47044,train
12445,train
19430,train
32167,train
28171,train
7553,train
5115,train
28813,train
46347,train
19412,train
37262,train
1095,train
16598,train
42530,train
15665,train
43965,train
29454,train
34449,train
263,train
46250,train
17725,train
35276,train
48658,train
43709,train
48332,train
48947,train
668,train
14333,train
12428,train
165,train
37314,train
49325,train
7878,train
6324,train
49375,train
42104,train
17009,train
1232,train
42236,train
2981,train
19002,train
22869,train
27098,train
16990,train
29292,train
17378,train
3812,train
1474,train
42581,train
36072,train
11684,train
21270,train
6899,train
27385,train
36984,train
44900,train
46329,train
2520,train
188,train
18175,train
48128,train
7861,train
13108,train
37797,train
34324,train
37981,train
7582,train
20767,train
48902,train
9897,train
29022,train
43662,train
22259,train
164,train
30042,train
31264,train
14415,train
4631,train
8162,train
21411,train
12659,train
6683,train
28628,train
10125,train
7430,train
19607,train
45668,train
790,train
14154,train
44609,train
33961,train
26318,train
47909,train
9802,train
28094,train
40216,train
43740,train
1876,train
40279,train
9496,train
14062,train
36058,train
4230,train
31131,train
28821,train
27579,train
2395,train
19084,train
17636,train
41617,train
14784,train
25353,train
30953,train
25981,train
15398,train
14944,train
27959,train
6935,train
9863,train
40936,train
42411,train
47863,train
24397,train
20612,train
23737,train
20109,train
959,train
26195,train
2084,train
1450,train
251,train
27940,train
34821,train
37618,train
25753,train
9869,train
29777,train
1447,train
26226,train
25233,train
41123,train
17379,train
2647,train
7887,train
39838,train
43992,train
11164,train
40035,train
15500,train
33524,train
47117,train
33487,train
1594,train
39423,train
33848,train
21419,train
21122,train
35454,train
19869,train
2874,train
47103,train
31354,train
15724,train
18349,train
45085,train
30605,train
31068,train
19278,train
32156,train
28429,train
25174,train
16070,train
6028,train
22477,train
31999,train
47873,train
49620,train
45122,train
48325,train
48796,train
44453,train
17008,train
24054,train
18866,train
40819,train
31274,train
49048,train
27846,train
33073,train
3435,train
2152,train
20229,train
15544,train
17691,train
36990,train
14484,train
6577,train
21215,train
29923,train
27724,train
9895,train
27909,train
1174,train
20490,train
25268,train
24270,train
3541,train
13833,train
44929,train
31902,train
44942,train
42943,train
8203,train
37582,train
25979,train
13046,train
16183,train
41128,train
32661,train
31067,train
7244,train
46286,train
18274,train
20338,train
35914,train
22370,train
3664,train
11611,train
44592,train
33103,train
17778,train
10154,train
33112,train
46947,train
3950,train
44656,train
29392,train
44176,train
19510,train
22936,train
29927,train
9078,train
16457,train
46178,train
13811,train
16955,train
1676,train
32602,train
15086,train
36690,train
4800,train
14061,train
40748,train
9407,train
23598,train
34148,train
35836,train
29115,train
40477,train
33219,train
35449,train
15947,train
9599,train
15518,train
37525,train
42001,train
6039,train
32032,train
10678,train
11768,train
7263,train
6254,train
32928,train
14048,train
5661,train
14324,train
14458,train
32102,train
24085,train
13564,train
24822,train
23714,train
5361,train
34837,train
3420,train
36304,train
19491,train
20188,train
23822,train
29778,train
25340,train
11572,train
3269,train
41579,train
42350,train
36815,train
46499,train
46234,train
48492,train
18782,train
41506,train
10992,train
33590,train
20988,train
44741,train
37424,train
12046,train
39002,train
10484,train
4783,train
19329,train
11376,train
29657,train
930,train
6307,train
330,train
8918,train
49307,train
38422,train
17076,train
23990,train
11067,train
20258,train
10948,train
17513,train
9386,train
11805,train
14377,train
6716,train
18610,train
1927,train
46508,train
31899,train
12230,train
23367,train
6060,train
5140,train
2503,train
24849,train
48510,train
1771,train
29992,train
18485,train
2282,train
33846,train
41087,train
26988,train
25694,train
22745,train
22256,train
28088,train
24667,train
22483,train
26431,train
43374,train
1720,train
39771,train
44750,train
29596,train
552,train
21285,train
24688,train
44922,train
36682,train
14443,train
5174,train
24146,train
13341,train
44532,train
19233,train
42636,train
17316,train
20472,train
48180,train
46043,train
31261,train
48683,train
17277,train
42461,train
21063,train
45047,train
4717,train
9730,train
37305,train
17895,train
31348,train
26266,train
48167,train
25457,train
36636,train
21074,train
48056,train
27704,train
34172,train
21386,train
49767,train
23543,train
21460,train
8282,train
1615,train
22605,train
35390,train
49196,train
40227,train
27542,train
28811,train
30916,train
32073,train
25631,train
45259,train
13740,train
10328,train
39345,train
18504,train
39362,train
29048,train
11382,train
31021,train
34167,train
23135,train
24381,train
18165,train
38538,train
4065,train
19679,train
4603,train
44533,train
36895,train
4887,train
42566,train
7131,train
16291,train
3572,train
46880,train
35021,train
33120,train
42749,train
21050,train
43900,train
20990,train
1892,train
15114,train
5698,train
21833,train
48934,train
19230,train
9587,train
15265,train
27596,train
46930,train
33838,train
45538,train
16758,train
14719,train
43979,train
37322,train
3107,train
39483,train
25222,train
11916,train
45076,train
34302,train
2821,train
30616,train
4490,train
38184,train
33558,train
29173,train
20421,train
19883,train
26523,train
49134,train
38857,train
13575,train
14445,train
12610,train
34120,train
35877,train
7739,train
22049,train
33484,train
20845,train
11831,train
31462,train
48282,train
28464,train
46403,train
40093,train
12661,train
31349,train
28519,train
16711,train
7986,train
34980,train
23182,train
43554,train
10740,train
2558,train
20546,train
33191,train
28764,train
1399,train
4872,train
9925,train
693,train
11496,train
4176,train
29511,train
46613,train
27593,train
35620,train
35751,train
12295,train
156,train
20712,train
31518,train
9774,train
42354,train
49619,train
7047,train
4103,train
23889,train
27193,train
11735,train
42788,train
2511,train
49121,train
11297,train
1059,train
30830,train
18793,train
25849,train
32756,train
6914,train
36727,train
7126,train
41264,train
10723,train
16962,train
31073,train
44713,train
24823,train
3059,train
16986,train
17628,train
37740,train
8507,train
34759,train
15330,train
9477,train
30141,train
48144,train
17368,train
27096,train
18185,train
40212,train
24125,train
2803,train
9979,train
37481,train
48077,train
34210,train
14796,train
16526,train
19837,train
22782,train
34066,train
28892,train
624,train
2987,train
33829,train
10387,train
30213,train
8132,train
42526,train
46233,train
17574,train
13214,train
37027,train
12998,train
38126,train
27628,train
43659,train
47728,train
44850,train
17546,train
41345,train
18206,train
35891,train
44954,train
30847,train
35633,train
46237,train
33440,train
17063,train
10337,train
25068,train
2920,train
63,train
40481,train
36327,train
18889,train
19767,train
41901,train
47682,train
48025,train
5171,train
43805,train
41176,train
13462,train
25660,train
6563,train
38462,train
865,train
33767,train
44001,train
36780,train
31185,train
19321,train
3768,train
47900,train
23216,train
9481,train
39399,train
24129,train
4952,train
45752,train
40702,train
39216,train
19633,train
47986,train
7855,train
16102,train
39071,train
43062,train
4213,train
31301,train
13114,train
12747,train
41303,train
8319,train
44601,train
36163,train
21663,train
2574,train
23742,train
10890,train
3124,train
46838,train
42755,train
3037,train
17970,train
46910,train
6724,train
29936,train
42373,train
40609,train
47978,train
11950,train
20175,train
21294,train
6530,train
28874,train
34554,train
16035,train
21821,train
40346,train
49866,train
12756,train
43343,train
37441,train
32517,train
37063,train
48601,train
17685,train
36511,train
49237,train
28822,train
6133,train
5928,train
35453,train
38855,train
11490,train
19758,train
10591,train
18028,train
12468,train
3412,train
9553,train
42890,train
2421,train
16580,train
27362,train
19519,train
19323,train
33212,train
14542,train
23460,train
23056,train
32049,train
34528,train
18177,train
172,train
16481,train
24693,train
13607,train
13674,train
14239,train
24022,train
5427,train
38292,train
46328,train
18428,train
40682,train
47090,train
21585,train
24637,train
34517,train
34445,train
10780,train
38634,train
6950,train
23186,train
35432,train
7477,train
13043,train
28460,train
27180,train
31382,train
6746,train
39273,train
45824,train
43362,train
33119,train
21219,train
15373,train
9876,train
28947,train
37620,train
37688,train
18190,train
45034,train
13369,train
9232,train
44188,train
19844,train
31091,train
28314,train
36752,train
27900,train
17224,train
41255,train
36713,train
557,train
8224,train
11664,train
17592,train
31024,train
24250,train
11165,train
12071,train
9948,train
13435,train
32716,train
19408,train
29219,train
19536,train
2201,train
14266,train
25124,train
35355,train
39129,train
7895,train
21161,train
43983,train
19567,train
28785,train
10119,train
42194,train
13390,train
4031,train
6597,train
22314,train
49930,train
10176,train
23619,train
40570,train
10320,train
21564,train
28147,train
14288,train
38128,train
48364,train
8039,train
23157,train
45522,train
25146,train
44901,train
36477,train
41366,train
1273,train
1375,train
45308,train
15351,train
35357,train
31329,train
31053,train
2855,train
45059,train
45454,train
1208,train
19682,train
18652,train
38083,train
31614,train
808,train
46877,train
42003,train
25668,train
8718,train
49722,train
41040,train
11468,train
27455,train
18512,train
23436,train
25553,train
42070,train
9218,train
11129,train
29044,train
39813,train
37145,train
34970,train
37325,train
22148,train
8636,train
40535,train
47475,train
47234,train
34573,train
37069,train
36463,train
19208,train
40076,train
33496,train
37135,train
41194,train
27957,train
5652,train
10443,train
37127,train
37379,train
3648,train
22615,train
42322,train
38537,train
12393,train
14702,train
47346,train
33708,train
23124,train
18027,train
13915,train
5234,train
39840,train
42382,train
16266,train
24978,train
37673,train
45983,train
39972,train
10103,train
45991,train
30489,train
38022,train
32719,train
38271,train
22532,train
43232,train
3639,train
8447,train
16661,train
4593,train
1907,train
19072,train
30841,train
21478,train
35136,train
6213,train
41588,train
30675,train
20952,train
35681,train
20695,train
18267,train
39015,train
48308,train
49495,train
46718,train
45442,train
46118,train
47408,train
7180,train
14730,train
7600,train
29114,train
4269,train
40102,train
48116,train
37476,train
35746,train
34956,train
39515,train
42586,train
42853,train
20259,train
25840,train
25834,train
37103,train
33107,train
6941,train
43154,train
32342,train
5821,train
30000,train
26878,train
42472,train
31620,train
47045,train
6198,train
11483,train
12939,train
1004,train
41552,train
2689,train
23440,train
39207,train
25235,train
32660,train
19783,train
39457,train
7315,train
18399,train
24940,train
9713,train
12712,train
13837,train
3672,train
26956,train
24527,train
42075,train
47853,train
438,train
3728,train
17029,train
6226,train
32608,train
21578,train
804,train
36665,train
34881,train
41910,train
49084,train
39180,train
14917,train
7348,train
9785,train
4508,train
34925,train
34267,train
5152,train
43548,train
38796,train
6270,train
33400,train
30579,train
24406,train
39006,train
16900,train
39104,train
30467,train
41657,train
17800,train
43461,train
14119,train
34127,train
45262,train
35924,train
37308,train
28488,train
14341,train
26384,train
14495,train
31379,train
18824,train
23334,train
39461,train
8737,train
41717,train
37696,train
27353,train
29056,train
43306,train
37378,train
22848,train
47769,train
2982,train
5238,train
7168,train
39527,train
39904,train
25143,train
15196,train
22671,train
5009,train
2008,train
38497,train
3644,train
14854,train
42927,train
25044,train
12523,train
123,train
37873,train
20946,train
6534,train
48654,train
28921,train
3532,train
38853,train
43727,train
37200,train
20509,train
48643,train
43818,train
38486,train
27967,train
44514,train
10922,train
1796,train
25184,train
16358,train
17409,train
34164,train
48915,train
34649,train
32523,train
20925,train
40578,train
11040,train
20721,train
1237,train
33186,train
23854,train
19156,train
30478,train
40730,train
22810,train
18438,train
32209,train
44658,train
16401,train
32305,train
4013,train
124,train
29045,train
30391,train
16754,train
48305,train
41761,train
36609,train
49721,train
45012,train
39862,train
1601,train
8805,train
6135,train
12472,train
43809,train
4846,train
6823,train
2498,train
24939,train
5993,train
6753,train
19368,train
16976,train
37654,train
42991,train
10769,train
39222,train
38936,train
16821,train
44122,train
44448,train
41117,train
43106,train
21133,train
48507,train
43798,train
43312,train
2509,train
38165,train
32323,train
8307,train
40254,train
271,train
218,train
45240,train
47086,train
12976,train
17335,train
19386,train
10855,train
42324,train
11917,train
8652,train
7429,train
4743,train
40435,train
31104,train
23634,train
36141,train
47184,train
40112,train
5841,train
9408,train
4345,train
10162,train
23531,train
12251,train
42153,train
15371,train
12314,train
23557,train
6637,train
27903,train
8924,train
44644,train
13646,train
12356,train
37020,train
11262,train
9702,train
22316,train
25435,train
17007,train
28243,train
19304,train
12536,train
574,train
44587,train
19884,train
3820,train
45719,train
7082,train
18000,train
47236,train
867,train
38265,train
23210,train
22420,train
42076,train
18336,train
46203,train
8827,train
11556,train
14907,train
20782,train
22329,train
40934,train
15873,train
11703,train
48873,train
8896,train
12937,train
26552,train
14023,train
30648,train
23635,train
40146,train
31880,train
2971,train
19656,train
44530,train
15617,train
28604,train
21916,train
36980,train
5151,train
46549,train
44181,train
27101,train
24513,train
13431,train
28400,train
23512,train
8696,train
42864,train
42782,train
15997,train
42375,train
2687,train
16561,train
33655,train
17642,train
4938,train
49526,train
18419,train
5689,train
20236,train
48948,train
14126,train
33252,train
36437,train
44030,train
37405,train
45787,train
24145,train
43545,train
27443,train
37230,train
13692,train
17212,train
15115,train
4171,train
5487,train
41217,train
48752,train
19094,train
31772,train
32795,train
8592,train
30885,train
10534,train
45185,train
6762,train
33089,train
32732,train
27428,train
47229,train
4406,train
49287,train
16145,train
20596,train
48179,train
22699,train
24976,train
24980,train
20436,train
41377,train
5163,train
8386,train
47957,train
37506,train
30310,train
39406,train
28620,train
2079,train
25345,train
29076,train
7010,train
8541,train
33804,train
22747,train
32251,train
368,train
5288,train
15116,train
15787,train
1456,train
39685,train
6200,train
28779,train
35377,train
35304,train
12198,train
31009,train
26814,train
8370,train
3438,train
32785,train
13306,train
33233,train
35244,train
8302,train
213,train
40817,train
28885,train
28193,train
9201,train
44732,train
45898,train
3005,train
4970,train
2822,train
40487,train
46473,train
29229,train
19488,train
25091,train
1964,train
22528,train
641,train
42683,train
29931,train
7754,train
10508,train
17627,train
35706,train
8619,train
9974,train
30795,train
12490,train
1858,train
5083,train
17608,train
43990,train
8043,train
36896,train
41298,train
14224,train
29209,train
40012,train
42609,train
44837,train
10365,train
27896,train
13481,train
12435,train
21177,train
49847,train
32475,train
8851,train
28647,train
23864,train
44155,train
47961,train
18647,train
29671,train
4940,train
47109,train
401,train
14846,train
23213,train
4308,train
38400,train
1752,train
35994,train
25032,train
11645,train
17757,train
25294,train
35528,train
20213,train
11004,train
1234,train
15963,train
21488,train
32815,train
34214,train
41852,train
11918,train
48832,train
27067,train
11270,train
449,train
36173,train
33987,train
26061,train
35539,train
37854,train
16448,train
11398,train
7120,train
21300,train
38715,train
7122,train
42145,train
36087,train
6096,train
40743,train
33032,train
3073,train
46067,train
5000,train
41182,train
23368,train
28799,train
47333,train
22019,train
43351,train
44624,train
33355,train
35855,train
48498,train
45237,train
46897,train
23503,train
38348,train
28681,train
4311,train
39523,train
15555,train
16871,train
40694,train
30902,train
17974,train
39937,train
332,train
32589,train
6583,train
39290,train
18565,train
49189,train
46181,train
44235,train
39185,train
26667,train
32343,train
1811,train
21587,train
19622,train
36424,train
31650,train
45690,train
6802,train
9,train
43328,train
11566,train
31486,train
26362,train
15501,train
8917,train
44627,train
38773,train
11097,train
25398,train
29673,train
35077,train
43090,train
27041,train
27367,train
49278,train
48249,train
37660,train
1165,train
16998,train
15816,train
34244,train
10158,train
14884,train
11383,train
45145,train
7830,train
26702,train
22319,train
44154,train
47416,train
18174,train
31631,train
21123,train
48110,train
34453,train
43696,train
13375,train
31299,train
1248,train
25901,train
49527,train
22955,train
3753,train
36725,train
29410,train
44809,train
34711,train
26967,train
43571,train
5555,train
26217,train
30834,train
8509,train
43127,train
33666,train
33113,train
39529,train
31440,train
5050,train
25955,train
41410,train
18667,train
49004,train
31076,train
18180,train
11456,train
19777,train
48472,train
32800,train
40770,train
35172,train
582,train
22199,train
45363,train
5541,train
9331,train
9841,train
4138,train
38,train
7031,train
26335,train
40913,train
48906,train
2581,train
34964,train
30710,train
6917,train
38678,train
7155,train
20153,train
32794,train
39663,train
16795,train
36773,train
30185,train
49727,train
2302,train
20482,train
12959,train
2629,train
29155,train
49615,train
18507,train
47729,train
12831,train
35845,train
7347,train
10170,train
38869,train
24926,train
46113,train
9294,train
49837,train
49581,train
25962,train
49335,train
10750,train
8365,train
42205,train
28615,train
27467,train
7851,train
28936,train
18276,train
40691,train
39303,train
27629,train
23100,train
21078,train
42960,train
19489,train
8257,train
29136,train
44603,train
3549,train
36298,train
10351,train
8595,train
27943,train
6192,train
32927,train
47756,train
36835,train
28078,train
13649,train
29972,train
421,train
46110,train
15631,train
3838,train
43882,train
39469,train
15278,train
21635,train
24883,train
28360,train
18615,train
10981,train
40604,train
4494,train
11592,train
29098,train
9103,train
22470,train
27991,train
33246,train
21363,train
19082,train
9123,train
19732,train
11118,train
25338,train
34862,train
9354,train
36117,train
25835,train
37222,train
24384,train
36578,train
13426,train
22763,train
24927,train
4568,train
15329,train
40956,train
359,train
1689,train
29027,train
17997,train
49965,train
14745,train
30197,train
22910,train
21735,train
34695,train
8632,train
7459,train
49853,train
2659,train
40251,train
10767,train
47622,train
30246,train
7593,train
48069,train
2748,train
32170,train
8328,train
9506,train
36708,train
22211,train
29342,train
38463,train
36082,train
17251,train
10167,train
26162,train
241,train
25637,train
19471,train
15137,train
20696,train
9978,train
44714,train
49246,train
24607,train
41180,train
45958,train
48609,train
32304,train
9225,train
36247,train
48549,train
7233,train
6788,train
15745,train
41164,train
11437,train
1851,train
45641,train
43341,train
16101,train
23834,train
43607,train
33224,train
16482,train
40837,train
31936,train
22797,train
29529,train
516,train
34100,train
295,train
42034,train
23188,train
47631,train
18407,train
38902,train
20921,train
22651,train
49445,train
5752,train
16184,train
34052,train
48176,train
29374,train
45277,train
16281,train
38443,train
9612,train
39585,train
25801,train
135,train
13181,train
22807,train
37189,train
4266,train
7767,train
42648,train
41642,train
16486,train
29668,train
16067,train
45802,train
9161,train
31412,train
34012,train
34524,train
14208,train
31553,train
40201,train
23202,train
40998,train
44856,train
42188,train
33722,train
17874,train
41962,train
25995,train
19776,train
23140,train
40248,train
16074,train
24334,train
7834,train
19452,train
48751,train
20848,train
14861,train
2632,train
44204,train
28033,train
23170,train
34261,train
17679,train
10163,train
43348,train
27431,train
42414,train
26490,train
21369,train
32331,train
40274,train
26249,train
45393,train
2467,train
36123,train
48294,train
3762,train
16483,train
14165,train
33318,train
25133,train
45527,train
10612,train
36122,train
12038,train
41216,train
47889,train
22336,train
17782,train
4929,train
19614,train
22421,train
28435,train
41649,train
16734,train
36044,train
13985,train
48667,train
26118,train
31983,train
18004,train
47455,train
44960,train
23427,train
33819,train
27695,train
46166,train
20217,train
16185,train
30731,train
27626,train
26943,train
2313,train
25944,train
6704,train
29649,train
21372,train
16869,train
12889,train
18066,train
8047,train
2384,train
27856,train
12289,train
283,train
47938,train
27887,train
16131,train
9687,train
29050,train
4829,train
48352,train
12338,train
43847,train
18694,train
31065,train
42475,train
36031,train
6211,train
32372,train
11869,train
42610,train
25933,train
45946,train
19714,train
19327,train
46604,train
38029,train
204,train
8884,train
25333,train
12277,train
25196,train
15859,train
13666,train
9129,train
46852,train
7353,train
4987,train
47412,train
40068,train
31003,train
4995,train
28656,train
41266,train
33149,train
9271,train
26778,train
4612,train
11477,train
5524,train
25822,train
28197,train
15079,train
46225,train
12730,train
6537,train
36753,train
34403,train
45167,train
28103,train
47660,train
17881,train
27618,train
3681,train
49929,train
28105,train
38713,train
31210,train
46096,train
6841,train
31175,train
25247,train
44861,train
40899,train
13050,train
46526,train
33166,train
38060,train
37820,train
29488,train
25977,train
11428,train
14267,train
49403,train
46044,train
46614,train
15759,train
5393,train
12754,train
24819,train
33365,train
32014,train
42745,train
41429,train
33176,train
12977,train
11216,train
30344,train
23487,train
4418,train
32763,train
26842,train
45427,train
42172,train
18425,train
13688,train
459,train
40920,train
35896,train
41485,train
6172,train
33446,train
29249,train
21950,train
48980,train
31990,train
13853,train
2190,train
11098,train
24494,train
48723,train
35860,train
26780,train
2258,train
2305,train
15904,train
17813,train
1828,train
13238,train
7590,train
7797,train
37717,train
21637,train
35790,train
6540,train
19260,train
38454,train
2252,train
5844,train
32748,train
33429,train
45902,train
27663,train
32490,train
41084,train
20181,train
27142,train
47318,train
38334,train
17140,train
8947,train
37326,train
8037,train
26032,train
46132,train
42783,train
49775,train
9207,train
3676,train
1206,train
2002,train
20460,train
36580,train
44458,train
44013,train
49741,train
6292,train
107,train
9328,train
36684,train
44401,train
42402,train
37796,train
39187,train
1116,train
18607,train
19687,train
5734,train
6439,train
25980,train
37044,train
25675,train
43584,train
27831,train
27956,train
29921,train
40727,train
6471,train
22192,train
39792,train
31839,train
35613,train
26209,train
44426,train
48661,train
15761,train
3629,train
32890,train
18789,train
23282,train
24821,train
47758,train
9237,train
2957,train
17603,train
857,train
23723,train
25777,train
9748,train
40728,train
6472,train
699,train
31325,train
39545,train
27500,train
21410,train
19493,train
39335,train
23154,train
13259,train
15795,train
27005,train
9482,train
5092,train
21365,train
34228,train
3776,train
48738,train
23193,train
41225,train
36573,train
26892,train
4716,train
32289,train
31922,train
34192,train
28091,train
36144,train
21829,train
43268,train
30037,train
13659,train
3759,train
5987,train
15460,train
1869,train
30808,train
6703,train
15074,train
33685,train
20882,train
12851,train
18780,train
46085,train
9086,train
29508,train
35455,train
25357,train
45079,train
4082,train
42458,train
20515,train
16317,train
19231,train
39593,train
5112,train
11041,train
16360,train
30660,train
66,train
39946,train
40863,train
25964,train
30988,train
4949,train
37658,train
34288,train
6782,train
49230,train
14374,train
5173,train
4768,train
8045,train
30012,train
38727,train
21013,train
48497,train
4379,train
43281,train
43416,train
36030,train
22626,train
13274,train
39962,train
9230,train
14112,train
2960,train
42606,train
4878,train
22931,train
12758,train
39582,train
49838,train
2447,train
43137,train
19335,train
903,train
39521,train
21544,train
45017,train
47650,train
43311,train
15879,train
15455,train
34063,train
39381,train
18942,train
25466,train
3971,train
4259,train
46906,train
12570,train
21599,train
9999,train
16767,train
694,train
49160,train
43909,train
22303,train
16899,train
1524,train
43069,train
38070,train
13893,train
23044,train
8360,train
16224,train
15643,train
17614,train
10953,train
6828,train
24122,train
9151,train
7545,train
6600,train
18288,train
21413,train
9529,train
33014,train
13224,train
41231,train
36148,train
9327,train
29436,train
21350,train
21798,train
13138,train
7361,train
15358,train
21060,train
33548,train
23658,train
39556,train
6139,train
4196,train
34880,train
30721,train
19526,train
23790,train
33287,train
33026,train
34090,train
6586,train
2232,train
8550,train
4382,train
8458,train
30848,train
9018,train
11306,train
22297,train
29296,train
25587,train
43429,train
40335,train
42013,train
19532,train
26868,train
48466,train
14872,train
39920,train
20967,train
27643,train
38282,train
17804,train
47760,train
42992,train
18215,train
1808,train
20195,train
13460,train
8586,train
42635,train
14950,train
12693,train
16536,train
41610,train
28533,train
36831,train
47752,train
43317,train
24928,train
41486,train
49474,train
19748,train
4472,train
49802,train
24400,train
32150,train
27669,train
42891,train
33777,train
18582,train
15474,train
5389,train
33926,train
11923,train
6041,train
17987,train
184,train
7710,train
23423,train
28302,train
5982,train
21430,train
4797,train
29070,train
24462,train
33647,train
20945,train
29198,train
34653,train
36887,train
13233,train
20766,train
25094,train
29683,train
7064,train
6443,train
37254,train
47699,train
40733,train
16633,train
17454,train
1098,train
20280,train
14574,train
12234,train
47437,train
31212,train
15353,train
12023,train
39766,train
32544,train
17082,train
42738,train
177,train
22378,train
34149,train
40130,train
44595,train
47614,train
46869,train
39934,train
7390,train
46031,train
35874,train
44652,train
41142,train
44266,train
27,train
32559,train
36116,train
3196,train
15153,train
18977,train
8556,train
38658,train
27580,train
27380,train
35537,train
5792,train
44083,train
43190,train
41309,train
11859,train
46686,train
10063,train
39332,train
17972,train
42857,train
46489,train
47173,train
6790,train
14242,train
14915,train
18906,train
3101,train
37847,train
47601,train
27080,train
5751,train
42106,train
47338,train
34271,train
3688,train
28806,train
47995,train
8477,train
22847,train
12827,train
44252,train
48583,train
31280,train
9335,train
10815,train
33286,train
1982,train
49734,train
5030,train
24899,train
10664,train
48754,train
30144,train
18781,train
12163,train
26744,train
275,train
6837,train
23119,train
3788,train
9377,train
17313,train
35324,train
11030,train
34675,train
26987,train
47856,train
35087,train
4375,train
14400,train
16387,train
830,train
10489,train
43454,train
12092,train
42924,train
30709,train
19413,train
45194,train
37982,train
43236,train
15084,train
1957,train
4319,train
41994,train
11047,train
21454,train
43628,train
11231,train
40293,train
44600,train
39473,train
24311,train
21457,train
25880,train
12416,train
22915,train
35040,train
22307,train
5972,train
49108,train
24312,train
40072,train
14826,train
23940,train
3692,train
34646,train
42756,train
7352,train
19051,train
41858,train
2937,train
1856,train
27665,train
34570,train
22486,train
33594,train
12466,train
21802,train
20385,train
43878,train
18760,train
23072,train
1618,train
48854,train
45680,train
28345,train
47745,train
1086,train
17986,train
5964,train
12451,train
24498,train
18405,train
21837,train
27337,train
34905,train
4526,train
8936,train
28642,train
27276,train
3034,train
4346,train
45052,train
46600,train
38273,train
10426,train
16151,train
29691,train
7068,train
41638,train
8240,train
41059,train
27466,train
37843,train
14990,train
14463,train
47064,train
12149,train
29499,train
21869,train
31059,train
40707,train
30989,train
46173,train
2628,train
43462,train
38617,train
15348,train
29535,train
20030,train
7110,train
38306,train
45005,train
28403,train
43712,train
1716,train
15105,train
11082,train
2446,train
2737,train
15173,train
21378,train
43697,train
32649,train
35423,train
44118,train
46530,train
20724,train
39119,train
25806,train
4686,train
17466,train
48724,train
48328,train
8305,train
41597,train
19871,train
8295,train
12143,train
36736,train
33183,train
25236,train
44951,train
1969,train
19238,train
37058,train
34298,train
15988,train
14540,train
22582,train
4932,train
36317,train
27675,train
41702,train
34295,train
1136,train
22541,train
45282,train
38270,train
23430,train
39142,train
42997,train
36834,train
2451,train
9182,train
10248,train
10623,train
30526,train
4501,train
42325,train
46416,train
2140,train
45000,train
13061,train
27406,train
14962,train
21169,train
21436,train
22040,train
46857,train
26534,train
49347,train
6702,train
12691,train
5104,train
28637,train
48159,train
29665,train
47692,train
36637,train
49157,train
45569,train
10383,train
29254,train
8404,train
22590,train
38420,train
34742,train
12958,train
13937,train
7929,train
16316,train
43282,train
41980,train
6238,train
47040,train
47443,train
45267,train
14933,train
23509,train
18163,train
42273,train
48688,train
534,train
14858,train
32904,train
7385,train
25664,train
43865,train
34505,train
47896,train
34362,train
23547,train
10073,train
45840,train
34859,train
45435,train
35719,train
10787,train
46033,train
13261,train
27592,train
38703,train
31857,train
8984,train
19561,train
38480,train
49498,train
39311,train
48411,train
4528,train
956,train
25663,train
24763,train
31164,train
972,train
24506,train
31646,train
16394,train
21636,train
48533,train
49871,train
25428,train
35685,train
26934,train
9100,train
1153,train
12043,train
37012,train
40474,train
351,train
17040,train
30464,train
5757,train
18601,train
39366,train
26078,train
28614,train
42763,train
38099,train
34443,train
38749,train
42562,train
19252,train
42340,train
4849,train
32930,train
14365,train
32938,train
45116,train
2980,train
26185,train
44983,train
17732,train
17268,train
41691,train
45458,train
44060,train
45703,train
7136,train
36567,train
16549,train
34016,train
18238,train
41664,train
3082,train
45999,train
3683,train
20569,train
41369,train
46344,train
24177,train
33758,train
14850,train
32485,train
11665,train
32590,train
49078,train
42437,train
13464,train
44973,train
16494,train
9061,train
16766,train
5355,train
35063,train
45851,train
44615,train
29790,train
45439,train
21499,train
24275,train
33180,train
2726,train
9862,train
32659,train
8898,train
9707,train
15305,train
13699,train
47276,train
43442,train
9169,train
35652,train
23084,train
2808,train
15119,train
23839,train
28701,train
23999,train
27081,train
5383,train
40401,train
12399,train
45568,train
20164,train
40508,train
39672,train
35297,train
4898,train
29661,train
29231,train
49808,train
30637,train
29086,train
34908,train
17479,train
5474,train
6729,train
46351,train
2917,train
2098,train
6384,train
30375,train
8157,train
7288,train
47945,train
9297,train
17113,train
18069,train
46107,train
46966,train
35120,train
30729,train
43227,train
5064,train
37852,train
17039,train
3019,train
228,train
27927,train
45336,train
9202,train
49896,train
2483,train
44686,train
44355,train
17469,train
40900,train
15436,train
42105,train
22577,train
43903,train
40010,train
25450,train
948,train
8597,train
23215,train
33593,train
12400,train
22484,train
14222,train
9518,train
48238,train
8526,train
44857,train
5120,train
32189,train
32863,train
18136,train
41867,train
1297,train
28750,train
5398,train
41622,train
26211,train
24973,train
31680,train
13212,train
14021,train
45069,train
35,train
19187,train
41302,train
3115,train
34565,train
16034,train
17105,train
2489,train
436,train
8117,train
13407,train
17589,train
5291,train
23165,train
8817,train
210,train
5123,train
16047,train
2739,train
25324,train
23621,train
17293,train
44943,train
47797,train
9708,train
48774,train
5061,train
46362,train
31648,train
20207,train
22943,train
16362,train
30954,train
5893,train
30802,train
16285,train
6301,train
26809,train
37979,train
4037,train
1668,train
13405,train
6087,train
31239,train
38048,train
30672,train
20467,train
27723,train
2697,train
31673,train
10997,train
30313,train
31604,train
35489,train
16162,train
35842,train
20329,train
13143,train
29389,train
13885,train
18707,train
28911,train
14145,train
38257,train
20532,train
39805,train
12761,train
37824,train
33857,train
28225,train
4326,train
34897,train
24317,train
21159,train
21669,train
11455,train
28379,train
36371,train
25060,train
21922,train
15136,train
29586,train
12495,train
37250,train
9667,train
41564,train
49302,train
13104,train
4219,train
5769,train
20339,train
17593,train
25832,train
16601,train
14259,train
40349,train
19927,train
49151,train
26331,train
1659,train
40497,train
37643,train
34714,train
33861,train
29710,train
2897,train
38074,train
25451,train
6659,train
44563,train
40874,train
9411,train
7065,train
10260,train
46503,train
6934,train
35864,train
5931,train
49343,train
26274,train
26711,train
697,train
13702,train
14752,train
22882,train
27335,train
46753,train
5968,train
16538,train
41098,train
35514,train
41727,train
3108,train
42898,train
21175,train
2481,train
15095,train
36487,train
36010,train
8965,train
6427,train
7796,train
30430,train
12793,train
7095,train
29919,train
12971,train
23697,train
17197,train
569,train
20408,train
32035,train
27229,train
17944,train
21716,train
22613,train
17562,train
39769,train
36803,train
49443,train
44623,train
23603,train
9334,train
5272,train
25045,train
27811,train
10216,train
44480,train
1678,train
47177,train
29020,train
8064,train
14611,train
5533,train
12083,train
37954,train
17791,train
30662,train
42923,train
28034,train
16713,train
33898,train
4793,train
38459,train
35468,train
4697,train
1741,train
20997,train
13648,train
5245,train
26009,train
25730,train
46007,train
29330,train
19251,train
22722,train
17250,train
30797,train
44417,train
35721,train
47866,train
21249,train
36272,train
4773,train
16935,train
40782,train
11278,train
49723,train
28565,train
49768,train
30049,train
36917,train
28465,train
5218,train
32229,train
6168,train
39669,train
37280,train
361,train
36329,train
31435,train
288,train
16156,train
16322,train
39143,train
4108,train
43831,train
23663,train
17927,train
5275,train
14660,train
18920,train
12125,train
31511,train
20673,train
18859,train
3831,train
5263,train
24762,train
24834,train
43135,train
17500,train
911,train
47345,train
13857,train
18320,train
21923,train
9304,train
24049,train
16616,train
28836,train
12816,train
43324,train
46361,train
10115,train
39136,train
47567,train
40283,train
48301,train
1890,train
28124,train
23906,train
46188,train
3650,train
26444,train
35694,train
20389,train
19181,train
170,train
2406,train
3200,train
14093,train
45389,train
3203,train
48535,train
14553,train
42389,train
21026,train
4215,train
18373,train
49400,train
37447,train
21224,train
24188,train
19344,train
11565,train
2213,train
38069,train
36221,train
24168,train
10643,train
5759,train
20301,train
48234,train
7976,train
48252,train
19987,train
19644,train
27316,train
47536,train
25061,train
44143,train
25220,train
24510,train
5644,train
46696,train
12074,train
13787,train
12884,train
33376,train
21700,train
31613,train
42140,train
33884,train
41139,train
15179,train
13892,train
2491,train
11783,train
36014,train
18798,train
23959,train
1202,train
16774,train
14813,train
12006,train
9333,train
38941,train
36459,train
22504,train
42750,train
30903,train
3464,train
17289,train
4808,train
30076,train
16788,train
33404,train
10345,train
8754,train
8752,train
15702,train
35625,train
31419,train
3837,train
38158,train
40413,train
7645,train
21989,train
19249,train
17601,train
11903,train
19255,train
30966,train
18072,train
41667,train
38628,train
23442,train
48896,train
17801,train
38458,train
49457,train
39412,train
19566,train
22318,train
29299,train
39670,train
3386,train
46861,train
19707,train
39401,train
34577,train
36491,train
2634,train
3679,train
27907,train
28816,train
33894,train
24246,train
11818,train
43460,train
44993,train
19574,train
6808,train
27442,train
3206,train
32461,train
10968,train
26079,train
17441,train
15260,train
15429,train
32499,train
30715,train
28588,train
44660,train
3506,train
5895,train
15381,train
40928,train
11675,train
46165,train
40626,train
25227,train
17917,train
49363,train
30877,train
47062,train
7077,train
18491,train
13210,train
21391,train
21738,train
46420,train
47560,train
35519,train
49214,train
20620,train
6435,train
18492,train
45175,train
28650,train
12739,train
15240,train
4604,train
11946,train
9813,train
17580,train
20036,train
6134,train
30136,train
9571,train
27368,train
160,train
18117,train
11893,train
15293,train
11239,train
7988,train
9388,train
2133,train
41707,train
47448,train
21382,train
7649,train
6548,train
15466,train
4594,train
47171,train
23328,train
12350,train
42225,train
46761,train
46383,train
43395,train
33677,train
35435,train
47269,train
16893,train
41805,train
17065,train
22685,train
21781,train
9593,train
7401,train
3281,train
28282,train
16234,train
39879,train
6410,train
29772,train
9219,train
9557,train
39487,train
9348,train
40941,train
22251,train
4435,train
13349,train
9287,train
13676,train
21558,train
34081,train
821,train
36968,train
29941,train
221,train
41130,train
46971,train
29314,train
36530,train
36439,train
46339,train
27031,train
32336,train
4844,train
11945,train
36829,train
37597,train
6869,train
46776,train
6758,train
33080,train
40670,train
21895,train
17448,train
7087,train
47046,train
12985,train
14556,train
19303,train
642,train
28182,train
49281,train
3881,train
30665,train
10517,train
9779,train
34514,train
21661,train
27779,train
29418,train
6431,train
10336,train
12067,train
678,train
14750,train
28344,train
28551,train
19762,train
5574,train
40475,train
840,train
3514,train
36125,train
3655,train
28729,train
18543,train
15018,train
33757,train
17773,train
29110,train
42776,train
28013,train
49137,train
2437,train
38563,train
37383,train
45796,train
10897,train
44227,train
37555,train
1005,train
15427,train
20274,train
47290,train
40317,train
8488,train
38053,train
20387,train
14183,train
34336,train
47862,train
35425,train
18953,train
13541,train
15858,train
10945,train
31819,train
27338,train
29997,train
4711,train
13532,train
47764,train
1967,train
18845,train
37469,train
39138,train
27379,train
31869,train
11793,train
20486,train
14474,train
15820,train
18473,train
12105,train
47792,train
29130,train
5990,train
12002,train
28467,train
26420,train
37927,train
5456,train
18366,train
23612,train
15654,train
13976,train
24042,train
36276,train
31480,train
26424,train
45553,train
39403,train
36359,train
48660,train
38467,train
22288,train
21160,train
27874,train
30112,train
23269,train
20056,train
12309,train
40157,train
44931,train
48657,train
8581,train
41542,train
149,train
26197,train
15773,train
34976,train
31625,train
26067,train
45195,train
14948,train
32378,train
34559,train
13437,train
44358,train
12048,train
40452,train
25392,train
38854,train
1632,train
15101,train
46365,train
28322,train
48791,train
14468,train
3127,train
36657,train
35972,train
44434,train
20571,train
8030,train
37536,train
46249,train
38838,train
17018,train
11092,train
18900,train
47974,train
958,train
32500,train
2019,train
32846,train
31540,train
36774,train
26893,train
44878,train
12010,train
8860,train
6305,train
1732,train
39116,train
27570,train
40297,train
34495,train
14310,train
32350,train
724,train
25280,train
13123,train
9455,train
29142,train
15162,train
22358,train
44689,train
37953,train
33501,train
9832,train
10441,train
39898,train
4855,train
11856,train
30826,train
42578,train
19415,train
38135,train
35300,train
37488,train
12259,train
18600,train
4001,train
19935,train
22543,train
47403,train
12462,train
18722,train
1267,train
47324,train
26459,train
15597,train
4547,train
34286,train
17797,train
3193,train
16129,train
27491,train
12193,train
47713,train
10943,train
42869,train
32776,train
48501,train
17888,train
13875,train
12411,train
42740,train
27015,train
23581,train
45318,train
32803,train
13530,train
48414,train
34665,train
49844,train
39245,train
12087,train
24847,train
1797,train
13655,train
5588,train
37702,train
23973,train
38809,train
35315,train
7807,train
26679,train
28098,train
43182,train
4092,train
6874,train
5694,train
26122,train
36960,train
28102,train
41875,train
8435,train
25770,train
42280,train
24911,train
44470,train
5007,train
30106,train
41297,train
23099,train
30825,train
25482,train
841,train
38775,train
31744,train
45322,train
43636,train
4731,train
26193,train
29238,train
22066,train
2679,train
38875,train
5032,train
3321,train
6248,train
31249,train
39699,train
37533,train
14503,train
16587,train
21292,train
29913,train
12041,train
42716,train
13152,train
47523,train
48951,train
31031,train
42546,train
18989,train
8352,train
23326,train
42175,train
22356,train
36742,train
8664,train
37370,train
40101,train
38790,train
3183,train
12296,train
39770,train
42087,train
31041,train
2849,train
42216,train
47723,train
28880,train
45916,train
2881,train
5563,train
13776,train
36347,train
33011,train
49984,train
32080,train
26758,train
32026,train
39990,train
2845,train
23680,train
8678,train
20022,train
45164,train
21842,train
5028,train
38570,train
21667,train
49038,train
7651,train
11973,train
4061,train
40048,train
4834,train
3767,train
24900,train
1827,train
6531,train
44668,train
8647,train
31786,train
32365,train
23946,train
5701,train
9916,train
5254,train
35365,train
3123,train
35163,train
7286,train
27014,train
19369,train
19154,train
15321,train
39230,train
809,train
15885,train
20266,train
4983,train
23150,train
44832,train
9361,train
3850,train
36458,train
10861,train
39019,train
27590,train
41473,train
40708,train
39295,train
40755,train
30752,train
4364,train
12413,train
5338,train
38987,train
14382,train
32491,train
7386,train
25399,train
6844,train
10056,train
38110,train
14295,train
14071,train
33068,train
21878,train
44371,train
29448,train
48546,train
5419,train
48165,train
42305,train
19277,train
11900,train
6217,train
3396,train
7283,train
25139,train
20807,train
5170,train
11444,train
34873,train
21005,train
42840,train
47152,train
28611,train
4863,train
24897,train
9104,train
882,train
25013,train
45441,train
48652,train
29687,train
26655,train
39806,train
5371,train
38559,train
22270,train
29403,train
36225,train
34327,train
25011,train
12493,train
2890,train
43088,train
11320,train
3698,train
48994,train
49419,train
43629,train
17862,train
3377,train
27859,train
6123,train
34259,train
42686,train
44817,train
36614,train
24466,train
11363,train
41463,train
24017,train
15410,train
19991,train
10840,train
43918,train
29690,train
43747,train
4179,train
24839,train
18604,train
14829,train
42409,train
40320,train
16731,train
32916,train
4168,train
18751,train
28263,train
24714,train
14648,train
46415,train
41826,train
44703,train
16126,train
40950,train
32617,train
33860,train
48965,train
13385,train
15861,train
37296,train
35973,train
14768,train
49093,train
36223,train
24496,train
34157,train
8148,train
37499,train
38056,train
4962,train
4943,train
3362,train
35266,train
38470,train
17840,train
31721,train
7103,train
12282,train
13789,train
28924,train
4107,train
32700,train
35908,train
15156,train
6062,train
10161,train
36472,train
2393,train
24108,train
21918,train
1717,train
36681,train
21610,train
49629,train
10729,train
22042,train
37098,train
42452,train
28574,train
42894,train
3747,train
41051,train
44684,train
12421,train
29854,train
46145,train
45664,train
2932,train
7140,train
5713,train
36090,train
32138,train
4799,train
18429,train
6885,train
29217,train
863,train
2256,train
4710,train
7019,train
8916,train
41398,train
41575,train
5896,train
3035,train
32474,train
29909,train
37219,train
17827,train
5204,train
34342,train
21557,train
13869,train
46222,train
21319,train
47405,train
32021,train
977,train
19440,train
7594,train
30427,train
9564,train
47778,train
17457,train
20014,train
16822,train
27401,train
39664,train
25965,train
34579,train
21547,train
42259,train
11498,train
42408,train
16672,train
7643,train
27868,train
31887,train
2163,train
47321,train
6358,train
14729,train
48297,train
16944,train
41023,train
32171,train
26882,train
2045,train
37839,train
29160,train
11514,train
11441,train
5335,train
8201,train
43373,train
14679,train
48370,train
31713,train
42069,train
8436,train
33319,train
19848,train
47996,train
9736,train
9251,train
28391,train
23000,train
40276,train
32075,train
137,train
44793,train
17652,train
22324,train
29400,train
16605,train
38696,train
43025,train
15846,train
46392,train
33817,train
462,train
4416,train
35759,train
34572,train
18070,train
19753,train
35162,train
10795,train
16912,train
17744,train
16637,train
8572,train
24185,train
32124,train
16931,train
1698,train
31754,train
10050,train
29218,train
19328,train
10222,train
43888,train
16544,train
2568,train
21904,train
8296,train
43089,train
8156,train
35427,train
6476,train
14466,train
21517,train
28244,train
9828,train
1460,train
23139,train
42126,train
38225,train
9125,train
6371,train
28254,train
14481,train
36667,train
27832,train
28008,train
35373,train
181,train
13174,train
31639,train
40213,train
19741,train
8271,train
1257,train
48205,train
31404,train
5415,train
31570,train
48218,train
45257,train
34949,train
9531,train
2675,train
29961,train
38864,train
37509,train
38366,train
381,train
17418,train
18757,train
15128,train
21665,train
36430,train
254,train
24080,train
2778,train
4134,train
37274,train
13711,train
17280,train
38360,train
2624,train
6668,train
22243,train
31187,train
17187,train
49606,train
41684,train
6760,train
36455,train
4,train
7358,train
15190,train
4451,train
32128,train
26831,train
8433,train
44066,train
43419,train
29334,train
16467,train
16600,train
23114,train
21926,train
36335,train
4120,train
41188,train
43264,train
30541,train
32203,train
39953,train
3764,train
30994,train
28702,train
13935,train
5410,train
44474,train
36457,train
39957,train
2531,train
27790,train
22117,train
46251,train
13101,train
1074,train
9345,train
24254,train
11711,train
44995,train
4588,train
13000,train
12370,train
39790,train
25379,train
4241,train
17753,train
44292,train
18688,train
44098,train
17856,train
1674,train
9028,train
44064,train
11979,train
11409,train
42945,train
9845,train
15028,train
19198,train
15489,train
10261,train
39501,train
10934,train
41912,train
25424,train
40987,train
41762,train
39655,train
12655,train
40672,train
19873,train
35220,train
30495,train
29472,train
28689,train
2537,train
15620,train
28339,train
33889,train
15056,train
27888,train
19480,train
29398,train
733,train
44991,train
34642,train
46182,train
34706,train
19066,train
19263,train
25066,train
8914,train
43729,train
38496,train
8993,train
7668,train
33196,train
38034,train
19640,train
40499,train
47096,train
7453,train
22062,train
2879,train
13297,train
34114,train
36389,train
11641,train
2936,train
6493,train
43568,train
5777,train
41885,train
10714,train
46889,train
3665,train
39628,train
37396,train
48544,train
43856,train
34001,train
43665,train
9741,train
49009,train
25867,train
47130,train
6017,train
44390,train
22870,train
36572,train
16296,train
34035,train
32836,train
48552,train
27668,train
45715,train
44780,train
42231,train
22422,train
42784,train
6099,train
1114,train
27966,train
25052,train
36581,train
13292,train
11622,train
47881,train
34450,train
11933,train
21463,train
34921,train
24174,train
20682,train
44039,train
20212,train
43758,train
32306,train
29162,train
22889,train
48911,train
21068,train
12225,train
34726,train
44683,train
32605,train
18792,train
32614,train
15821,train
13904,train
39714,train
32818,train
14467,train
40045,train
16422,train
3731,train
7355,train
6101,train
5172,train
178,train
46104,train
18873,train
4684,train
19902,train
8682,train
28294,train
46439,train
15870,train
47302,train
17053,train
6181,train
3564,train
46374,train
8110,train
7768,train
26365,train
46426,train
37666,train
4102,train
14908,train
45325,train
49576,train
47231,train
7610,train
17928,train
1841,train
12957,train
26416,train
41396,train
21062,train
45584,train
41524,train
43682,train
4376,train
47299,train
11848,train
20066,train
45118,train
7163,train
41036,train
1461,train
22113,train
18339,train
29471,train
38668,train
31687,train
47872,train
24332,train
364,train
29413,train
40706,train
38981,train
22899,train
39877,train
14116,train
20449,train
37195,train
28246,train
21497,train
68,train
12965,train
8430,train
31995,train
23706,train
11833,train
13803,train
10875,train
36020,train
17581,train
38141,train
20267,train
27646,train
36846,train
35225,train
1816,train
1133,train
17749,train
35372,train
793,train
17087,train
4996,train
45222,train
27102,train
25685,train
27976,train
49065,train
8450,train
480,train
25282,train
7503,train
46026,train
28686,train
4023,train
9567,train
38517,train
44598,train
37054,train
11065,train
41381,train
46837,train
4822,train
46304,train
21566,train
17900,train
10863,train
33288,train
24814,train
2170,train
32381,train
45385,train
6072,train
36739,train
39360,train
45924,train
27072,train
3647,train
47586,train
16569,train
36080,train
34527,train
7328,train
14751,train
8255,train
19825,train
41201,train
32214,train
35214,train
16678,train
48232,train
45775,train
39181,train
48807,train
29118,train
27804,train
19433,train
42741,train
45596,train
981,train
30488,train
19877,train
13633,train
25100,train
10721,train
30931,train
6314,train
11003,train
19396,train
49135,train
10173,train
21104,train
9931,train
29664,train
28214,train
14615,train
1271,train
27376,train
36601,train
19888,train
40427,train
10075,train
44965,train
26880,train
35730,train
37362,train
19423,train
42790,train
26978,train
9035,train
37315,train
46079,train
4608,train
337,train
47001,train
33534,train
19552,train
46555,train
44812,train
302,train
26227,train
23602,train
33893,train
208,train
33876,train
9339,train
21248,train
28494,train
2627,train
3554,train
23411,train
24226,train
6231,train
37182,train
7089,train
21126,train
4824,train
27139,train
25558,train
35150,train
49956,train
31883,train
3025,train
1699,train
11204,train
27833,train
24120,train
27653,train
41090,train
23466,train
24104,train
24850,train
28249,train
33932,train
3606,train
122,train
49864,train
24033,train
16959,train
5999,train
12293,train
41296,train
10483,train
48704,train
38114,train
43401,train
31722,train
36280,train
40105,train
44257,train
31375,train
47982,train
24087,train
41812,train
18076,train
24890,train
2836,train
12855,train
14210,train
9387,train
48036,train
49219,train
27558,train
36026,train
877,train
8124,train
23138,train
39166,train
3493,train
28800,train
26718,train
9088,train
27324,train
24702,train
12260,train
27718,train
6399,train
38448,train
8820,train
21464,train
6621,train
42002,train
29849,train
13615,train
5960,train
36658,train
38466,train
31496,train
13129,train
35314,train
9210,train
44120,train
38967,train
10228,train
22490,train
6416,train
30420,train
49604,train
48736,train
5907,train
17715,train
7424,train
26555,train
19899,train
6015,train
25579,train
2397,train
5957,train
33700,train
44264,train
14811,train
11103,train
26617,train
29301,train
5065,train
43187,train
30105,train
43943,train
35353,train
33182,train
29768,train
6154,train
46550,train
44560,train
2976,train
1132,train
16286,train
17910,train
2680,train
36360,train
34200,train
26426,train
6663,train
16109,train
23609,train
6030,train
40110,train
9063,train
28698,train
38488,train
38204,train
42646,train
8151,train
12068,train
24742,train
15073,train
15640,train
17984,train
32058,train
15626,train
517,train
19191,train
37970,train
10058,train
33013,train
12444,train
43794,train
3536,train
8568,train
17060,train
48701,train
6976,train
49217,train
4967,train
36616,train
3723,train
19698,train
813,train
49197,train
37799,train
12702,train
16689,train
49694,train
16137,train
32076,train
16570,train
9449,train
4384,train
11471,train
3855,train
39931,train
20792,train
44819,train
9220,train
4595,train
45829,train
39791,train
13675,train
27611,train
21979,train
17201,train
35215,train
1007,train
22812,train
3149,train
37844,train
5848,train
35184,train
43517,train
30051,train
32116,train
24127,train
34444,train
28396,train
2493,train
7551,train
46311,train
3350,train
1055,train
4280,train
42427,train
7777,train
30184,train
35922,train
48108,train
4819,train
13877,train
29504,train
36847,train
46563,train
32813,train
11374,train
38252,train
23600,train
23890,train
25792,train
4586,train
29852,train
9065,train
36011,train
40193,train
21329,train
26216,train
16351,train
17579,train
20926,train
1170,train
37573,train
23781,train
49236,train
7270,train
17586,train
31420,train
26183,train
27084,train
3471,train
5918,train
24151,train
38179,train
3090,train
20326,train
6881,train
7762,train
9320,train
7227,train
1663,train
30352,train
11106,train
25684,train
14336,train
48348,train
36923,train
45182,train
4111,train
15055,train
28763,train
48595,train
25908,train
6459,train
18513,train
36854,train
1197,train
47837,train
43239,train
5154,train
30586,train
13824,train
35642,train
15929,train
43291,train
43446,train
34260,train
49699,train
35598,train
16830,train
47641,train
28553,train
36714,train
47721,train
34424,train
990,train
16512,train
42107,train
39077,train
35931,train
39156,train
9418,train
31180,train
49338,train
12497,train
48334,train
39339,train
41113,train
7877,train
12675,train
11715,train
11955,train
26023,train
49703,train
13128,train
45885,train
17006,train
16921,train
698,train
6624,train
13862,train
39656,train
6770,train
17532,train
14667,train
46608,train
21676,train
2352,train
1932,train
17602,train
27278,train
32713,train
36051,train
6400,train
24350,train
22381,train
13231,train
36290,train
14393,train
10545,train
36489,train
26721,train
6625,train
39693,train
23219,train
14614,train
15689,train
4621,train
31013,train
8633,train
44917,train
38997,train
8474,train
25602,train
22546,train
20161,train
9136,train
10920,train
37687,train
40589,train
37543,train
30309,train
35015,train
27687,train
4453,train
14661,train
44994,train
26029,train
6492,train
20606,train
5880,train
47984,train
47093,train
34703,train
20302,train
1696,train
8970,train
25929,train
10547,train
49413,train
848,train
26010,train
26059,train
3996,train
30974,train
1613,train
27082,train
10280,train
49794,train
45196,train
20841,train
22831,train
13450,train
24409,train
27824,train
38031,train
25058,train
37261,train
10835,train
42059,train
20320,train
34982,train
44667,train
2974,train
24285,train
4470,train
20992,train
44522,train
9469,train
8590,train
16206,train
5285,train
6461,train
33290,train
7239,train
7042,train
4442,train
49597,train
43241,train
28554,train
32235,train
3700,train
30356,train
20020,train
16579,train
3928,train
16847,train
14626,train
31048,train
34500,train
5529,train
22922,train
8220,train
46923,train
26100,train
27709,train
16201,train
45086,train
5391,train
48717,train
23563,train
10399,train
33980,train
16464,train
45247,train
23933,train
21191,train
5826,train
9099,train
2966,train
41706,train
27036,train
21473,train
3543,train
35946,train
19200,train
19227,train
20054,train
29746,train
49170,train
45473,train
31755,train
28699,train
32136,train
37751,train
2346,train
46169,train
8978,train
32894,train
30044,train
47241,train
45936,train
14893,train
13246,train
19177,train
21705,train
39091,train
1476,train
40384,train
19097,train
17486,train
38490,train
25984,train
20837,train
24799,train
47214,train
572,train
27364,train
18382,train
7639,train
46348,train
1664,train
44503,train
39831,train
45564,train
42623,train
40798,train
10735,train
30463,train
20734,train
27785,train
13991,train
24744,train
32329,train
38920,train
11039,train
27078,train
49154,train
17688,train
3327,train
24467,train
44100,train
23257,train
49687,train
49192,train
11528,train
29220,train
3790,train
21032,train
11019,train
18453,train
10824,train
5634,train
13517,train
16621,train
1241,train
29891,train
4939,train
32554,train
19667,train
35035,train
8021,train
26990,train
33344,train
47683,train
41465,train
42996,train
9591,train
48666,train
19549,train
14306,train
43795,train
38652,train
17519,train
34049,train
20504,train
40141,train
32611,train
42217,train
17606,train
28199,train
35707,train
2734,train
26030,train
41049,train
31552,train
26805,train
44486,train
43286,train
9665,train
20906,train
10440,train
42914,train
35895,train
46894,train
24599,train
31389,train
3209,train
49822,train
25799,train
49659,train
6936,train
4151,train
11753,train
33341,train
1984,train
45823,train
16403,train
42454,train
30846,train
18979,train
36698,train
30718,train
47216,train
25164,train
21367,train
21085,train
3705,train
37180,train
11425,train
17050,train
41041,train
45437,train
4088,train
31968,train
19587,train
29450,train
38904,train
25932,train
21284,train
7964,train
34406,train
2961,train
13154,train
12841,train
23077,train
14053,train
8139,train
21660,train
24176,train
7004,train
22351,train
43456,train
21201,train
46357,train
10876,train
34776,train
13216,train
47188,train
15975,train
1175,train
21583,train
4606,train
40558,train
32643,train
30015,train
978,train
48631,train
6945,train
31840,train
21477,train
19045,train
14879,train
44823,train
4018,train
37877,train
24093,train
13521,train
25251,train
33282,train
25077,train
33801,train
35306,train
45310,train
47380,train
3328,train
9172,train
22855,train
13516,train
12960,train
48930,train
27640,train
6779,train
21426,train
38982,train
16562,train
48185,train
49299,train
19610,train
32016,train
34656,train
26407,train
35913,train
37739,train
36032,train
16007,train
28485,train
24906,train
5904,train
27301,train
20193,train
25219,train
33158,train
34917,train
40595,train
28095,train
14152,train
16793,train
25613,train
29146,train
43647,train
9143,train
652,train
4812,train
44289,train
16918,train
17111,train
5328,train
21012,train
26361,train
39512,train
41532,train
24516,train
24247,train
31473,train
19746,train
40062,train
17124,train
8434,train
7427,train
33090,train
24477,train
16146,train
28919,train
32095,train
28580,train
30081,train
27912,train
43487,train
13098,train
31263,train
44159,train
261,train
48345,train
21279,train
46413,train
42372,train
21418,train
14899,train
38118,train
17334,train
27492,train
22156,train
48410,train
44635,train
13361,train
43252,train
18047,train
32953,train
37574,train
37032,train
38226,train
49655,train
2963,train
49550,train
28714,train
28331,train
117,train
19700,train
47439,train
41728,train
31056,train
37872,train
49371,train
8958,train
49328,train
29878,train
49463,train
7059,train
6266,train
17891,train
38506,train
7213,train
22877,train
13826,train
45558,train
10964,train
38624,train
4956,train
35904,train
2516,train
21356,train
23421,train
38347,train
43216,train
35441,train
1922,train
41,train
48299,train
55,train
12703,train
13736,train
23917,train
25448,train
49223,train
13183,train
35138,train
24149,train
19400,train
47708,train
47426,train
25012,train
46174,train
4456,train
33162,train
12778,train
27809,train
34356,train
22206,train
19283,train
1833,train
35647,train
4993,train
5166,train
9160,train
35738,train
14166,train
20934,train
5501,train
20422,train
32901,train
11023,train
19418,train
38302,train
32898,train
33130,train
18107,train
12531,train
13734,train
8303,train
3351,train
2575,train
44472,train
33210,train
44737,train
15470,train
23806,train
49530,train
41430,train
835,train
45836,train
12779,train
17369,train
25330,train
28014,train
34220,train
7173,train
26364,train
48748,train
8024,train
27721,train
25029,train
18569,train
17360,train
27064,train
189,train
13222,train
41724,train
35724,train
21611,train
23266,train
5672,train
21437,train
31758,train
32441,train
41900,train
32219,train
41270,train
2102,train
6464,train
42604,train
47492,train
44415,train
35575,train
4486,train
45922,train
28000,train
30470,train
12420,train
8801,train
33071,train
1173,train
23273,train
27454,train
9173,train
32531,train
15903,train
40336,train
16926,train
39436,train
40951,train
12117,train
17001,train
12819,train
43608,train
36267,train
14818,train
7653,train
41635,train
14715,train
4688,train
30262,train
45674,train
3070,train
13996,train
7159,train
48700,train
49835,train
29996,train
44222,train
42617,train
47557,train
42714,train
26329,train
8463,train
16939,train
11241,train
26736,train
5942,train
42742,train
277,train
13672,train
12403,train
10620,train
45899,train
18243,train
14051,train
36260,train
18083,train
30944,train
23391,train
44664,train
2172,train
34798,train
29606,train
9390,train
12501,train
33836,train
33653,train
5782,train
5231,train
32246,train
48718,train
24876,train
14760,train
20147,train
25954,train
36251,train
21945,train
45952,train
20960,train
10362,train
14655,train
47435,train
33336,train
30023,train
36983,train
48597,train
29880,train
8950,train
12136,train
25701,train
9399,train
7554,train
29784,train
11280,train
12457,train
34457,train
3468,train
49050,train
13096,train
44657,train
13198,train
28306,train
36942,train
44505,train
15288,train
46171,train
13366,train
30711,train
28247,train
15776,train
7292,train
30701,train
21297,train
1709,train
49164,train
44889,train
22279,train
37111,train
2456,train
45093,train
9826,train
13583,train
7048,train
41837,train
25452,train
19120,train
20609,train
24371,train
19308,train
29510,train
17535,train
17639,train
40765,train
14953,train
30538,train
14099,train
2852,train
40674,train
6920,train
48771,train
13254,train
40664,train
48075,train
4062,train
20762,train
43531,train
49880,train
3813,train
42056,train
7258,train
47525,train
1481,train
38365,train
20709,train
23816,train
28760,train
37711,train
43318,train
38805,train
13577,train
14732,train
29730,train
1093,train
32166,train
13270,train
12658,train
11057,train
18897,train
11545,train
46926,train
30767,train
31699,train
2073,train
37240,train
9954,train
670,train
2185,train
9429,train
29181,train
35223,train
38067,train
12648,train
17747,train
17096,train
9363,train
16134,train
325,train
22553,train
10615,train
28002,train
13938,train
23809,train
33123,train
15091,train
10224,train
25589,train
48655,train
2138,train
24531,train
2108,train
22092,train
28092,train
16038,train
26240,train
24338,train
15338,train
21706,train
27063,train
1923,train
33258,train
24237,train
26709,train
19132,train
34436,train
5477,train
8920,train
5017,train
18662,train
36842,train
1081,train
33019,train
33220,train
3279,train
27011,train
4380,train
19616,train
14987,train
7164,train
28562,train
30194,train
30228,train
32513,train
16461,train
46436,train
23546,train
35213,train
45677,train
35841,train
9303,train
41537,train
8841,train
36497,train
20314,train
8672,train
34204,train
727,train
17046,train
15921,train
25669,train
32320,train
47069,train
35393,train
9938,train
40019,train
13788,train
23324,train
7885,train
31756,train
17812,train
12558,train
41767,train
23313,train
1046,train
31753,train
45697,train
43438,train
45065,train
44187,train
26586,train
24047,train
1862,train
376,train
42274,train
18234,train
5725,train
41071,train
3936,train
16940,train
32412,train
8127,train
24896,train
13799,train
44629,train
24224,train
36451,train
18603,train
21042,train
16352,train
24565,train
2453,train
3288,train
26886,train
47504,train
7915,train
39448,train
7803,train
37217,train
45097,train
45857,train
41936,train
12215,train
11494,train
42910,train
15051,train
49317,train
11393,train
34762,train
48997,train
47787,train
16138,train
12631,train
6867,train
27274,train
38294,train
22292,train
14313,train
23691,train
48747,train
45722,train
24084,train
1469,train
30233,train
46005,train
47733,train
40984,train
42163,train
3270,train
6363,train
49700,train
2621,train
323,train
32875,train
29275,train
26602,train
16581,train
43534,train
44568,train
26887,train
10371,train
47637,train
35758,train
32663,train
13698,train
9295,train
16119,train
35739,train
37266,train
47804,train
17300,train
45239,train
13327,train
18364,train
19499,train
44332,train
7621,train
46430,train
22102,train
6602,train
21551,train
43284,train
1576,train
40493,train
24999,train
38507,train
29253,train
23639,train
18118,train
2703,train
47322,train
29399,train
30545,train
18532,train
24052,train
25234,train
4960,train
38094,train
7132,train
27666,train
18054,train
38259,train
9836,train
40954,train
23428,train
45038,train
1884,train
48105,train
33346,train
17724,train
42261,train
6740,train
26148,train
36755,train
24783,train
24432,train
7242,train
32981,train
41308,train
9030,train
30376,train
15722,train
8834,train
15120,train
44481,train
31870,train
28065,train
31383,train
13518,train
1021,train
8824,train
12344,train
19070,train
24376,train
43047,train
15512,train
32721,train
22158,train
9727,train
38859,train
18363,train
40233,train
24974,train
24422,train
1772,train
29521,train
23302,train
11447,train
7431,train
9786,train
9670,train
46016,train
32604,train
41219,train
8997,train
43321,train
46680,train
7978,train
46665,train
38794,train
32829,train
32727,train
3948,train
43022,train
23910,train
28499,train
29174,train
34702,train
29280,train
9406,train
13427,train
35639,train
7805,train
7806,train
49947,train
42608,train
34867,train
9415,train
31726,train
17948,train
31731,train
44117,train
23814,train
40348,train
41947,train
42674,train
33765,train
6269,train
47510,train
28261,train
10052,train
37850,train
9039,train
9321,train
32662,train
26267,train
44220,train
4306,train
42169,train
17654,train
47774,train
16857,train
33312,train
27044,train
34253,train
7831,train
24479,train
13514,train
28903,train
46175,train
15829,train
21168,train
36571,train
39005,train
20089,train
42523,train
31197,train
5321,train
26973,train
41192,train
6196,train
21962,train
25988,train
8634,train
18620,train
39968,train
38887,train
44626,train
45270,train
3989,train
2157,train
11776,train
4294,train
9647,train
30214,train
21359,train
14437,train
28769,train
19896,train
5353,train
45884,train
45415,train
29803,train
29987,train
47077,train
1289,train
29467,train
31340,train
13818,train
20463,train
35752,train
682,train
25953,train
9420,train
39524,train
20251,train
18091,train
46875,train
4409,train
48545,train
35460,train
12104,train
21801,train
25209,train
6993,train
10718,train
7236,train
27585,train
38683,train
20843,train
24752,train
15070,train
13071,train
20029,train
5854,train
10208,train
14585,train
8810,train
48295,train
13086,train
12141,train
38965,train
12093,train
15246,train
43985,train
41623,train
37832,train
12252,train
9121,train
16416,train
15808,train
20528,train
12950,train
16654,train
46647,train
21934,train
7057,train
33561,train
41307,train
12029,train
15701,train
16683,train
34331,train
14172,train
41735,train
20908,train
10468,train
44309,train
18966,train
17488,train
14169,train
41838,train
30754,train
4328,train
39567,train
38007,train
45271,train
21745,train
28592,train
26675,train
30264,train
41549,train
49720,train
43520,train
7540,train
3703,train
931,train
17052,train
18846,train
13559,train
4825,train
48674,train
44936,train
918,train
3092,train
11323,train
13377,train
37590,train
40565,train
18665,train
11053,train
1317,train
4033,train
20053,train
16670,train
28537,train
47642,train
1571,train
42545,train
34652,train
45683,train
27268,train
29525,train
40641,train
48905,train
10087,train
43323,train
35148,train
36076,train
43297,train
27754,train
22257,train
4474,train
28973,train
18797,train
17526,train
4310,train
33556,train
23629,train
27260,train
46370,train
20707,train
11797,train
12362,train
8042,train
35293,train
5641,train
4602,train
49258,train
33811,train
42878,train
11069,train
42237,train
8281,train
13713,train
7650,train
33698,train
47328,train
5514,train
12486,train
26280,train
33493,train
30267,train
9726,train
34374,train
48960,train
8686,train
30024,train
31793,train
28468,train
21317,train
24759,train
46562,train
17202,train
44277,train
33272,train
34069,train
32366,train
20127,train
16112,train
17559,train
5001,train
26870,train
25938,train
11142,train
36602,train
31783,train
34184,train
22349,train
35416,train
31368,train
18183,train
30509,train
4500,train
31174,train
38346,train
34263,train
38606,train
26865,train
4158,train
42939,train
11817,train
1147,train
31627,train
49266,train
7681,train
5493,train
17703,train
36974,train
19307,train
20859,train
2187,train
7366,train
11326,train
27968,train
8543,train
16388,train
35438,train
34689,train
32185,train
10453,train
23558,train
13253,train
11845,train
23053,train
29433,train
4032,train
41896,train
14225,train
21462,train
16354,train
8915,train
31894,train
8501,train
23778,train
4955,train
44569,train
30571,train
34365,train
13858,train
22467,train
4704,train
9731,train
33866,train
29407,train
13340,train
34276,train
41786,train
42547,train
3322,train
47963,train
2496,train
1975,train
45744,train
30858,train
12942,train
24329,train
48153,train
18006,train
32337,train
38161,train
33296,train
26982,train
27848,train
8431,train
34895,train
33472,train
21523,train
30746,train
1987,train
27035,train
27549,train
28361,train
35710,train
44570,train
25281,train
32346,train
2327,train
29140,train
27635,train
20563,train
32984,train
10636,train
47826,train
9725,train
29860,train
20969,train
1238,train
14140,train
10672,train
20715,train
15673,train
6706,train
43573,train
8653,train
49921,train
32624,train
13144,train
44131,train
18038,train
21420,train
41166,train
45813,train
38130,train
12790,train
15542,train
46982,train
13110,train
28343,train
21506,train
41236,train
24539,train
16243,train
4801,train
2339,train
49076,train
41240,train
21283,train
34176,train
8698,train
36648,train
20847,train
3185,train
23046,train
12229,train
7965,train
5707,train
19867,train
19124,train
37460,train
20691,train
24923,train
27449,train
26020,train
4596,train
38714,train
38975,train
18950,train
35947,train
17779,train
21722,train
39930,train
41607,train
6034,train
28937,train
49330,train
19648,train
20271,train
15978,train
7672,train
40804,train
24857,train
19426,train
19371,train
16466,train
15762,train
18503,train
16218,train
44093,train
29157,train
44238,train
14639,train
24048,train
44133,train
47063,train
44304,train
43923,train
23026,train
32364,train
19894,train
483,train
15741,train
41570,train
14748,train
39597,train
19319,train
43465,train
13027,train
12372,train
15514,train
26163,train
14451,train
30703,train
29755,train
39797,train
26514,train
22770,train
3236,train
10299,train
17102,train
23771,train
19683,train
33001,train
34903,train
18874,train
32483,train
25499,train
38417,train
35338,train
30724,train
34975,train
32993,train
3802,train
28627,train
28723,train
46313,train
48713,train
34969,train
7882,train
34990,train
41448,train
46341,train
7449,train
24507,train
3157,train
3750,train
2167,train
49454,train
9250,train
47114,train
13667,train
46541,train
39938,train
786,train
41605,train
4744,train
39359,train
19298,train
33954,train
8176,train
24544,train
7634,train
1314,train
22429,train
26646,train
33116,train
10017,train
5675,train
35889,train
760,train
34072,train
47489,train
24597,train
34966,train
46097,train
16901,train
37523,train
16607,train
39530,train
31903,train
11087,train
36932,train
9656,train
8763,train
27510,train
13738,train
4858,train
35736,train
33256,train
49006,train
1370,train
8145,train
21868,train
9463,train
25101,train
14698,train
30279,train
26315,train
25875,train
32261,train
12280,train
341,train
34050,train
19653,train
19122,train
15874,train
35241,train
43670,train
47354,train
16404,train
23950,train
37176,train
6251,train
46722,train
27311,train
7280,train
17292,train
48587,train
34929,train
48617,train
2816,train
11636,train
48990,train
6755,train
38823,train
47545,train
40648,train
23243,train
32868,train
9184,train
27152,train
39200,train
46882,train
27828,train
5483,train
17809,train
10314,train
5520,train
20714,train
43707,train
511,train
47100,train
14671,train
912,train
43049,train
20050,train
9072,train
17843,train
27573,train
46565,train
49852,train
12943,train
6257,train
36839,train
18929,train
29221,train
14876,train
13081,train
4263,train
2678,train
43248,train
42201,train
25320,train
27296,train
561,train
15619,train
43873,train
34246,train
36740,train
3476,train
41253,train
11365,train
2646,train
26039,train
40091,train
39906,train
32321,train
32790,train
31663,train
28547,train
560,train
21071,train
38370,train
354,train
41626,train
17423,train
15167,train
20340,train
3937,train
47049,train
13988,train
42602,train
21299,train
16823,train
24944,train
46958,train
13189,train
21154,train
4581,train
49828,train
29630,train
7804,train
47314,train
26251,train
14059,train
38153,train
2776,train
17422,train
18927,train
29720,train
3774,train
12308,train
26201,train
13163,train
33973,train
3548,train
15867,train
36524,train
49517,train
7775,train
8999,train
28486,train
19854,train
38695,train
40256,train
12807,train
16858,train
21814,train
39639,train
42717,train
14221,train
46266,train
32479,train
36206,train
37951,train
46632,train
43098,train
27662,train
31456,train
20540,train
8771,train
39853,train
14807,train
18646,train
14353,train
47543,train
792,train
1657,train
1739,train
33738,train
44211,train
21102,train
18182,train
29709,train
38478,train
37779,train
7172,train
36265,train
26150,train
23491,train
37007,train
25284,train
42159,train
5412,train
47083,train
26354,train
28997,train
49331,train
27933,train
35678,train
19948,train
47253,train
19417,train
6455,train
4913,train
28402,train
31408,train
28675,train
24689,train
25318,train
42641,train
4708,train
14456,train
31018,train
6994,train
13835,train
31690,train
23633,train
19788,train
17410,train
1864,train
25619,train
45647,train
10705,train
407,train
24751,train
9833,train
47563,train
16895,train
2596,train
22551,train
32728,train
46717,train
8218,train
19170,train
703,train
11861,train
33972,train
29581,train
5696,train
30299,train
37311,train
30208,train
20110,train
25080,train
21033,train
8472,train
22821,train
49840,train
27696,train
1187,train
49518,train
46052,train
34701,train
45280,train
46474,train
29953,train
31827,train
9927,train
5941,train
4109,train
44262,train
17030,train
20892,train
32708,train
35414,train
11669,train
34504,train
21048,train
35399,train
49507,train
3939,train
9307,train
4247,train
49626,train
25168,train
45083,train
41155,train
46920,train
14106,train
25343,train
21629,train
8777,train
40617,train
41841,train
20166,train
16435,train
17384,train
2011,train
4182,train
27004,train
48494,train
13999,train
49883,train
25712,train
42328,train
16772,train
15211,train
37906,train
15727,train
42233,train
796,train
40892,train
32917,train
24220,train
29397,train
41988,train
43174,train
34484,train
13982,train
29414,train
3365,train
6984,train
18389,train
31695,train
19478,train
9957,train
25381,train
17939,train
21228,train
32427,train
29614,train
9777,train
43770,train
9046,train
44881,train
32825,train
16290,train
41288,train
42178,train
22403,train
16963,train
2253,train
37258,train
5633,train
30501,train
8398,train
48290,train
15428,train
28834,train
27330,train
14622,train
31860,train
18973,train
19889,train
10405,train
2478,train
29438,train
7383,train
29841,train
4273,train
2402,train
22655,train
20803,train
47151,train
33650,train
37085,train
41063,train
37249,train
30598,train
37552,train
16787,train
48351,train
46739,train
49949,train
5660,train
44976,train
7657,train
33245,train
17347,train
28478,train
25306,train
14845,train
11286,train
41785,train
14072,train
39308,train
28107,train
34250,train
15898,train
768,train
20111,train
28364,train
43118,train
24651,train
10340,train
47446,train
18221,train
44594,train
12474,train
13311,train
26821,train
9984,train
11538,train
24643,train
36763,train
15449,train
37610,train
40113,train
25354,train
11234,train
1640,train
12069,train
27179,train
19269,train
101,train
7371,train
49539,train
36034,train
21333,train
34230,train
45142,train
48422,train
48443,train
20789,train
17508,train
38845,train
9732,train
22863,train
39488,train
19857,train
14559,train
25422,train
43380,train
7713,train
4173,train
18416,train
30557,train
20219,train
7211,train
43690,train
18651,train
43082,train
40300,train
41248,train
3777,train
10681,train
18188,train
20107,train
14388,train
41547,train
16956,train
31975,train
7730,train
33369,train
28404,train
33033,train
13059,train
44008,train
28863,train
1126,train
6423,train
22234,train
37371,train
33194,train
2967,train
14800,train
4545,train
42448,train
11980,train
39496,train
37301,train
20560,train
30728,train
46296,train
27815,train
18278,train
45265,train
8090,train
5012,train
2941,train
19391,train
1542,train
24511,train
35557,train
47351,train
39932,train
2732,train
25352,train
2578,train
45955,train
37072,train
20757,train
29080,train
4891,train
42831,train
45251,train
28117,train
22916,train
31454,train
36397,train
13748,train
37155,train
24912,train
26198,train
10505,train
33390,train
42729,train
26829,train
42204,train
6275,train
20068,train
13612,train
1222,train
7525,train
2382,train
26992,train
49971,train
7231,train
24310,train
31201,train
47698,train
6829,train
35631,train
38788,train
19949,train
10302,train
17024,train
7492,train
45934,train
26241,train
20318,train
9573,train
28732,train
43906,train
47227,train
6992,train
36084,train
27390,train
41069,train
45648,train
39860,train
47228,train
8350,train
36621,train
8585,train
21775,train
14770,train
26509,train
36787,train
282,train
18803,train
7072,train
28851,train
33853,train
11651,train
3199,train
9675,train
29735,train
27487,train
5936,train
1000,train
44810,train
47776,train
33856,train
2293,train
3265,train
73,train
38177,train
34553,train
21755,train
42916,train
39711,train
46548,train
32248,train
27185,train
2183,train
5094,train
49087,train
26456,train
21514,train
33203,train
33098,train
20980,train
4366,train
6159,train
49926,train
23088,train
47023,train
44209,train
37175,train
14590,train
39357,train
26136,train
5316,train
18664,train
22348,train
19911,train
34021,train
32940,train
5765,train
14373,train
34519,train
15388,train
12751,train
24781,train
8419,train
29701,train
47878,train
8437,train
42812,train
13034,train
810,train
47002,train
11109,train
35856,train
1190,train
13689,train
10538,train
5446,train
9912,train
30168,train
44501,train
31610,train
33543,train
24204,train
9734,train
1977,train
19495,train
4050,train
38015,train
33363,train
12549,train
6451,train
47123,train
32478,train
18211,train
44958,train
19621,train
4924,train
14621,train
48969,train
16834,train
35397,train
19431,train
41095,train
3754,train
47312,train
22511,train
39061,train
19596,train
35010,train
38428,train
4489,train
19996,train
42152,train
31747,train
14160,train
38460,train
32083,train
18338,train
39563,train
42167,train
5063,train
13544,train
17373,train
21863,train
35789,train
17994,train
19550,train
7640,train
45950,train
44766,train
34173,train
23682,train
20386,train
4428,train
23023,train
13298,train
43393,train
3625,train
39610,train
11268,train
42030,train
35755,train
34592,train
22601,train
48858,train
16092,train
44555,train
49859,train
9946,train
26845,train
1348,train
28180,train
23729,train
19728,train
23825,train
13523,train
23407,train
17866,train
15880,train
14105,train
44393,train
36205,train
36937,train
8582,train
16699,train
25683,train
8065,train
33053,train
26975,train
13743,train
12539,train
34898,train
6526,train
47505,train
1350,train
2050,train
38627,train
3586,train
36321,train
45927,train
23935,train
9368,train
43057,train
48571,train
2143,train
30386,train
1048,train
40159,train
25736,train
14507,train
13024,train
12326,train
28890,train
38055,train
47172,train
45089,train
24705,train
9908,train
13184,train
14465,train
42102,train
7129,train
48801,train
21031,train
6591,train
22261,train
48810,train
10775,train
30961,train
39708,train
2538,train
32358,train
1836,train
12097,train
35398,train
29052,train
1893,train
9312,train
19197,train
22702,train
40379,train
10590,train
11752,train
12738,train
17548,train
42040,train
7900,train
36741,train
28434,train
49341,train
7957,train
25547,train
7573,train
18228,train
30905,train
24423,train
8415,train
38049,train
1034,train
8106,train
7607,train
11851,train
36856,train
21345,train
25490,train
29958,train
29658,train
10654,train
48377,train
41254,train
39996,train
31093,train
40306,train
29072,train
28582,train
48903,train
19715,train
16468,train
45745,train
5979,train
16760,train
25145,train
14840,train
26948,train
20273,train
44416,train
47424,train
22222,train
26387,train
42591,train
6587,train
15258,train
49249,train
49740,train
16429,train
20270,train
23345,train
32869,train
40416,train
41924,train
28138,train
19759,train
2672,train
35090,train
14280,train
8602,train
34085,train
4054,train
10838,train
329,train
39767,train
31160,train
17850,train
36541,train
21694,train
13205,train
25733,train
28598,train
37730,train
23054,train
30341,train
10587,train
24719,train
26632,train
38290,train
40884,train
17152,train
25176,train
7822,train
9682,train
10111,train
4837,train
14688,train
47768,train
13512,train
27707,train
48380,train
40750,train
30010,train
49091,train
2848,train
46469,train
15341,train
25191,train
27117,train
13986,train
44012,train
25172,train
10537,train
5033,train
20519,train
5579,train
46445,train
15008,train
49544,train
25442,train
31277,train
22325,train
5985,train
11732,train
17101,train
12763,train
36142,train
15679,train
2860,train
31926,train
9890,train
20309,train
42938,train
30601,train
16117,train
42980,train
15389,train
22154,train
10627,train
30158,train
4562,train
15630,train
26481,train
17399,train
5099,train
23373,train
30328,train
43468,train
22228,train
23027,train
18893,train
39856,train
41138,train
17992,train
4765,train
25135,train
33547,train
2362,train
25544,train
37656,train
44127,train
32223,train
9729,train
14651,train
7724,train
15152,train
24697,train
28609,train
6368,train
27475,train
48728,train
1459,train
41487,train
45883,train
1844,train
1859,train
40488,train
8929,train
30133,train
13348,train
41285,train
35263,train
49691,train
30603,train
42487,train
9920,train
17786,train
24545,train
31275,train
7411,train
8059,train
15684,train
42695,train
1263,train
44411,train
24386,train
18632,train
33667,train
25502,train
6532,train
41682,train
44381,train
40628,train
42659,train
46740,train
30546,train
44986,train
28479,train
34942,train
49912,train
4946,train
4958,train
35097,train
14164,train
38604,train
29560,train
16985,train
30543,train
35988,train
13880,train
36813,train
24558,train
47816,train
6508,train
45508,train
3622,train
46962,train
1936,train
22396,train
27556,train
21212,train
41352,train
39304,train
37461,train
15777,train
14602,train
28023,train
22660,train
3810,train
25639,train
38129,train
43755,train
14392,train
2619,train
9139,train
26863,train
34042,train
5724,train
8475,train
15104,train
26933,train
35992,train
27699,train
9480,train
21157,train
47170,train
25008,train
46506,train
42103,train
49016,train
33057,train
16235,train
29939,train
25647,train
41881,train
6681,train
36864,train
32906,train
35643,train
32782,train
49055,train
43163,train
21929,train
29382,train
43377,train
47587,train
26390,train
18705,train
43495,train
28491,train
31818,train
1585,train
5763,train
48421,train
49842,train
15743,train
27396,train
14408,train
12663,train
9500,train
11029,train
28029,train
36664,train
39146,train
15567,train
37023,train
31778,train
19733,train
11976,train
2061,train
3636,train
45157,train
12250,train
16778,train
44579,train
18805,train
3608,train
43143,train
21311,train
32839,train
36210,train
32762,train
48883,train
20672,train
20797,train
4951,train
12080,train
32944,train
27269,train
12802,train
6524,train
47009,train
41621,train
28313,train
1769,train
46642,train
7226,train
26322,train
16791,train
22562,train
4977,train
27407,train
3632,train
839,train
5974,train
8615,train
33568,train
37802,train
20626,train
40982,train
35890,train
30626,train
44745,train
38754,train
9764,train
31884,train
40621,train
13296,train
38665,train
16905,train
25396,train
37239,train
16158,train
30990,train
29885,train
21673,train
5308,train
39154,train
43562,train
34257,train
12291,train
48509,train
26898,train
2034,train
11621,train
22274,train
19024,train
22666,train
36300,train
47350,train
30783,train
23646,train
29137,train
19159,train
28881,train
25546,train
48682,train
12559,train
7740,train
20863,train
40210,train
13652,train
43595,train
11809,train
11284,train
5544,train
37753,train
42462,train
133,train
1643,train
10902,train
17831,train
19613,train
11275,train
23775,train
40354,train
18756,train
18043,train
39540,train
7703,train
15688,train
40373,train
26482,train
2824,train
35906,train
21040,train
40327,train
1948,train
43935,train
33886,train
42450,train
35431,train
32247,train
48154,train
14095,train
6581,train
17798,train
31592,train
24436,train
17748,train
42596,train
32613,train
10415,train
13452,train
8723,train
23856,train
26796,train
11558,train
37324,train
33115,train
49681,train
35508,train
47718,train
14246,train
40635,train
27230,train
17133,train
15205,train
16753,train
9425,train
20244,train
3271,train
31877,train
47981,train
49216,train
3323,train
42582,train
38453,train
21089,train
14929,train
29555,train
19598,train
25242,train
38533,train
33948,train
46189,train
16116,train
38327,train
26804,train
29311,train
45420,train
21035,train
9029,train
39108,train
34426,train
12382,train
20479,train
32207,train
925,train
10656,train
1054,train
27636,train
18818,train
40079,train
5738,train
39912,train
24831,train
5618,train
34074,train
1592,train
1904,train
9280,train
41012,train
16430,train
16922,train
22427,train
22658,train
20488,train
27007,train
14315,train
49480,train
5727,train
44162,train
8959,train
11162,train
43044,train
25363,train
15380,train
18059,train
11637,train
18396,train
46470,train
14034,train
45345,train
23738,train
46388,train
11960,train
12240,train
29491,train
44851,train
30599,train
30422,train
32112,train
14052,train
20784,train
16269,train
28064,train
6539,train
7028,train
27600,train
5430,train
30314,train
9441,train
41173,train
14450,train
41790,train
24401,train
27165,train
44477,train
15063,train
37160,train
29674,train
22550,train
37768,train
32879,train
41152,train
19040,train
18949,train
26562,train
9626,train
29431,train
19390,train
38929,train
18247,train
27508,train
23515,train
35641,train
18511,train
24493,train
28737,train
14173,train
3920,train
34645,train
12784,train
5476,train
38614,train
46780,train
31833,train
26605,train
41736,train
8049,train
26475,train
10370,train
21774,train
14442,train
4188,train
28056,train
32964,train
2266,train
32460,train
14921,train
41600,train
34673,train
29,train
12147,train
30487,train
18894,train
42060,train
7552,train
26350,train
41965,train
5303,train
33580,train
31211,train
25900,train
25349,train
30325,train
29117,train
6088,train
14275,train
49339,train
34279,train
37613,train
8403,train
20381,train
38523,train
29922,train
24579,train
49711,train
17644,train
28814,train
26379,train
9091,train
10719,train
15412,train
8135,train
23977,train
22573,train
42727,train
19222,train
16044,train
26976,train
2331,train
20896,train
25226,train
46320,train
8408,train
18847,train
6786,train
22820,train
38263,train
3498,train
33925,train
7628,train
29178,train
6989,train
9380,train
31169,train
27138,train
38352,train
42029,train
36898,train
4397,train
463,train
4084,train
9503,train
42628,train
37414,train
19343,train
27946,train
21591,train
34344,train
13831,train
41116,train
46616,train
27610,train
13549,train
32809,train
1867,train
6972,train
23928,train
21206,train
26630,train
31124,train
48812,train
40111,train
35407,train
24215,train
49564,train
2375,train
964,train
41278,train
47127,train
26696,train
8200,train
39617,train
34566,train
44596,train
48893,train
43500,train
41877,train
37538,train
4533,train
20545,train
9138,train
1396,train
16212,train
27111,train
21771,train
24836,train
17108,train
32746,train
17344,train
40241,train
25204,train
20909,train
36901,train
12760,train
259,train
33818,train
10507,train
15043,train
47363,train
5041,train
30494,train
2221,train
16589,train
49779,train
18911,train
15413,train
42873,train
44554,train
38183,train
8131,train
19363,train
45769,train
42383,train
29228,train
31589,train
37592,train
39480,train
27009,train
21043,train
46685,train
13316,train
21055,train
41685,train
32876,train
3593,train
25599,train
4782,train
1154,train
16973,train
32030,train
32572,train
16717,train
41839,train
31523,train
14035,train
31950,train
48097,train
36067,train
16906,train
40217,train
267,train
2345,train
36147,train
20179,train
21841,train
16928,train
17225,train
34347,train
30163,train
23375,train
21491,train
44328,train
34137,train
4129,train
28549,train
12298,train
16190,train
25079,train
47264,train
2310,train
32325,train
44212,train
14137,train
1429,train
31297,train
40969,train
44763,train
3556,train
7274,train
12082,train
23343,train
16337,train
48891,train
33275,train
41468,train
40342,train
20531,train
29283,train
40811,train
13897,train
37672,train
766,train
7615,train
32955,train
36528,train
17397,train
5885,train
14192,train
9902,train
49893,train
42353,train
7625,train
36694,train
31751,train
25545,train
8558,train
14885,train
11725,train
12735,train
49018,train
33475,train
19565,train
18914,train
33609,train
39710,train
43555,train
13278,train
44414,train
48253,train
45295,train
33537,train
29264,train
31580,train
38594,train
43037,train
37248,train
7862,train
9036,train
23505,train
43363,train
42485,train
2114,train
7954,train
45043,train
24685,train
29773,train
11110,train
37793,train
11115,train
14587,train
12007,train
17612,train
7266,train
24854,train
37868,train
42792,train
13286,train
2007,train
40639,train
34151,train
12386,train
15212,train
18827,train
19305,train
31601,train
49998,train
2269,train
47174,train
4505,train
26034,train
11947,train
32749,train
19941,train
5612,train
20476,train
36277,train
29477,train
34160,train
28771,train
21893,train
1186,train
48987,train
26328,train
34207,train
47392,train
7938,train
46954,train
12611,train
31784,train
12278,train
38752,train
33375,train
42478,train
42496,train
32783,train
29622,train
30910,train
45027,train
25022,train
42045,train
32905,train
14321,train
39400,train
39352,train
18459,train
3570,train
40723,train
18918,train
29083,train
6710,train
32745,train
32992,train
688,train
14281,train
43599,train
8719,train
48474,train
29420,train
16080,train
10601,train
12990,train
2891,train
23872,train
14403,train
15478,train
9484,train
38972,train
31025,train
27816,train
12981,train
25691,train
42744,train
46200,train
4260,train
1870,train
5551,train
48553,train
30275,train
1763,train
33059,train
795,train
26710,train
299,train
16646,train
8666,train
4300,train
20442,train
13723,train
48060,train
40187,train
14293,train
11147,train
36042,train
34027,train
32061,train
26712,train
16321,train
19026,train
664,train
42433,train
48135,train
46172,train
40352,train
35177,train
41097,train
6851,train
7147,train
47019,train
42181,train
46943,train
34725,train
5490,train
11800,train
21534,train
25149,train
12834,train
13595,train
31424,train
33545,train
22115,train
45446,train
33780,train
35578,train
26596,train
13829,train
48111,train
11217,train
29808,train
23774,train
36583,train
8249,train
31467,train
17445,train
35604,train
15272,train
31904,train
199,train
19900,train
24402,train
27122,train
48491,train
24194,train
1443,train
37633,train
45783,train
2065,train
15703,train
5388,train
32893,train
24236,train
39584,train
31889,train
10603,train
20142,train
40422,train
44114,train
23293,train
39427,train
2347,train
24948,train
30045,train
32098,train
8483,train
40438,train
17709,train
10472,train
42805,train
812,train
12715,train
7940,train
33984,train
43110,train
1128,train
13825,train
47447,train
25950,train
39265,train
48959,train
33809,train
16478,train
30946,train
6780,train
12014,train
4827,train
21474,train
15189,train
31172,train
44950,train
25438,train
4036,train
36343,train
19320,train
13370,train
4685,train
16440,train
37894,train
32165,train
41753,train
29775,train
17365,train
18444,train
35444,train
44303,train
23574,train
29199,train
34817,train
46517,train
11727,train
17489,train
38388,train
2424,train
44868,train
40478,train
34885,train
32793,train
38536,train
26745,train
38886,train
49553,train
28787,train
46936,train
48278,train
45487,train
49324,train
31501,train
24156,train
42303,train
22402,train
38913,train
8073,train
34765,train
29214,train
39220,train
18676,train
20216,train
1642,train
10148,train
23397,train
19826,train
35601,train
46322,train
17976,train
32218,train
20150,train
26952,train
2222,train
20377,train
14384,train
36059,train
33762,train
8658,train
38284,train
35718,train
21877,train
32634,train
16638,train
36792,train
19213,train
49737,train
4973,train
22300,train
36612,train
9860,train
5546,train
10979,train
48820,train
17660,train
29333,train
27768,train
24639,train
38341,train
10223,train
13461,train
37669,train
3314,train
6910,train
13472,train
33338,train
38800,train
28842,train
17299,train
13165,train
35937,train
38269,train
18423,train
43299,train
46319,train
26663,train
38025,train
590,train
35461,train
21003,train
32538,train
47042,train
8546,train
15825,train
18404,train
9396,train
3249,train
45432,train
8232,train
40318,train
29756,train
2299,train
26165,train
3460,train
18546,train
41747,train
43808,train
48439,train
37971,train
47297,train
34587,train
40148,train
31508,train
12818,train
45171,train
49964,train
48461,train
49415,train
12159,train
32385,train
48473,train
40482,train
31358,train
6287,train
32805,train
33628,train
15922,train
20412,train
27394,train
8816,train
17228,train
35912,train
46457,train
25232,train
40719,train
32457,train
40409,train
18609,train
4903,train
5300,train
23947,train
41181,train
11662,train
20935,train
20508,train
343,train
13342,train
2099,train
27813,train
22056,train
47283,train
13215,train
44524,train
40030,train
44139,train
40433,train
2905,train
28030,train
10089,train
33509,train
27314,train
42540,train
46687,train
42339,train
26535,train
38398,train
18178,train
12764,train
37813,train
48484,train
28413,train
49490,train
3158,train
31719,train
35995,train
20621,train
1570,train
14551,train
27955,train
974,train
35517,train
47419,train
30031,train
9259,train
42780,train
9696,train
15536,train
35048,train
33733,train
3718,train
13719,train
8691,train
38978,train
39566,train
24623,train
1235,train
47651,train
47112,train
23152,train
34341,train
24875,train
28830,train
44962,train
40559,train
14635,train
25159,train
1650,train
29261,train
39137,train
2828,train
33564,train
4534,train
16686,train
45302,train
1591,train
2724,train
46639,train
31051,train
46364,train
21226,train
30504,train
19,train
33499,train
43760,train
41963,train
5186,train
13404,train
24635,train
47620,train
14433,train
47017,train
2570,train
29828,train
20731,train
13806,train
38708,train
2843,train
3234,train
45981,train
37729,train
34539,train
13769,train
3892,train
40852,train
4817,train
44755,train
27633,train
37030,train
9007,train
32881,train
24057,train
37774,train
36040,train
5600,train
29385,train
14683,train
43563,train
46992,train
34304,train
17420,train
19907,train
30930,train
29788,train
32187,train
24448,train
36479,train
38066,train
21080,train
27352,train
13312,train
26086,train
9590,train
14709,train
40653,train
46380,train
8343,train
31762,train
48525,train
11196,train
28172,train
34125,train
44830,train
49365,train
18691,train
9829,train
11048,train
31596,train
27391,train
31414,train
21915,train
16334,train
32410,train
17966,train
42304,train
40980,train
6264,train
38922,train
15068,train
35240,train
38155,train
25588,train
37915,train
22593,train
20614,train
5241,train
12757,train
43698,train
17237,train
33771,train
15386,train
31008,train
49824,train
18605,train
17964,train
44004,train
5198,train
42522,train
9048,train
12904,train
15169,train
49897,train
413,train
32113,train
33679,train
28055,train
25097,train
44968,train
14361,train
15218,train
27942,train
47556,train
6866,train
37008,train
38834,train
34730,train
49650,train
43279,train
3371,train
6068,train
5372,train
28894,train
915,train
48279,train
33985,train
2445,train
40100,train
17118,train
30288,train
35254,train
12502,train
1231,train
36326,train
28439,train
49429,train
4100,train
32227,train
14669,train
16502,train
49758,train
17222,train
11193,train
23212,train
47068,train
6319,train
4141,train
40180,train
15895,train
25426,train
48565,train
37203,train
32635,train
22448,train
5723,train
17134,train
8645,train
18771,train
19891,train
32206,train
48678,train
12248,train
16255,train
22578,train
15337,train
27638,train
6590,train
31674,train
12300,train
16003,train
31266,train
24114,train
32597,train
29439,train
27030,train
39956,train
15677,train
42883,train
38860,train
44137,train
45143,train
20105,train
10034,train
7121,train
44087,train
36306,train
42983,train
6006,train
14597,train
24323,train
31492,train
41009,train
20942,train
45018,train
17329,train
44471,train
13456,train
18509,train
49357,train
43347,train
22111,train
38519,train
8405,train
46385,train
46478,train
33230,train
42074,train
7198,train
21984,train
15914,train
47971,train
13019,train
18301,train
29523,train
7489,train
42700,train
13739,train
22415,train
39812,train
33337,train
44934,train
28501,train
13513,train
39076,train
10570,train
16327,train
24576,train
43840,train
29184,train
712,train
37776,train
41561,train
45602,train
43779,train
34913,train
43947,train
8379,train
23090,train
32200,train
31203,train
25533,train
15532,train
41326,train
29667,train
34681,train
34736,train
46619,train
7412,train
30650,train
34217,train
35342,train
41022,train
38315,train
41815,train
19216,train
39431,train
23306,train
16147,train
4117,train
33460,train
27853,train
15616,train
45869,train
30032,train
30070,train
18724,train
8560,train
6864,train
11880,train
14675,train
6490,train
29604,train
5267,train
45574,train
13663,train
36207,train
1658,train
37415,train
339,train
8081,train
25628,train
39804,train
34351,train
14135,train
6243,train
17640,train
41157,train
48388,train
43633,train
44469,train
27307,train
14423,train
21568,train
4169,train
7758,train
3213,train
19081,train
46459,train
36956,train
46297,train
18332,train
26832,train
39681,train
27757,train
3746,train
20494,train
42081,train
18558,train
35612,train
7879,train
47647,train
48568,train
20230,train
36927,train
43804,train
18383,train
32994,train
32817,train
36189,train
7829,train
26582,train
40169,train
15354,train
34273,train
3621,train
42828,train
21809,train
47132,train
4757,train
13359,train
16981,train
41056,train
27583,train
38849,train
46011,train
21953,train
5704,train
23307,train
36475,train
3039,train
40270,train
42190,train
48566,train
30780,train
19095,train
16851,train
19834,train
34672,train
13175,train
21625,train
35378,train
25417,train
9986,train
11273,train
14322,train
10234,train
22646,train
22230,train
38121,train
32673,train
42722,train
11130,train
45104,train
9801,train
20369,train
3801,train
9686,train
41683,train
45905,train
44178,train
43963,train
38425,train
28974,train
1528,train
40977,train
42410,train
43070,train
37067,train
30456,train
3050,train
34575,train
17739,train
39495,train
13500,train
35606,train
5192,train
35587,train
39768,train
36759,train
20897,train
16850,train
11099,train
15511,train
40060,train
794,train
3330,train
11858,train
37676,train
23506,train
41512,train
35876,train
35383,train
35611,train
18348,train
15642,train
27747,train
13201,train
37464,train
37996,train
27389,train
7341,train
44707,train
40380,train
48044,train
46764,train
12529,train
27237,train
8831,train
23354,train
44091,train
23972,train
2426,train
21327,train
23626,train
47572,train
4706,train
5420,train
12498,train
49485,train
23607,train
9171,train
26371,train
42366,train
6256,train
45535,train
49850,train
30426,train
45600,train
11952,train
26486,train
5356,train
7467,train
44460,train
8052,train
29501,train
32158,train
44911,train
16009,train
17453,train
40402,train
18589,train
15050,train
10331,train
9122,train
31849,train
5834,train
36819,train
30357,train
7620,train
13609,train
7143,train
26720,train
46520,train
5712,train
844,train
24508,train
33541,train
49592,train
14243,train
10966,train
45878,train
10042,train
41392,train
31867,train
30995,train
6523,train
11119,train
8730,train
37976,train
16474,train
11202,train
46216,train
44412,train
47922,train
29964,train
7666,train
29981,train
41008,train
40219,train
817,train
2587,train
35448,train
8175,train
4070,train
39632,train
797,train
26236,train
40627,train
33977,train
40556,train
7178,train
3049,train
33599,train
18041,train
13681,train
44419,train
29159,train
20831,train
22811,train
866,train
34655,train
42425,train
44792,train
47634,train
40038,train
10204,train
40033,train
29487,train
1786,train
18712,train
37841,train
20953,train
19626,train
34332,train
21190,train
40948,train
28979,train
12450,train
49751,train
38856,train
42770,train
27999,train
46062,train
37156,train
40031,train
28220,train
34619,train
8149,train
6484,train
20182,train
19583,train
35574,train
5318,train
47210,train
1394,train
38552,train
17818,train
6258,train
11588,train
850,train
49014,train
32525,train
14125,train
2278,train
29612,train
33903,train
37517,train
9865,train
22978,train
13589,train
15423,train
41489,train
49529,train
6825,train
34354,train
1332,train
13451,train
10036,train
44035,train
45592,train
10989,train
4136,train
3342,train
14647,train
8119,train
29907,train
24884,train
18592,train
24081,train
47394,train
22947,train
7458,train
47902,train
17320,train
7745,train
38201,train
38671,train
32631,train
9373,train
46577,train
44206,train
42250,train
39402,train
33294,train
9106,train
25003,train
16232,train
5440,train
20574,train
10617,train
12461,train
16115,train
2799,train
33003,train
16251,train
30554,train
33138,train
49665,train
12112,train
46518,train
7683,train
33448,train
18693,train
85,train
16339,train
12928,train
32074,train
16920,train
21939,train
32347,train
49884,train
47029,train
23285,train
12138,train
47725,train
25906,train
19349,train
34568,train
35826,train
36046,train
27863,train
48977,train
39004,train
19729,train
33198,train
27778,train
39910,train
21803,train
12930,train
39174,train
36381,train
10311,train
14449,train
18089,train
40134,train
12768,train
44663,train
22047,train
4201,train
23981,train
27679,train
35096,train
5097,train
22876,train
10356,train
29988,train
22501,train
29899,train
31914,train
3105,train
25179,train
40191,train
3510,train
32891,train
7788,train
20553,train
49860,train
45386,train
37173,train
2492,train
27046,train
39808,train
5909,train
17973,train
9628,train
15291,train
16229,train
4216,train
29396,train
7474,train
18023,train
18489,train
17884,train
17844,train
25982,train
18095,train
33588,train
36232,train
16186,train
12488,train
5554,train
1531,train
49023,train
17322,train
17295,train
43177,train
5005,train
1753,train
39087,train
20585,train
42363,train
26063,train
43976,train
6315,train
44217,train
38867,train
24765,train
10638,train
39066,train
22407,train
40693,train
704,train
22105,train
46036,train
46230,train
40119,train
43814,train
13932,train
2189,train
9113,train
41445,train
22061,train
19173,train
33072,train
38185,train
19143,train
8793,train
25947,train
47182,train
22428,train
43073,train
10024,train
25046,train
13954,train
1367,train
17689,train
39256,train
43780,train
11668,train
6116,train
36132,train
38660,train
9014,train
12368,train
888,train
45184,train
40236,train
45859,train
13275,train
38004,train
4348,train
2257,train
7037,train
44497,train
31640,train
8078,train
22754,train
476,train
6978,train
25180,train
45074,train
48019,train
8616,train
20327,train
15655,train
8279,train
1420,train
10618,train
39506,train
48651,train
4917,train
8987,train
31579,train
2427,train
39419,train
16057,train
47885,train
3726,train
22491,train
29099,train
8072,train
33676,train
16357,train
39334,train
13287,train
17861,train
18673,train
15092,train
47914,train
42781,train
15001,train
18129,train
32143,train
7052,train
38008,train
30583,train
12283,train
11977,train
22247,train
12726,train
19710,train
16424,train
40005,train
17799,train
48737,train
31543,train
45303,train
928,train
5903,train
24695,train
27205,train
42872,train
37140,train
30719,train
16118,train
5967,train
22179,train
40167,train
27267,train
15860,train
31907,train
13670,train
24119,train
3052,train
40470,train
47517,train
28428,train
13326,train
22587,train
27332,train
10805,train
47742,train
18754,train
19639,train
14757,train
43497,train
26389,train
36211,train
41076,train
36784,train
10462,train
1316,train
43276,train
46343,train
5021,train
33731,train
15038,train
16957,train
49508,train
21260,train
20725,train
37423,train
33645,train
23849,train
1855,train
34451,train
49731,train
15848,train
49242,train
39199,train
26593,train
39171,train
33463,train
14170,train
48750,train
21067,train
23189,train
17933,train
25930,train
38699,train
6229,train
3021,train
39942,train
31864,train
48270,train
20530,train
36525,train
35310,train
5086,train
42680,train
9842,train
29712,train
45019,train
40634,train
48621,train
37033,train
23289,train
42054,train
11094,train
44547,train
22495,train
3038,train
2991,train
33105,train
15287,train
32054,train
6805,train
16547,train
30442,train
48649,train
32493,train
39271,train
11997,train
497,train
37893,train
44043,train
49081,train
15374,train
13822,train
31822,train
3363,train
14041,train
39985,train
38297,train
34091,train
48145,train
43875,train
19785,train
1422,train
33963,train
30552,train
31337,train
35916,train
34422,train
10447,train
20864,train
30473,train
34544,train
18947,train
29340,train
42334,train
3967,train
47067,train
12676,train
7576,train
4361,train
38350,train
45631,train
8975,train
31651,train
34799,train
43519,train
23304,train
18337,train
47907,train
20405,train
35780,train
30110,train
25997,train
35206,train
45436,train
3360,train
46092,train
11567,train
48260,train
25316,train
7468,train
8345,train
46209,train
39233,train
44504,train
24776,train
40749,train
8605,train
33692,train
44518,train
22729,train
11822,train
5534,train
46063,train
8323,train
38475,train
23497,train
38028,train
18019,train
5101,train
19680,train
36563,train
38303,train
36085,train
1834,train
16951,train
19724,train
48243,train
33718,train
47665,train
38939,train
37528,train
16705,train
32285,train
38841,train
37631,train
33523,train
33476,train
40716,train
38786,train
40431,train
4600,train
26464,train
19236,train
45507,train
41074,train
33421,train
7056,train
46119,train
960,train
38732,train
37282,train
36367,train
30631,train
34650,train
24706,train
10470,train
4170,train
43228,train
7488,train
46141,train
29837,train
43703,train
41161,train
26820,train
30072,train
14200,train
5447,train
38513,train
5670,train
28067,train
9454,train
13204,train
15819,train
40001,train
2794,train
25850,train
32831,train
41711,train
10364,train
49819,train
37721,train
6666,train
30502,train
39243,train
49255,train
41921,train
17893,train
43463,train
32480,train
22034,train
9347,train
25784,train
36492,train
28860,train
43235,train
980,train
36840,train
13478,train
44249,train
31342,train
27374,train
17564,train
5244,train
47880,train
10433,train
22893,train
21888,train
32681,train
34203,train
3215,train
20417,train
18401,train
43833,train
17485,train
43552,train
49697,train
10043,train
20955,train
9754,train
48532,train
6814,train
41507,train
39001,train
30551,train
48155,train
9960,train
49583,train
1305,train
40057,train
23474,train
35134,train
20262,train
24982,train
19225,train
13525,train
23830,train
42010,train
37889,train
45858,train
35868,train
991,train
18310,train
8536,train
25762,train
37334,train
3787,train
27509,train
4284,train
18970,train
6340,train
13376,train
11287,train
20705,train
39239,train
18954,train
48476,train
3990,train
29041,train
36331,train
45066,train
39756,train
7518,train
35669,train
21519,train
30135,train
13021,train
18347,train
3906,train
35511,train
8671,train
6245,train
8342,train
11942,train
44045,train
1991,train
46782,train
4457,train
43736,train
49625,train
30570,train
38323,train
13511,train
38654,train
37446,train
16110,train
48707,train
3542,train
40489,train
11888,train
21490,train
33051,train
35146,train
37014,train
31796,train
13333,train
32637,train
28889,train
45260,train
49613,train
46207,train
7158,train
36372,train
22134,train
21091,train
35389,train
48600,train
14039,train
2052,train
2017,train
446,train
43842,train
7930,train
49598,train
31005,train
48744,train
12146,train
26619,train
37741,train
25334,train
37527,train
46964,train
48096,train
12546,train
15919,train
31972,train
11158,train
25584,train
31556,train
30978,train
24807,train
15236,train
3878,train
45015,train
45199,train
14487,train
28573,train
43085,train
30083,train
31616,train
26571,train
5557,train
276,train
16829,train
5820,train
21422,train
14670,train
12447,train
18816,train
26633,train
11237,train
8015,train
6911,train
4408,train
25591,train
34387,train
40494,train
49213,train
40776,train
27495,train
47569,train
35549,train
46969,train
39312,train
41671,train
36844,train
22311,train
20783,train
42884,train
36948,train
40710,train
29776,train
18413,train
13354,train
21993,train
31693,train
45250,train
1645,train
36017,train
41808,train
18878,train
21602,train
40745,train
38910,train
13211,train
17889,train
40341,train
2717,train
25739,train
25344,train
27224,train
10916,train
40651,train
40560,train
30084,train
28326,train
4866,train
20289,train
24760,train
1484,train
10842,train
39590,train
10529,train
15,train
2428,train
25487,train
36254,train
33077,train
37350,train
612,train
33850,train
27120,train
29935,train
49845,train
5276,train
49206,train
20806,train
49465,train
35209,train
38928,train
448,train
48026,train
20875,train
49719,train
18716,train
20183,train
41793,train
18614,train
29277,train
20154,train
21732,train
25738,train
7417,train
19663,train
17575,train
7279,train
15766,train
7486,train
29754,train
11824,train
41125,train
47625,train
32767,train
42794,train
29282,train
24960,train
21510,train
26487,train
33584,train
40825,train
44662,train
41099,train
7397,train
47493,train
18735,train
6895,train
25717,train
10330,train
25928,train
14256,train
48622,train
118,train
2003,train
37480,train
49398,train
8367,train
30999,train
25414,train
6043,train
22872,train
16306,train
2984,train
6852,train
43191,train
10181,train
13381,train
28116,train
37150,train
41696,train
20718,train
12699,train
42185,train
3095,train
18262,train
28925,train
4833,train
44499,train
42369,train
44065,train
37857,train
47976,train
43222,train
13828,train
22008,train
6321,train
41492,train
21165,train
45649,train
14448,train
44138,train
42211,train
5730,train
47824,train
45977,train
9602,train
46847,train
21653,train
29725,train
16167,train
45362,train
26104,train
28020,train
21230,train
34756,train
17666,train
48369,train
17220,train
43686,train
32599,train
47553,train
23015,train
12840,train
6982,train
21642,train
4431,train
19439,train
3798,train
42046,train
14212,train
40843,train
19642,train
36038,train
21073,train
31672,train
21107,train
37742,train
9555,train
12986,train
13225,train
25653,train
15714,train
7637,train
48197,train
42785,train
26708,train
16182,train
28120,train
45200,train
22170,train
31096,train
43417,train
19528,train
41491,train
15943,train
36519,train
14497,train
34446,train
14937,train
11175,train
13031,train
21932,train
9275,train
4641,train
9910,train
11796,train
6073,train
22972,train
32387,train
38446,train
17036,train
17769,train
43677,train
13044,train
32771,train
40473,train
13640,train
19485,train
1468,train
34235,train
24991,train
40524,train
37270,train
25856,train
2801,train
47594,train
17651,train
22535,train
45028,train
43887,train
12917,train
47989,train
19836,train
23377,train
45411,train
47838,train
1023,train
34995,train
5639,train
9917,train
38995,train
48690,train
44119,train
24566,train
32439,train
49548,train
12035,train
41235,train
8407,train
8525,train
44057,train
9799,train
29507,train
8544,train
25015,train
43518,train
3355,train
40282,train
13860,train
14806,train
32532,train
12012,train
42439,train
2070,train
10494,train
11536,train
4152,train
18854,train
36674,train
33137,train
9226,train
36722,train
30687,train
21209,train
26412,train
40864,train
12987,train
9854,train
16026,train
48579,train
48320,train
35761,train
38768,train
44719,train
10243,train
33775,train
47746,train
31103,train
34719,train
4925,train
3382,train
16824,train
20850,train
44536,train
43051,train
2040,train
29912,train
40165,train
548,train
10169,train
32371,train
31923,train
20810,train
39709,train
38905,train
6673,train
17151,train
18362,train
26045,train
24013,train
31316,train
18807,train
5860,train
47176,train
20214,train
19218,train
6860,train
45605,train
3311,train
30513,train
11911,train
1458,train
17560,train
32330,train
46106,train
18832,train
44538,train
606,train
11362,train
23554,train
12999,train
48343,train
24076,train
4466,train
37707,train
39305,train
15757,train
42868,train
17677,train
27261,train
23137,train
3789,train
10866,train
9145,train
5002,train
31812,train
18328,train
20083,train
32368,train
40155,train
21501,train
38562,train
48284,train
28530,train
7973,train
8628,train
38100,train
40771,train
9791,train
12705,train
32724,train
7572,train
29152,train
22479,train
30211,train
4601,train
3701,train
2021,train
26388,train
29702,train
26909,train
36758,train
37870,train
20699,train
33302,train
20393,train
22683,train
10197,train
19905,train
8869,train
30321,train
43883,train
44628,train
23483,train
17252,train
39600,train
49248,train
42183,train
49898,train
31346,train
31459,train
45639,train
22967,train
15681,train
34284,train
11686,train
35562,train
33310,train
41558,train
15479,train
40610,train
26357,train
6792,train
6359,train
7090,train
37024,train
42128,train
26697,train
6612,train
35295,train
41229,train
3687,train
46054,train
41163,train
48826,train
21119,train
31373,train
42774,train
9595,train
9135,train
47840,train
4850,train
11182,train
8085,train
36352,train
43744,train
28298,train
23327,train
47391,train
13906,train
27539,train
23434,train
24866,train
36654,train
19934,train
47617,train
13706,train
24337,train
36662,train
47913,train
24314,train
9183,train
45370,train
4386,train
39426,train
4288,train
37789,train
15191,train
34256,train
24701,train
42731,train
35919,train
34912,train
6924,train
8364,train
11022,train
5439,train
6338,train
28831,train
48117,train
47025,train
25492,train
36800,train
5939,train
44811,train
16195,train
15660,train
11025,train
20679,train
24325,train
34631,train
40679,train
37845,train
16659,train
40521,train
8377,train
40981,train
21112,train
42050,train
9823,train
4945,train
3516,train
20868,train
46301,train
28046,train
44561,train
48327,train
26188,train
6848,train
6376,train
12989,train
29765,train
17838,train
32407,train
13492,train
41244,train
18283,train
45714,train
27627,train
43218,train
5421,train
10908,train
15897,train
30793,train
17194,train
1523,train
1734,train
31575,train
26929,train
27315,train
37637,train
31324,train
49914,train
16456,train
34634,train
42668,train
27870,train
8311,train
16614,train
33941,train
28483,train
8359,train
46307,train
13771,train
13100,train
28828,train
24519,train
42535,train
10671,train
24796,train
6064,train
645,train
9349,train
27734,train
43185,train
35470,train
48588,train
3494,train
16739,train
31892,train
33862,train
25537,train
30515,train
48021,train
19151,train
6025,train
5048,train
30730,train
47137,train
23828,train
39846,train
42124,train
3033,train
30329,train
40296,train
44177,train
43449,train
35292,train
26334,train
3485,train
30192,train
44054,train
6144,train
32110,train
10492,train
30055,train
17995,train
11746,train
9787,train
32322,train
5764,train
38547,train
18406,train
38554,train
2601,train
27019,train
35368,train
37113,train
29911,train
33967,train
41260,train
28201,train
36403,train
17144,train
36238,train
39258,train
41148,train
13863,train
23926,train
39204,train
14018,train
19345,train
31423,train
11633,train
19994,train
33471,train
38240,train
15177,train
32169,train
29466,train
17431,train
430,train
38797,train
23153,train
37433,train
6180,train
6195,train
19031,train
6693,train
5469,train
32576,train
9006,train
43486,train
21053,train
17498,train
9054,train
30812,train
17869,train
6395,train
12449,train
10246,train
32533,train
39084,train
38193,train
47562,train
32280,train
41347,train
17887,train
25581,train
21077,train
39460,train
447,train
10355,train
16470,train
34596,train
12111,train
39221,train
25566,train
35634,train
49153,train
2779,train
34640,train
31334,train
9398,train
11837,train
27686,train
41739,train
37284,train
18597,train
40517,train
34305,train
24998,train
36919,train
45689,train
47464,train
13560,train
3207,train
17159,train
6237,train
14218,train
12384,train
38758,train
39183,train
28820,train
29638,train
31737,train
23351,train
7869,train
32029,train
49452,train
26629,train
15775,train
20979,train
48143,train
29895,train
44578,train
18635,train
32578,train
6317,train
2756,train
44279,train
32912,train
49918,train
16627,train
9253,train
29916,train
37377,train
4721,train
827,train
15311,train
28905,train
45626,train
33779,train
1397,train
9076,train
8875,train
28992,train
7684,train
8382,train
39535,train
42149,train
35067,train
48941,train
8221,train
25205,train
11932,train
14511,train
7578,train
12614,train
2518,train
36115,train
48871,train
38274,train
35940,train
43400,train
12341,train
29713,train
22971,train
435,train
17696,train
43256,train
30937,train
39391,train
9323,train
41313,train
34355,train
26400,train
18321,train
27470,train
9886,train
10482,train
7821,train
38438,train
8087,train
5465,train
34392,train
48923,train
13241,train
4401,train
40469,train
21641,train
10584,train
39629,train
31248,train
44077,train
19829,train
38450,train
45623,train
17452,train
38088,train
1159,train
32601,train
3001,train
18207,train
38355,train
39665,train
19217,train
44421,train
46791,train
31291,train
48303,train
22285,train
48715,train
34796,train
39738,train
41517,train
9050,train
8912,train
17657,train
43004,train
14589,train
32733,train
38163,train
17669,train
474,train
11418,train
39009,train
6223,train
21216,train
19988,train
39778,train
32334,train
32088,train
28511,train
19545,train
39893,train
46204,train
17121,train
47629,train
14356,train
43951,train
37205,train
24853,train
16030,train
26999,train
19295,train
18706,train
30647,train
26058,train
48555,train
25935,train
18888,train
31563,train
46349,train
1985,train
46810,train
6309,train
45661,train
46846,train
33569,train
647,train
30920,train
5583,train
46879,train
10938,train
25914,train
34095,train
33398,train
45408,train
20514,train
45096,train
12628,train
31109,train
41601,train
44111,train
5959,train
42371,train
24303,train
34117,train
18802,train
9137,train
39737,train
21099,train
37056,train
41650,train
11631,train
11836,train
34010,train
42,train
16413,train
11552,train
37516,train
30932,train
29580,train
32696,train
32052,train
24340,train
30698,train
1453,train
4497,train
46030,train
31255,train
5643,train
11389,train
3738,train
7384,train
1113,train
17777,train
41541,train
30497,train
716,train
22217,train
5622,train
18723,train
16373,train
12736,train
32802,train
49182,train
45914,train
25199,train
45326,train
45521,train
23537,train
30160,train
5093,train
30924,train
40003,train
31321,train
26749,train
49386,train
17190,train
6730,train
28279,train
12534,train
12085,train
46741,train
18758,train
9187,train
23631,train
22932,train
39989,train
25999,train
10434,train
32883,train
11373,train
46939,train
27373,train
39088,train
29139,train
6076,train
34571,train
14444,train
45256,train
369,train
22188,train
30457,train
22457,train
2762,train
30065,train
15683,train
15778,train
19332,train
20098,train
26050,train
49411,train
14278,train
46884,train
25108,train
35135,train
1127,train
21182,train
5784,train
19930,train
30555,train
38626,train
6303,train
42909,train
82,train
1533,train
2195,train
38391,train
49106,train
46970,train
9166,train
12017,train
46449,train
17168,train
19686,train
914,train
40444,train
7252,train
5262,train
533,train
28734,train
42000,train
44237,train
38328,train
19886,train
32622,train
30300,train
37947,train
33102,train
18302,train
40967,train
38702,train
45400,train
32188,train
27988,train
28544,train
24130,train
24043,train
30259,train
39278,train
900,train
45090,train
32279,train
35102,train
23826,train
23732,train
25491,train
10455,train
6212,train
27280,train
22383,train
19684,train
31898,train
44883,train
43680,train
4399,train
5605,train
17503,train
48966,train
45094,train
24137,train
24164,train
36320,train
42455,train
49955,train
35588,train
141,train
5176,train
15309,train
952,train
39124,train
38968,train
47278,train
47496,train
31306,train
44898,train
34609,train
40056,train
32294,train
47994,train
48679,train
35805,train
13234,train
35020,train
43586,train
40378,train
42367,train
25453,train
6042,train
31866,train
28603,train
29727,train
18128,train
747,train
37602,train
21737,train
24730,train
33902,train
27150,train
14480,train
22280,train
45416,train
27839,train
17783,train
37681,train
42554,train
31997,train
35173,train
21569,train
18304,train
18150,train
47150,train
11153,train
13920,train
25966,train
6160,train
18613,train
34918,train
12895,train
28070,train
46241,train
21613,train
28843,train
201,train
24469,train
32416,train
38381,train
25254,train
27529,train
9692,train
29991,train
11131,train
579,train
27226,train
39915,train
35853,train
22384,train
11871,train
43111,train
37642,train
47104,train
7872,train
19021,train
43870,train
44853,train
10344,train
8656,train
24430,train
23103,train
9906,train
11882,train
43524,train
26044,train
22594,train
7571,train
42601,train
5347,train
3860,train
19892,train
2476,train
37999,train
32620,train
10279,train
1758,train
31396,train
31825,train
49501,train
49209,train
48503,train
19875,train
23920,train
12686,train
7922,train
28191,train
3172,train
8468,train
6751,train
27770,train
42469,train
14233,train
5504,train
18932,train
35928,train
38514,train
26885,train
12906,train
48350,train
18544,train
4461,train
20744,train
30019,train
12728,train
27275,train
37918,train
32449,train
47839,train
1444,train
32977,train
4017,train
21836,train
23548,train
26530,train
43540,train
36970,train
31102,train
11176,train
19578,train
5088,train
39023,train
40587,train
41419,train
22523,train
4312,train
30178,train
6446,train
45382,train
48612,train
45532,train
39307,train
14814,train
13111,train
5103,train
3170,train
23630,train
48438,train
41629,train
39843,train
40492,train
11912,train
43972,train
25390,train
4268,train
16709,train
15709,train
12312,train
5997,train
42693,train
22218,train
31655,train
40323,train
36392,train
14489,train
29557,train
2270,train
22505,train
24403,train
41372,train
40792,train
35978,train
25459,train
38826,train
25912,train
32239,train
39983,train
17406,train
41745,train
18765,train
2510,train
41830,train
4516,train
16324,train
19482,train
34296,train
1104,train
29787,train
18930,train
25862,train
47867,train
32093,train
18595,train
5161,train
24345,train
21614,train
11922,train
31088,train
6262,train
11191,train
28210,train
22913,train
10187,train
31453,train
33193,train
33843,train
36729,train
15639,train
37124,train
4140,train
35014,train
17717,train
26367,train
11774,train
28303,train
38828,train
33686,train
44549,train
29519,train
45431,train
35520,train
35251,train
30871,train
33930,train
47449,train
45132,train
3011,train
46911,train
49504,train
24586,train
45044,train
8872,train
46743,train
42398,train
48247,train
31865,train
42632,train
47581,train
43149,train
28265,train
33844,train
7422,train
41327,train
19696,train
12290,train
24197,train
7225,train
24324,train
31658,train
4551,train
34610,train
15523,train
22200,train
43360,train
49646,train
25110,train
47726,train
36644,train
31184,train
39351,train
43238,train
36405,train
1096,train
27013,train
34538,train
42429,train
46951,train
16299,train
24196,train
44694,train
43807,train
41364,train
40890,train
12433,train
25927,train
28272,train
16060,train
37603,train
26774,train
48976,train
40080,train
8372,train
11295,train
41472,train
20376,train
21897,train
36765,train
12711,train
5183,train
14530,train
28305,train
18045,train
36357,train
10392,train
895,train
35151,train
45421,train
35894,train
24954,train
33154,train
1751,train
28273,train
35166,train
8316,train
48914,train
11250,train
29468,train
25368,train
31519,train
11594,train
24296,train
11716,train
28935,train
17857,train
37957,train
45392,train
24764,train
45054,train
26447,train
150,train
12406,train
24040,train
15970,train
14020,train
46825,train
15503,train
13005,train
49563,train
15753,train
15934,train
1442,train
23887,train
8888,train
48973,train
8589,train
14237,train
11036,train
22294,train
20701,train
507,train
42614,train
11967,train
17655,train
23760,train
12238,train
8862,train
27631,train
2863,train
1952,train
5495,train
15469,train
4126,train
25573,train
9131,train
27290,train
26790,train
8420,train
509,train
26547,train
43213,train
3646,train
42829,train
33582,train
42468,train
21428,train
32640,train
41300,train
2998,train
96,train
28159,train
24414,train
34508,train
14292,train
9872,train
33216,train
13916,train
48912,train
2600,train
34470,train
8861,train
987,train
35259,train
33101,train
39544,train
18988,train
29762,train
8109,train
6157,train
5102,train
46655,train
35977,train
43307,train
30064,train
17576,train
41726,train
26787,train
40856,train
22837,train
17836,train
10699,train
39195,train
38630,train
1954,train
4504,train
47301,train
9062,train
38813,train
49450,train
5277,train
7238,train
35769,train
23405,train
7780,train
32965,train
8225,train
42008,train
36852,train
28495,train
8565,train
32302,train
41094,train
18426,train
46393,train
49585,train
24625,train
4014,train
30949,train
9857,train
21910,train
20871,train
12121,train
41233,train
1377,train
17142,train
49765,train
43244,train
49820,train
42990,train
15485,train
11527,train
7524,train
46725,train
28096,train
10209,train
37291,train
20380,train
25437,train
22265,train
23310,train
27923,train
30082,train
6664,train
29835,train
10255,train
8612,train
21493,train
31566,train
30229,train
465,train
26488,train
35017,train
894,train
17150,train
19959,train
25329,train
23868,train
42119,train
16305,train
47782,train
46238,train
7275,train
47657,train
11359,train
8357,train
8369,train
13182,train
28858,train
48074,train
18718,train
14229,train
3540,train
32078,train
20416,train
48806,train
24456,train
45587,train
44726,train
2583,train
14627,train
43151,train
18743,train
12514,train
23379,train
3839,train
4371,train
9904,train
48452,train
31355,train
30165,train
48550,train
7497,train
5194,train
11667,train
27042,train
9431,train
20862,train
39601,train
15748,train
35847,train
40760,train
3805,train
22399,train
20645,train
35573,train
38220,train
25872,train
29349,train
29121,train
25920,train
7579,train
39683,train
6726,train
9677,train
8222,train
8067,train
26480,train
45932,train
30355,train
18377,train
3121,train
21856,train
6507,train
5996,train
12232,train
12270,train
17507,train
28867,train
35175,train
26634,train
1765,train
40362,train
29233,train
23536,train
14887,train
20595,train
43259,train
46582,train
1069,train
27463,train
43546,train
46014,train
13397,train
19219,train
3618,train
17025,train
11920,train
8921,train
37329,train
30086,train
30207,train
40008,train
30777,train
14778,train
46610,train
23701,train
32752,train
43280,train
46358,train
5565,train
19462,train
40580,train
14084,train
9357,train
3674,train
49603,train
46045,train
33147,train
22359,train
2910,train
19650,train
35119,train
1677,train
23794,train
31609,train
17158,train
39329,train
12805,train
21029,train
16420,train
44639,train
7377,train
1745,train
23820,train
2361,train
30004,train
3616,train
10694,train
21615,train
15273,train
19514,train
35629,train
11344,train
16696,train
49202,train
45967,train
41516,train
227,train
35854,train
9542,train
41535,train
30790,train
46444,train
27886,train
3259,train
14236,train
136,train
46184,train
48766,train
20710,train
10249,train
40786,train
27100,train
24191,train
37071,train
8482,train
7108,train
29749,train
31745,train
39153,train
24504,train
34094,train
15163,train
24138,train
45176,train
48055,train
2276,train
7598,train
11902,train
44286,train
37815,train
11143,train
47770,train
47991,train
13026,train
44621,train
18218,train
44844,train
4807,train
38650,train
29460,train
604,train
43793,train
39475,train
19773,train
7860,train
49185,train
18653,train
29458,train
18593,train
38236,train
27028,train
33610,train
8948,train
21608,train
37121,train
8038,train
15649,train
23601,train
7138,train
3027,train
44588,train
24377,train
8395,train
26548,train
1310,train
32935,train
47194,train
17258,train
15172,train
33067,train
45855,train
21960,train
30390,train
12596,train
15608,train
4322,train
42345,train
2035,train
35638,train
48505,train
20534,train
48040,train
40683,train
41828,train
32759,train
42313,train
26027,train
6496,train
28388,train
13741,train
36506,train
27691,train
44146,train
49333,train
40258,train
16897,train
2597,train
37626,train
12883,train
20373,train
23007,train
11417,train
48267,train
9147,train
47136,train
10595,train
5682,train
7808,train
32798,train
47429,train
42896,train
23966,train
21357,train
29279,train
25615,train
1189,train
11457,train
13519,train
46575,train
921,train
8215,train
31117,train
13221,train
5867,train
26566,train
26544,train
20689,train
29483,train
23363,train
23559,train
2135,train
10184,train
6163,train
32877,train
45583,train
11411,train
43267,train
32063,train
36582,train
3020,train
23892,train
6768,train
46354,train
46491,train
33781,train
38268,train
9881,train
45189,train
41760,train
35567,train
16328,train
13255,train
26360,train
564,train
12021,train
2887,train
35158,train
37277,train
1230,train
8462,train
40895,train
2368,train
21448,train
46912,train
26271,train
17962,train
28908,train
41135,train
45731,train
14531,train
44130,train
30986,train
32671,train
23237,train
7764,train
45724,train
2490,train
5830,train
11564,train
24015,train
23750,train
37454,train
43911,train
15347,train
21434,train
9547,train
17868,train
48006,train
35442,train
6951,train
38572,train
26883,train
44233,train
1617,train
3568,train
47645,train
4667,train
22196,train
17363,train
36514,train
11086,train
35932,train
40295,train
9959,train
46721,train
19469,train
11782,train
33095,train
45156,train
49407,train
14301,train
41792,train
23703,train
23936,train
27166,train
7113,train
43081,train
24797,train
9257,train
10604,train
40271,train
41048,train
5932,train
2013,train
18331,train
31578,train
19719,train
6962,train
6946,train
1902,train
41810,train
9519,train
45897,train
46495,train
48889,train
49071,train
7595,train
40554,train
19672,train
32210,train
1941,train
25087,train
17911,train
27751,train
41651,train
42276,train
20938,train
10683,train
32845,train
15071,train
38285,train
30714,train
11992,train
36981,train
38115,train
44207,train
43861,train
39024,train
32874,train
2250,train
20090,train
25764,train
41165,train
40953,train
2180,train
6285,train
48523,train
12063,train
38889,train
22641,train
21542,train
20446,train
18630,train
24812,train
32636,train
1889,train
45444,train
4363,train
17600,train
34924,train
35566,train
30322,train
10285,train
10963,train
41494,train
30172,train
3378,train
7533,train
20591,train
2915,train
34162,train
35388,train
9071,train
584,train
38229,train
42080,train
34531,train
16875,train
2572,train
8083,train
15576,train
21914,train
45831,train
17943,train
19623,train
25456,train
5131,train
32861,train
36650,train
30659,train
42281,train
5223,train
43528,train
22020,train
14582,train
49179,train
23788,train
40962,train
18471,train
35632,train
45339,train
43225,train
27697,train
31270,train
6347,train
44843,train
47757,train
37539,train
23469,train
23144,train
335,train
14479,train
11609,train
47385,train
39115,train
16216,train
37403,train
41827,train
2864,train
1027,train
33427,train
15009,train
36849,train
31564,train
36907,train
4055,train
22162,train
30977,train
2777,train
49832,train
598,train
34482,train
403,train
37748,train
36351,train
34372,train
8702,train
33751,train
25051,train
35713,train
2110,train
2080,train
41020,train
18388,train
5060,train
48742,train
3988,train
3991,train
10121,train
35133,train
14085,train
1070,train
7128,train
2332,train
27739,train
34301,train
33371,train
46592,train
44152,train
43693,train
25073,train
1483,train
15393,train
25646,train
46338,train
2439,train
28134,train
20246,train
39844,train
45384,train
6487,train
40781,train
19584,train
10727,train
8235,train
10736,train
45951,train
39492,train
17807,train
45876,train
16406,train
35155,train
8121,train
44306,train
2930,train
2529,train
35987,train
32398,train
10713,train
23244,train
16103,train
25992,train
49747,train
35428,train
6407,train
14010,train
16052,train
396,train
24789,train
49227,train
21449,train
4487,train
4948,train
26747,train
10250,train
2085,train
47751,train
31702,train
40880,train
27319,train
32577,train
20667,train
31428,train
12254,train
49970,train
6793,train
36811,train
36532,train
23608,train
29272,train
40381,train
25707,train
29686,train
12332,train
14195,train
13193,train
41477,train
11610,train
40461,train
47906,train
21392,train
12394,train
46672,train
26164,train
44838,train
24252,train
5516,train
22977,train
16995,train
7652,train
19375,train
6739,train
5184,train
3722,train
2317,train
21095,train
39097,train
33536,train
7402,train
30738,train
42360,train
5437,train
23166,train
9241,train
15807,train
29605,train
7002,train
16490,train
14859,train
47783,train
38410,train
13420,train
651,train
18153,train
9856,train
41212,train
7705,train
22781,train
35486,train
36313,train
10308,train
42052,train
15633,train
45064,train
12116,train
37410,train
15682,train
46886,train
13414,train
42147,train
22866,train
43466,train
40875,train
12018,train
36099,train
9508,train
27236,train
27983,train
14402,train
13400,train
26917,train
5858,train
44094,train
11001,train
35313,train
10363,train
24308,train
22824,train
44760,train
15899,train
44804,train
39746,train
45509,train
4352,train
2268,train
22447,train
28425,train
6419,train
42886,train
28667,train
16698,train
6511,train
38915,train
4121,train
27071,train
47655,train
25651,train
4622,train
42309,train
19240,train
30893,train
1016,train
25069,train
9444,train
24987,train
32121,train
13485,train
23695,train
48271,train
34474,train
15224,train
23782,train
1137,train
7889,train
16242,train
8548,train
11095,train
25896,train
32508,train
22021,train
32547,train
1755,train
35605,train
4737,train
16666,train
24223,train
35770,train
27055,train
10525,train
48011,train
38608,train
10982,train
40124,train
38553,train
20670,train
14804,train
13125,train
2009,train
21321,train
39266,train
21607,train
27075,train
41557,train
21521,train
6222,train
38670,train
17793,train
31370,train
12741,train
4413,train
18981,train
25592,train
12636,train
16301,train
37926,train
47730,train
2811,train
26173,train
4381,train
15785,train
3836,train
48402,train
49636,train
33195,train
20143,train
15840,train
28645,train
47121,train
13733,train
6717,train
22814,train
26875,train
8890,train
22461,train
25309,train
43405,train
29312,train
33727,train
6430,train
18703,train
19739,train
3628,train
27536,train
42098,train
41533,train
42754,train
42265,train
25335,train
32777,train
8524,train
37392,train
34958,train
27884,train
8276,train
26957,train
17164,train
8932,train
2025,train
15303,train
1605,train
32287,train
23707,train
6593,train
17898,train
13726,train
20048,train
47048,train
17236,train
43481,train
1986,train
19874,train
18402,train
34537,train
38222,train
40773,train
27985,train
32530,train
35341,train
32244,train
9337,train
475,train
4113,train
8284,train
17991,train
49514,train
3882,train
22164,train
43309,train
19580,train
18741,train
35287,train
37112,train
30269,train
16225,train
8492,train
7516,train
47193,train
49416,train
17616,train
24813,train
41752,train
10259,train
35580,train
37355,train
46112,train
34023,train
3653,train
26478,train
21385,train
44912,train
4980,train
28394,train
1639,train
7230,train
33391,train
12284,train
14378,train
28354,train
42673,train
16941,train
20928,train
35400,train
44510,train
1712,train
49905,train
34713,train
13133,train
6638,train
1480,train
1130,train
12652,train
36858,train
4994,train
33911,train
46865,train
38647,train
21847,train
26512,train
36991,train
2550,train
19731,train
7201,train
27093,train
46149,train
47111,train
11810,train
30925,train
4550,train
39850,train
42512,train
27451,train
13493,train
9074,train
41093,train
13153,train
5620,train
38449,train
4161,train
26145,train
36935,train
11568,train
46950,train
34212,train
22343,train
1781,train
40780,train
21805,train
44558,train
7574,train
3444,train
23647,train
25506,train
32175,train
48059,train
28839,train
2521,train
19805,train
37892,train
43133,train
7237,train
33879,train
22512,train
33449,train
21685,train
14841,train
44487,train
7139,train
8268,train
44451,train
24740,train
47652,train
14430,train
26320,train
45550,train
44675,train
34988,train
47285,train
35788,train
15284,train
3904,train
35999,train
12044,train
45766,train
35998,train
43582,train
10610,train
5090,train
44245,train
16498,train
25520,train
35586,train
38893,train
46272,train
28626,train
15515,train
46658,train
44105,train
17269,train
9262,train
9385,train
35825,train
22492,train
4125,train
33433,train
36129,train
15806,train
14539,train
1138,train
5731,train
49555,train
14270,train
41703,train
36586,train
26834,train
27566,train
47551,train
37855,train
35131,train
23556,train
12845,train
39089,train
3152,train
785,train
5584,train
3026,train
22828,train
21010,train
28089,train
10401,train
6186,train
13220,train
12304,train
48481,train
27953,train
5443,train
30896,train
2616,train
22673,train
40704,train
31547,train
33890,train
6297,train
38629,train
40047,train
26791,train
41067,train
12545,train
18768,train
22197,train
46609,train
45500,train
36266,train
49277,train
41455,train
28826,train
48397,train
4529,train
825,train
48541,train
23163,train
25564,train
3964,train
46727,train
13440,train
35778,train
25370,train
34311,train
27398,train
6559,train
27641,train
43434,train
17256,train
25585,train
38157,train
2661,train
38195,train
31949,train
39117,train
12580,train
15335,train
19950,train
46901,train
39866,train
35456,train
29864,train
13072,train
14528,train
37833,train
718,train
39701,train
44520,train
23395,train
16096,train
15646,train
7909,train
4884,train
12823,train
7801,train
19809,train
10760,train
34950,train
44205,train
18865,train
22175,train
42241,train
30301,train
8041,train
1980,train
3834,train
48121,train
26499,train
47624,train
45833,train
36633,train
17495,train
28728,train
18231,train
39177,train
40821,train
35848,train
15725,train
15186,train
41318,train
19422,train
43816,train
37615,train
9792,train
28672,train
17993,train
9831,train
48901,train
18534,train
4509,train
20971,train
33681,train
25703,train
4095,train
34636,train
17042,train
6763,train
15772,train
37683,train
22028,train
24287,train
28762,train
49370,train
49238,train
45238,train
12609,train
33577,train
12743,train
36399,train
35478,train
2768,train
21083,train
24289,train
15960,train
15810,train
35252,train
48072,train
45589,train
15881,train
30816,train
32607,train
14747,train
16771,train
28090,train
47640,train
44436,train
44361,train
17671,train
31078,train
17698,train
22249,train
42618,train
45004,train
24011,train
567,train
46065,train
166,train
44383,train
43600,train
43597,train
30406,train
12713,train
31074,train
48897,train
22269,train
46890,train
14894,train
486,train
13434,train
30030,train
14566,train
5292,train
9949,train
42942,train
18208,train
19701,train
39825,train
37327,train
21338,train
48971,train
25295,train
9878,train
34181,train
11068,train
30338,train
24628,train
21765,train
43516,train
10425,train
44229,train
47027,train
26974,train
23726,train
48944,train
19486,train
17719,train
45636,train
47483,train
45482,train
15956,train
44864,train
19932,train
36624,train
21726,train
40202,train
3886,train
7853,train
4823,train
49601,train
29164,train
20140,train
732,train
10155,train
33480,train
22171,train
12582,train
23888,train
46590,train
6599,train
40471,train
11543,train
22398,train
3229,train
34878,train
12079,train
2559,train
3637,train
35954,train
26155,train
27827,train
35952,train
22608,train
13291,train
31014,train
4897,train
47356,train
33088,train
40860,train
44982,train
28492,train
42358,train
48379,train
34889,train
5937,train
17656,train
18086,train
3807,train
18224,train
34876,train
350,train
46410,train
4122,train
30525,train
26074,train
14912,train
32516,train
5385,train
173,train
3555,train
41956,train
49690,train
38711,train
29287,train
23860,train
31684,train
26460,train
21250,train
20557,train
41120,train
24993,train
36071,train
21730,train
45114,train
9597,train
9302,train
10172,train
10022,train
9466,train
48,train
45468,train
41211,train
12967,train
28250,train
45210,train
42865,train
22724,train
15675,train
24173,train
6442,train
32870,train
23885,train
33151,train
33883,train
26021,train
2567,train
3403,train
12946,train
16099,train
40261,train
32453,train
33816,train
40441,train
10102,train
31918,train
27735,train
12320,train
8473,train
38376,train
180,train
39106,train
47877,train
15417,train
41319,train
49974,train
5339,train
5165,train
21137,train
4043,train
31808,train
4429,train
16725,train
21518,train
25852,train
27393,train
33250,train
35419,train
4650,train
33419,train
3391,train
14754,train
8712,train
14982,train
5746,train
19787,train
22995,train
47349,train
26048,train
3641,train
26035,train
6332,train
4149,train
36836,train
20887,train
32913,train
5570,train
36495,train
8480,train
47596,train
48722,train
40434,train
6615,train
29365,train
18137,train
3241,train
38054,train
4729,train
28646,train
33457,train
2603,train
14786,train
37218,train
52,train
46227,train
5603,train
301,train
14920,train
43017,train
8562,train
32848,train
43605,train
4524,train
47469,train
25120,train
41245,train
36730,train
8571,train
12286,train
1924,train
27562,train
46653,train
20252,train
21331,train
4638,train
28710,train
40395,train
47899,train
15181,train
7116,train
20399,train
43734,train
44165,train
36539,train
46196,train
26588,train
9937,train
30776,train
25288,train
38003,train
32816,train
16712,train
12696,train
32504,train
38792,train
21485,train
11390,train
39502,train
44729,train
26181,train
34578,train
9164,train
21289,train
49422,train
18579,train
42228,train
33649,train
19546,train
34967,train
5803,train
34071,train
46694,train
44310,train
4726,train
39498,train
31986,train
23451,train
23203,train
22434,train
43547,train
9374,train
38017,train
7197,train
19968,train
35527,train
31517,train
48230,train
37328,train
24979,train
30814,train
16558,train
8764,train
24996,train
24512,train
29290,train
6671,train
30948,train
42905,train
9180,train
14319,train
28111,train
49904,train
10427,train
3870,train
17260,train
48664,train
433,train
36097,train
32402,train
15404,train
21100,train
42517,train
2429,train
25034,train
46689,train
27986,train
42772,train
47950,train
48458,train
45141,train
1436,train
33721,train
28827,train
23880,train
38181,train
22010,train
355,train
25084,train
47243,train
6396,train
3666,train
19967,train
11891,train
24902,train
30373,train
6882,train
18713,train
32680,train
8994,train
29847,train
47336,train
29246,train
4479,train
46409,train
14616,train
33321,train
41996,train
13661,train
42931,train
6514,train
22874,train
15907,train
38291,train
31546,train
38122,train
41414,train
29724,train
37743,train
41787,train
40923,train
47393,train
47146,train
5026,train
12814,train
19382,train
30563,train
3617,train
1143,train
34600,train
6879,train
46918,train
49600,train
28497,train
26937,train
8743,train
44345,train
10258,train
43457,train
25693,train
7636,train
8152,train
29046,train
9681,train
7179,train
3884,train
19373,train
37438,train
15013,train
27371,train
15809,train
29153,train
32835,train
15793,train
37317,train
48714,train
39037,train
34735,train
45957,train
10031,train
32852,train
22255,train
47295,train
976,train
17003,train
14171,train
16888,train
45223,train
16241,train
32519,train
20704,train
13592,train
18937,train
19036,train
46335,train
18849,train
25866,train
34868,train
3732,train
48323,train
6342,train
13088,train
29793,train
18829,train
14636,train
37457,train
19245,train
2203,train
21580,train
26598,train
23927,train
25228,train
15930,train
46356,train
1395,train
42494,train
27731,train
11691,train
8505,train
22804,train
29548,train
15124,train
6631,train
38596,train
25313,train
30503,train
41242,train
40149,train
42638,train
48861,train
4656,train
9175,train
27313,train
6596,train
7141,train
39876,train
15020,train
23613,train
32230,train
21725,train
20283,train
13305,train
38899,train
22750,train
25090,train
39621,train
18813,train
5480,train
37010,train
47861,train
10832,train
28039,train
7017,train
19406,train
10048,train
19702,train
35046,train
31906,train
30566,train
37684,train
46814,train
16575,train
1181,train
49769,train
43018,train
12317,train
47315,train
20099,train
44552,train
33999,train
37316,train
30043,train
4610,train
8555,train
15905,train
49085,train
23036,train
44797,train
23555,train
4452,train
34525,train
47476,train
37689,train
42036,train
35379,train
2211,train
45313,train
7264,train
37346,train
17609,train
9816,train
19091,train
40828,train
22841,train
44841,train
47518,train
41193,train
18125,train
20688,train
3275,train
17663,train
42388,train
17906,train
14918,train
41795,train
49273,train
36687,train
25486,train
15000,train
536,train
14509,train
26073,train
47076,train
43016,train
42917,train
31029,train
14427,train
41174,train
44049,train
2068,train
42998,train
12792,train
205,train
12239,train
26102,train
3430,train
18808,train
7946,train
35408,train
24133,train
8270,train
23898,train
49310,train
49005,train
28443,train
14181,train
21526,train
20580,train
33678,train
24575,train
33046,train
31824,train
47453,train
31397,train
37651,train
7837,train
48567,train
10284,train
16611,train
47696,train
28942,train
35986,train
18068,train
8461,train
46292,train
32980,train
39794,train
2663,train
48391,train
424,train
6142,train
38593,train
36885,train
24680,train
23779,train
11777,train
21158,train
18116,train
22674,train
23390,train
13094,train
7609,train
41110,train
23002,train
18658,train
13796,train
4405,train
35964,train
11719,train
30975,train
41677,train
12572,train
10478,train
5311,train
25841,train
18275,train
4720,train
20192,train
38770,train
11708,train
13346,train
41092,train
5975,train
32697,train
23829,train
41195,train
47456,train
43255,train
378,train
32401,train
24594,train
18869,train
24509,train
3335,train
23904,train
15551,train
10752,train
31484,train
12081,train
39735,train
24278,train
35692,train
41954,train
14019,train
41401,train
2670,train
46547,train
23873,train
40163,train
15369,train
46086,train
9059,train
16174,train
21395,train
40596,train
43588,train
12003,train
42973,train
27667,train
36293,train
29806,train
696,train
39713,train
13256,train
22654,train
30983,train
24958,train
31537,train
46442,train
30491,train
36867,train
35424,train
13630,train
35273,train
10978,train
46676,train
14722,train
41569,train
49304,train
24444,train
43823,train
17314,train
20956,train
5623,train
33015,train
46815,train
32341,train
47319,train
39921,train
30153,train
40783,train
49920,train
49678,train
31447,train
31214,train
35303,train
9238,train
9933,train
38364,train
11416,train
25582,train
46581,train
27003,train
27519,train
39531,train
10123,train
45828,train
9041,train
36652,train
22046,train
32140,train
13429,train
43556,train
2200,train
11345,train
32082,train
43084,train
28200,train
34391,train
39864,train
9858,train
32633,train
11178,train
44670,train
42484,train
43899,train
44418,train
43455,train
6374,train
39098,train
29985,train
30512,train
21326,train
14524,train
31438,train
9445,train
43112,train
10519,train
15183,train
17148,train
47452,train
15804,train
18037,train
39922,train
125,train
881,train
3358,train
41908,train
11605,train
10287,train
23123,train
41241,train
29876,train
43188,train
32945,train
16513,train
31133,train
46267,train
21006,train
38961,train
20575,train
42967,train
25622,train
5,train
44312,train
21727,train
6387,train
28841,train
39734,train
45351,train
12196,train
5807,train
38197,train
26731,train
45063,train
8283,train
35070,train
31469,train
12773,train
22898,train
11442,train
19453,train
23673,train
17428,train
35391,train
24103,train
40625,train
42444,train
49989,train
40484,train
44571,train
7791,train
11525,train
13102,train
14120,train
15884,train
31268,train
24731,train
46314,train
5122,train
27344,train
43322,train
48269,train
30789,train
47339,train
18697,train
15716,train
17634,train
34670,train
2834,train
5482,train
36647,train
17196,train
41027,train
25098,train
47618,train
22478,train
1291,train
905,train
23755,train
41998,train
13600,train
4417,train
22679,train
34627,train
25121,train
45961,train
13288,train
11638,train
43061,train
28475,train
3318,train
16245,train
37251,train
35742,train
3793,train
48819,train
33945,train
20587,train
49290,train
41658,train
29694,train
18510,train
13118,train
7205,train
2209,train
40669,train
45294,train
36863,train
11032,train
38435,train
45530,train
10956,train
38131,train
23415,train
5510,train
38205,train
16426,train
16495,train
30667,train
30514,train
30444,train
11446,train
18303,train
14892,train
6903,train
4632,train
6380,train
32275,train
22317,train
9451,train
42218,train
3432,train
49218,train
33792,train
14150,train
33255,train
46919,train
47164,train
29123,train
26317,train
15066,train
21138,train
30960,train
27990,train
40024,train
1499,train
7259,train
48013,train
4723,train
25393,train
6366,train
26242,train
6777,train
32455,train
22838,train
45867,train
33169,train
29786,train
1973,train
33497,train
39141,train
10384,train
26724,train
33928,train
13759,train
19139,train
21184,train
7632,train
16723,train
21884,train
40302,train
15045,train
24351,train
26543,train
32414,train
41825,train
34419,train
21541,train
30689,train
27527,train
25629,train
7550,train
9315,train
20941,train
34963,train
2595,train
26205,train
11439,train
481,train
10616,train
40797,train
15392,train
11126,train
2197,train
38512,train
25814,train
36700,train
21231,train
30368,train
41740,train
33529,train
2623,train
11479,train
4164,train
6818,train
23877,train
32473,train
23034,train
42697,train
41556,train
13217,train
39724,train
6480,train
28232,train
46909,train
31583,train
4025,train
18443,train
40291,train
26457,train
47406,train
13871,train
30293,train
10025,train
30575,train
34591,train
4687,train
46034,train
47668,train
41540,train
36904,train
11272,train
15705,train
6031,train
42536,train
43314,train
38765,train
43304,train
31445,train
26096,train
19477,train
25783,train
18815,train
8552,train
27684,train
14943,train
9666,train
13809,train
33648,train
11133,train
13764,train
31678,train
24547,train
13601,train
14976,train
38700,train
14396,train
24811,train
36027,train
42027,train
17712,train
47540,train
8095,train
27683,train
30764,train
1056,train
23886,train
42306,train
230,train
18663,train
2115,train
4649,train
24485,train
18121,train
634,train
31046,train
27817,train
40046,train
22762,train
25797,train
29968,train
18451,train
25194,train
5212,train
49103,train
17333,train
48964,train
33025,train
6747,train
35167,train
16534,train
36033,train
48068,train
44557,train
32878,train
44347,train
30333,train
46312,train
15651,train
5325,train
25200,train
24379,train
40523,train
18472,train
26767,train
18622,train
17926,train
48423,train
9478,train
8304,train
39441,train
22033,train
12583,train
33136,train
21458,train
1018,train
35268,train
12287,train
45974,train
48385,train
24753,train
26376,train
8584,train
21400,train
46799,train
21912,train
555,train
9609,train
37128,train
5850,train
33746,train
19140,train
48479,train
45889,train
10680,train
48049,train
24537,train
14296,train
8574,train
16961,train
47033,train
18013,train
11650,train
40181,train
37259,train
28625,train
43762,train
1322,train
36395,train
20033,train
22090,train
13842,train
12011,train
46285,train
27090,train
42814,train
21906,train
6653,train
20683,train
12499,train
1788,train
42277,train
30588,train
37341,train
3130,train
17474,train
26856,train
7952,train
16677,train
40605,train
47467,train
12381,train
34476,train
39562,train
17914,train
1722,train
25743,train
44688,train
16555,train
29933,train
48598,train
42926,train
19315,train
6512,train
4781,train
31606,train
49798,train
17704,train
45814,train
5286,train
20681,train
41271,train
8443,train
2452,train
27681,train
47811,train
49056,train
31192,train
46490,train
46013,train
14870,train
26802,train
31777,train
20465,train
11646,train
45792,train
34211,train
16807,train
47334,train
14521,train
18252,train
34850,train
16551,train
10332,train
18294,train
25006,train
32714,train
2086,train
43027,train
31645,train
12166,train
31307,train
2148,train
29839,train
26458,train
21686,train
44740,train
12030,train
31528,train
5916,train
39725,train
852,train
22070,train
20983,train
44398,train
42679,train
40307,train
46210,train
37339,train
45971,train
32319,train
35872,train
46340,train
3779,train
27378,train
16437,train
11698,train
18250,train
2919,train
26355,train
28560,train
16891,train
13438,train
32914,train
7061,train
37092,train
36659,train
26641,train
200,train
26189,train
34586,train
31326,train
19851,train
15752,train
49903,train
31107,train
5082,train
41571,train
11314,train
25109,train
46999,train
43247,train
29838,train
20529,train
16098,train
32899,train
23628,train
45480,train
11895,train
49105,train
22001,train
49122,train
33469,train
16086,train
24256,train
5450,train
29345,train
49241,train
28995,train
35187,train
39284,train
20257,train
42192,train
41222,train
12203,train
21342,train
43121,train
48499,train
31513,train
10190,train
502,train
32195,train
36574,train
39648,train
38314,train
39490,train
49167,train
44423,train
37960,train
42862,train
1946,train
11853,train
23301,train
1427,train
31384,train
49692,train
5214,train
44489,train
27108,train
47169,train
2060,train
21025,train
8695,train
34243,train
36628,train
34179,train
47781,train
30098,train
23660,train
19266,train
7220,train
28113,train
37357,train
11838,train
30170,train
36261,train
43361,train
48317,train
2471,train
49686,train
49573,train
28564,train
20038,train
16848,train
32396,train
29286,train
16051,train
18326,train
6176,train
40944,train
21316,train
38247,train
3942,train
30981,train
35579,train
18102,train
11058,train
1419,train
18858,train
12797,train
39055,train
2472,train
15222,train
35650,train
28489,train
12213,train
6449,train
27201,train
27241,train
45979,train
37097,train
47935,train
3976,train
42627,train
9358,train
8575,train
1743,train
3176,train
27904,train
48995,train
31417,train
24198,train
29442,train
20435,train
29863,train
33726,train
20176,train
19096,train
47118,train
40029,train
21187,train
49043,train
9517,train
30560,train
14793,train
34110,train
29635,train
3218,train
13846,train
49063,train
36699,train
47397,train
19481,train
47259,train
10282,train
384,train
45434,train
29377,train
44735,train
37436,train
4304,train
40688,train
1131,train
31647,train
12402,train
12130,train
32231,train
2229,train
47247,train
4391,train
41526,train
5650,train
49992,train
13955,train
45120,train
47775,train
587,train
5142,train
15097,train
27163,train
100,train
15062,train
35917,train
7418,train
29131,train
23013,train
14543,train
18836,train
20998,train
40486,train
32202,train
19146,train
17178,train
7240,train
10554,train
15659,train
39203,train
20156,train
34729,train
9416,train
45300,train
20581,train
18096,train
12122,train
37529,train
17879,train
13737,train
6648,train
41602,train
34883,train
3856,train
1304,train
10180,train
19659,train
31560,train
12389,train
20390,train
13229,train
32596,train
7675,train
4175,train
31092,train
33504,train
34433,train
7629,train
41648,train
16919,train
31709,train
49931,train
30735,train
36947,train
40043,train
7971,train
38298,train
41439,train
16573,train
11189,train
46154,train
37331,train
30547,train
49783,train
47442,train
35487,train
19641,train
34668,train
44785,train
21439,train
3345,train
8685,train
42329,train
28021,train
36133,train
45031,train
28777,train
46571,train
6961,train
1525,train
32447,train
43945,train
36184,train
15202,train
11897,train
29307,train
30861,train
42121,train
33049,train
520,train
902,train
43441,train
38479,train
11386,train
18515,train
29509,train
45048,train
46243,train
25093,train
47592,train
17438,train
30384,train
17310,train
44607,train
25468,train
3469,train
32159,train
48623,train
37294,train
17611,train
14042,train
19676,train
20010,train
11378,train
11264,train
47344,train
42150,train
15075,train
3063,train
21218,train
16960,train
8513,train
25519,train
26793,train
40289,train
44815,train
15228,train
20962,train
24589,train
49937,train
21088,train
6855,train
8040,train
34051,train
2651,train
3978,train
41088,train
37622,train
17892,train
29013,train
49773,train
29384,train
41208,train
18080,train
14174,train
37126,train
5051,train
18020,train
40468,train
23263,train
22619,train
48808,train
45328,train
30720,train
2057,train
30972,train
21208,train
47633,train
19553,train
45996,train
46102,train
35411,train
23669,train
35482,train
11954,train
14060,train
43476,train
27293,train
47693,train
49607,train
24358,train
37932,train
36820,train
37055,train
43544,train
32153,train
41688,train
32768,train
38530,train
14464,train
14678,train
47897,train
10419,train
35322,train
13813,train
39618,train
5901,train
767,train
1479,train
33034,train
34533,train
47604,train
21682,train
35078,train
26445,train
25321,train
49292,train
12506,train
41560,train
39198,train
30649,train
8210,train
13639,train
22586,train
33170,train
28943,train
28381,train
43663,train
2272,train
16883,train
36241,train
28406,train
49250,train
37164,train
31675,train
38723,train
40916,train
25047,train
47796,train
25107,train
24710,train
2613,train
38636,train
1030,train
47008,train
5230,train
27936,train
45612,train
35160,train
40312,train
20028,train
22667,train
10289,train
39438,train
17923,train
27126,train
44244,train
11580,train
14717,train
45786,train
18749,train
14276,train
48573,train
10822,train
49688,train
8107,train
19778,train
32354,train
2298,train
20057,train
29646,train
46602,train
33937,train
1275,train
36678,train
3079,train
2536,train
48310,train
14326,train
41370,train
10914,train
33518,train
39289,train
17157,train
25759,train
19976,train
2978,train
21612,train
16527,train
38340,train
5954,train
2712,train
37559,train
10474,train
7265,train
10839,train
15855,train
42761,train
44089,train
45572,train
37100,train
33092,train
44933,train
44307,train
48020,train
43023,train
6331,train
30617,train
28653,train
49872,train
31733,train
36337,train
29898,train
18035,train
26398,train
42416,train
37042,train
12333,train
3894,train
37967,train
35222,train
28793,train
3204,train
14580,train
12258,train
47303,train
2772,train
11658,train
16509,train
23279,train
3539,train
39588,train
26314,train
1119,train
29574,train
440,train
38871,train
43977,train
10032,train
12496,train
2939,train
12429,train
22052,train
46752,train
7338,train
11578,train
22161,train
11021,train
1403,train
1992,train
44646,train
25839,train
30680,train
30737,train
40063,train
126,train
24434,train
49260,train
36449,train
9947,train
39418,train
36128,train
27246,train
24292,train
47050,train
18526,train
45098,train
20203,train
36204,train
37685,train
15106,train
39727,train
44464,train
22104,train
16846,train
32820,train
6234,train
32132,train
42662,train
29269,train
32738,train
41408,train
20026,train
2499,train
30003,train
44456,train
21092,train
38599,train
28956,train
5766,train
33332,train
29789,train
15250,train
47341,train
47547,train
36737,train
27231,train
8143,train
25388,train
31773,train
45675,train
28703,train
44542,train
21011,train
10027,train
6954,train
2642,train
38926,train
36007,train
37737,train
21503,train
29896,train
42361,train
18240,train
35673,train
16320,train
8494,train
35216,train
28052,train
3184,train
94,train
39950,train
16022,train
36145,train
44941,train
43913,train
23197,train
23439,train
3400,train
14592,train
39774,train
22835,train
10949,train
29205,train
48245,train
36884,train
13962,train
7248,train
33502,train
14478,train
46948,train
31931,train
22836,train
18012,train
43274,train
41513,train
22231,train
26623,train
47362,train
15573,train
40510,train
4354,train
37920,train
6831,train
32104,train
18685,train
47175,train
9509,train
7789,train
45397,train
24619,train
3173,train
3843,train
18421,train
16720,train
49672,train
34247,train
18879,train
20543,train
21701,train
16136,train
49031,train
39646,train
10278,train
25998,train
31156,train
893,train
13812,train
15586,train
11011,train
45035,train
20826,train
12359,train
609,train
8105,train
15249,train
3227,train
11887,train
27243,train
7569,train
36374,train
39935,train
10944,train
20238,train
16886,train
10001,train
46805,train
9224,train
8955,train
16530,train
20677,train
25910,train
7995,train
36052,train
25805,train
27752,train
24624,train
48088,train
48313,train
16797,train
5816,train
47636,train
22433,train
15502,train
6286,train
10739,train
38646,train
45969,train
47795,train
7961,train
29082,train
42882,train
23133,train
9810,train
45129,train
13425,train
17722,train
12653,train
19444,train
35080,train
2396,train
22554,train
28630,train
44082,train
26295,train
16120,train
6620,train
30429,train
42127,train
38255,train
33359,train
10020,train
30891,train
45506,train
17841,train
41888,train
3113,train
47874,train
33482,train
42480,train
38578,train
8339,train
19149,train
25598,train
39069,train
28072,train
18442,train
23461,train
21423,train
33406,train
12919,train
17449,train
43120,train
34169,train
15957,train
13069,train
28083,train
3006,train
47720,train
33295,train
3154,train
10120,train
42849,train
48287,train
24646,train
7410,train
1047,train
29278,train
39063,train
35691,train
32999,train
26900,train
33222,train
8518,train
26756,train
37273,train
4732,train
8870,train
21150,train
36529,train
29845,train
7284,train
10880,train
34993,train
47159,train
22138,train
49752,train
12129,train
16016,train
38476,train
29641,train
89,train
39158,train
33024,train
11360,train
23161,train
41258,train
27837,train
41065,train
1812,train
24486,train
28516,train
11962,train
47630,train
42210,train
26867,train
17199,train
33742,train
10254,train
38615,train
49743,train
33143,train
44276,train
38188,train
1433,train
4282,train
40195,train
41772,train
26899,train
28749,train
46735,train
31971,train
41940,train
39750,train
5755,train
11993,train
21684,train
6863,train
38464,train
28374,train
19244,train
38731,train
44160,train
41892,train
20748,train
22888,train
40065,train
12027,train
17805,train
30058,train
30820,train
5621,train
32502,train
23627,train
49528,train
30681,train
3486,train
36029,train
48869,train
11006,train
4030,train
41378,train
48051,train
3132,train
5700,train
11137,train
46750,train
2958,train
44891,train
38817,train
12417,train
9540,train
40385,train
14707,train
16510,train
10844,train
44485,train
22525,train
499,train
29647,train
24653,train
26794,train
21924,train
10458,train
13843,train
22276,train
18387,train
24941,train
478,train
21911,train
24491,train
371,train
48256,train
38705,train
32518,train
20355,train
434,train
9324,train
30490,train
47418,train
19014,train
22985,train
28174,train
44721,train
22952,train
14395,train
21432,train
44432,train
32096,train
1619,train
12953,train
32505,train
5491,train
8424,train
19457,train
17262,train
31740,train
27568,train
16618,train
17517,train
8661,train
30117,train
9031,train
8603,train
32389,train
29672,train
35666,train
28561,train
40023,train
3816,train
17566,train
49124,train
2875,train
35991,train
36715,train
26579,train
49882,train
18268,train
15262,train
47762,train
17155,train
14284,train
46793,train
45128,train
29441,train
42922,train
22789,train
47306,train
32333,train
48035,train
37376,train
20974,train
35118,train
46904,train
45100,train
28775,train
18166,train
11152,train
855,train
32436,train
13834,train
1068,train
2660,train
47256,train
2236,train
451,train
49617,train
19585,train
43667,train
46973,train
24002,train
15275,train
7287,train
29594,train
28706,train
30907,train
23803,train
13155,train
36989,train
48772,train
37735,train
25562,train
3024,train
39872,train
18644,train
18594,train
17597,train
33075,train
20279,train
40818,train
16075,train
35289,train
49393,train
43404,train
13679,train
32388,train
8288,train
20453,train
24909,train
37644,train
23470,train
44255,train
10971,train
13085,train
30748,train
34278,train
11414,train
43880,train
1517,train
11890,train
8098,train
46945,train
6575,train
3057,train
32867,train
20656,train
18571,train
31234,train
622,train
11316,train
44769,train
9256,train
33260,train
28333,train
44586,train
30606,train
10782,train
42684,train
22487,train
42751,train
23220,train
40249,train
24143,train
21799,train
7709,train
2122,train
24838,train
7531,train
36191,train
47672,train
31703,train
16315,train
49724,train
25117,train
12086,train
14001,train
38050,train
1199,train
35285,train
15025,train
1490,train
18193,train
20877,train
31917,train
47555,train
25382,train
3277,train
13785,train
319,train
19196,train
42125,train
44722,train
35804,train
7200,train
26319,train
32297,train
31780,train
4992,train
34236,train
27614,train
4892,train
44318,train
3195,train
10806,train
13103,train
31798,train
3734,train
36259,train
17170,train
5331,train
1711,train
10210,train
2092,train
7581,train
33223,train
36982,train
18434,train
11840,train
28571,train
22083,train
4485,train
40623,train
44806,train
48446,train
30928,train
41821,train
15059,train
6630,train
7641,train
5492,train
22441,train
43868,train
40684,train
25715,train
8223,train
23956,train
614,train
23961,train
48094,train
23155,train
37290,train
45603,train
23772,train
3156,train
20912,train
13543,train
41722,train
2548,train
46773,train
7408,train
46628,train
5453,train
42913,train
6367,train
19100,train
1065,train
38436,train
47955,train
21601,train
36384,train
1361,train
33467,train
31401,train
20852,train
22711,train
4890,train
11601,train
1608,train
15300,train
14914,train
3316,train
13418,train
39612,train
24408,train
16173,train
6468,train
25153,train
43436,train
16213,train
46932,train
8692,train
3863,train
11685,train
21309,train
31294,train
12174,train
43716,train
34953,train
33165,train
34486,train
3923,train
6561,train
16114,train
38728,train
7062,train
34046,train
20123,train
42421,train
22984,train
10952,train
29816,train
10333,train
49993,train
7171,train
47296,train
30362,train
13942,train
16087,train
15234,train
31043,train
32108,train
28106,train
45001,train
41001,train
48955,train
13268,train
34003,train
19878,train
40831,train
10830,train
20223,train
13898,train
13850,train
46255,train
34550,train
38992,train
31600,train
23899,train
37650,train
33360,train
8272,train
10606,train
45360,train
24578,train
49913,train
17366,train
45945,train
20917,train
23117,train
6193,train
27906,train
37991,train
49708,train
43660,train
46324,train
10157,train
32527,train
25681,train
24620,train
25479,train
35636,train
1584,train
18151,train
33540,train
35272,train
5608,train
25130,train
46003,train
20241,train
36728,train
7256,train
214,train
37204,train
15032,train
1943,train
29994,train
37413,train
36732,train
34871,train
10205,train
8823,train
25667,train
1996,train
36629,train
1574,train
46980,train
24972,train
47871,train
2105,train
33241,train
2884,train
35792,train
45457,train
35023,train
12847,train
12717,train
30437,train
10002,train
49766,train
40658,train
31533,train
17350,train
40602,train
9267,train
33329,train
21221,train
15605,train
4864,train
26415,train
29689,train
31608,train
37858,train
42240,train
21304,train
23295,train
19063,train
27076,train
11828,train
33483,train
5984,train
45671,train
35820,train
32951,train
43753,train
37648,train
14550,train
42552,train
11548,train
17761,train
22163,train
16625,train
49568,train
8809,train
8374,train
12733,train
47358,train
2637,train
43877,train
31468,train
24348,train
45410,train
2788,train
40772,train
32253,train
39821,train
23982,train
10931,train
28770,train
11026,train
34806,train
32164,train
46371,train
7735,train
26178,train
10609,train
48148,train
33965,train
21830,train
36957,train
33576,train
16205,train
7931,train
37216,train
23525,train
34853,train
31079,train
47331,train
7075,train
48007,train
21371,train
42607,train
48367,train
19760,train
16764,train
15661,train
10935,train
44228,train
32567,train
46156,train
15276,train
39599,train
18475,train
34471,train
15967,train
38390,train
15057,train
3261,train
144,train
49300,train
7765,train
48426,train
8486,train
17210,train
16854,train
33674,train
4663,train
22596,train
31834,train
14064,train
18480,train
617,train
36188,train
48129,train
27777,train
23605,train
44182,train
21336,train
33770,train
21308,train
1330,train
37834,train
758,train
14641,train
15491,train
14157,train
1036,train
47588,train
31225,train
20735,train
20610,train
16726,train
22733,train
33752,train
25570,train
37861,train
14379,train
45073,train
24032,train
34659,train
22485,train
8031,train
48758,train
23997,train
5787,train
38382,train
21146,train
36688,train
39795,train
28032,train
22355,train
5615,train
42245,train
33076,train
400,train
46662,train
17147,train
22791,train
11460,train
13004,train
20961,train
27052,train
26944,train
17775,train
11862,train
9624,train
39358,train
25679,train
29262,train
41078,train
26272,train
43711,train
11114,train
47583,train
47219,train
37616,train
34237,train
29771,train
20910,train
48475,train
6893,train
27782,train
44865,train
37298,train
12593,train
28446,train
33946,train
13547,train
34694,train
8812,train
30335,train
4705,train
18279,train
8013,train
11254,train
9322,train
41853,train
40972,train
44754,train
23916,train
24533,train
34428,train
25237,train
11211,train
41086,train
25476,train
30186,train
14421,train
24364,train
7219,train
49288,train
25991,train
43549,train
24110,train
13148,train
37050,train
10070,train
4900,train
764,train
34854,train
41466,train
19201,train
32345,train
9268,train
16520,train
28861,train
26337,train
37459,train
12031,train
12371,train
40371,train
20124,train
32469,train
8893,train
12597,train
16263,train
13721,train
13510,train
15365,train
270,train
10528,train
30705,train
11311,train
14666,train
112,train
33372,train
40585,train
32706,train
31759,train
47357,train
5592,train
12591,train
42970,train
33826,train
17255,train
21919,train
14406,train
25614,train
17099,train
6061,train
2091,train
40985,train
25644,train
1454,train
46091,train
21064,train
21648,train
37474,train
33688,train
113,train
25788,train
19859,train
47485,train
38260,train
2508,train
162,train
17103,train
19624,train
7963,train
32395,train
6058,train
42625,train
40263,train
4657,train
22126,train
47666,train
28466,train
7134,train
40464,train
7951,train
34322,train
33955,train
46461,train
20802,train
19525,train
29910,train
42651,train
34983,train
33243,train
38787,train
47010,train
31230,train
44357,train
9818,train
49054,train
22106,train
44457,train
46275,train
36466,train
13137,train
25036,train
42626,train
26681,train
25538,train
26313,train
47462,train
11968,train
16765,train
22639,train
29256,train
21790,train
15751,train
22728,train
4058,train
31711,train
5640,train
47246,train
44546,train
30149,train
47499,train
14996,train
26304,train
20409,train
11516,train
34832,train
44234,train
43726,train
6169,train
34155,train
45778,train
44044,train
19395,train
42730,train
35552,train
26580,train
10602,train
21416,train
2457,train
1343,train
45513,train
6589,train
28829,train
39999,train
33734,train
31641,train
19110,train
43959,train
4303,train
33994,train
11246,train
35092,train
48894,train
6840,train
7332,train
37780,train
8942,train
46125,train
41604,train
47232,train
23625,train
46561,train
10697,train
3088,train
37321,train
41131,train
45504,train
36905,train
21969,train
44429,train
646,train
26294,train
33795,train
16932,train
44553,train
1665,train
28871,train
5472,train
22691,train
29251,train
34633,train
31885,train
5105,train
28825,train
6570,train
25657,train
28866,train
37455,train
15175,train
10188,train
46466,train
29607,train
15425,train
25067,train
23246,train
47075,train
8830,train
1398,train
13141,train
6748,train
11604,train
33317,train
39733,train
46038,train
687,train
5981,train
31494,train
9907,train
12982,train
2219,train
35753,train
39960,train
41991,train
13578,train
13281,train
3143,train
29034,train
12346,train
26757,train
49100,train
43087,train
35494,train
44072,train
48880,train
26014,train
31199,train
19559,train
12777,train
16161,train
20469,train
6810,train
28076,train
35704,train
49985,train
31593,train
27196,train
45917,train
27784,train
12892,train
40168,train
37930,train
11185,train
22002,train
7196,train
34055,train
49591,train
15113,train
15738,train
48614,train
22703,train
27204,train
25407,train
26564,train
35623,train
8401,train
12952,train
35821,train
22352,train
19761,train
20817,train
9011,train
45281,train
3649,train
11219,train
24300,train
30618,train
47014,train
11187,train
32970,train
18922,train
2946,train
41789,train
23534,train
27383,train
25467,train
10503,train
18774,train
5279,train
17330,train
47233,train
16239,train
2495,train
29223,train
37136,train
47739,train
19279,train
10829,train
31909,train
13677,train
42071,train
13507,train
34740,train
20364,train
19795,train
15492,train
42186,train
24281,train
25828,train
37421,train
7555,train
12401,train
10561,train
37972,train
15522,train
28018,train
15454,train
34489,train
46168,train
18417,train
42094,train
40356,train
18598,train
46386,train
12667,train
38333,train
37114,train
8170,train
43194,train
2650,train
14644,train
25347,train
24761,train
2782,train
16345,train
14664,train
10178,train
49759,train
19770,train
36709,train
34358,train
8286,train
20761,train
34718,train
37465,train
11551,train
44720,train
8016,train
26303,train
32357,train
47649,train
29408,train
20629,train
25361,train
6845,train
24894,train
28334,train
1647,train
26935,train
4153,train
30216,train
9847,train
14131,train
46,train
16168,train
25216,train
43637,train
49171,train
24747,train
37624,train
48548,train
19188,train
20292,train
32851,train
9611,train
26187,train
15357,train
21407,train
39899,train
32115,train
42364,train
27913,train
43402,train
7783,train
23389,train
26797,train
29234,train
24004,train
29707,train
32179,train
11371,train
12231,train
26418,train
14913,train
24074,train
31498,train
27634,train
22611,train
46872,train
45170,train
40929,train
41333,train
4814,train
21516,train
45373,train
3140,train
36202,train
25170,train
2106,train
34398,train
20535,train
2569,train
11682,train
14009,train
1307,train
26064,train
13687,train
7719,train
20400,train
21276,train
44445,train
39557,train
32432,train
34972,train
41363,train
33064,train
34285,train
41608,train
19722,train
24155,train
19628,train
30319,train
21530,train
33045,train
24147,train
30558,train
39981,train
21446,train
43412,train
44149,train
44384,train
42726,train
43383,train
29862,train
44085,train
9720,train
32514,train
31208,train
35191,train
10084,train
36975,train
25007,train
11463,train
29232,train
44090,train
30686,train
2191,train
36096,train
28036,train
34622,train
11101,train
26577,train
45264,train
46887,train
1024,train
2869,train
11188,train
18535,train
42160,train
39322,train
17450,train
18149,train
13728,train
29427,train
34755,train
15109,train
29934,train
1118,train
5305,train
30179,train
27023,train
922,train
25706,train
36447,train
5754,train
5129,train
11921,train
19399,train
46017,train
34076,train
38510,train
36566,train
35619,train
1141,train
7354,train
34472,train
17771,train
12241,train
26669,train
48639,train
30927,train
23807,train
37352,train
21148,train
12673,train
37905,train
5054,train
13751,train
14910,train
34239,train
48689,train
32693,train
39997,train
8506,train
35484,train
46240,train
6294,train
27266,train
46830,train
5628,train
10785,train
38576,train
23097,train
46460,train
21656,train
16215,train
30231,train
14676,train
26994,train
20623,train
24354,train
1256,train
8140,train
38207,train
33305,train
35176,train
3781,train
48241,train
20211,train
4223,train
42667,train
6014,train
19933,train
40417,train
23604,train
17540,train
34143,train
10813,train
50,train
24457,train
36546,train
48534,train
46493,train
15297,train
28671,train
39565,train
39986,train
23132,train
9155,train
2931,train
20225,train
29920,train
34290,train
46070,train
19088,train
39886,train
48835,train
21592,train
37215,train
27061,train
34150,train
30266,train
13887,train
22798,train
22320,train
12034,train
31121,train
30638,train
16017,train
25131,train
27561,train
19946,train
12265,train
15823,train
26946,train
28711,train
1446,train
34843,train
8264,train
34643,train
12463,train
7537,train
30396,train
953,train
8412,train
2657,train
41856,train
13459,train
20169,train
15755,train
8845,train
33027,train
7618,train
10414,train
23908,train
8324,train
16122,train
5721,train
5042,train
35545,train
46050,train
621,train
18,train
16904,train
19463,train
1654,train
33431,train
40284,train
33340,train
2552,train
22713,train
48519,train
46326,train
26918,train
27979,train
8676,train
14253,train
28639,train
6891,train
25958,train
26190,train
309,train
1246,train
12179,train
26733,train
42451,train
39280,train
23029,train
28287,train
16776,train
38862,train
19466,train
8876,train
25498,train
18087,train
27417,train
40122,train
46375,train
1213,train
42830,train
32600,train
33799,train
49771,train
38791,train
3523,train
27034,train
19703,train
1244,train
4870,train
25864,train
37497,train
21996,train
17932,train
23130,train
9598,train
35522,train
2626,train
445,train
28187,train
16256,train
19664,train
1150,train
8325,train
13562,train
18916,train
43469,train
19791,train
38592,train
6529,train
2755,train
17014,train
8747,train
11659,train
9162,train
47340,train
27092,train
13928,train
40439,train
30833,train
46263,train
18090,train
28856,train
33652,train
43512,train
35143,train
14827,train
1155,train
42796,train
28438,train
4777,train
42321,train
23978,train
7757,train
29265,train
13864,train
44354,train
40924,train
40437,train
35260,train
48518,train
1255,train
6650,train
1265,train
39033,train
27835,train
10422,train
18505,train
20708,train
3320,train
30914,train
23662,train
12875,train
45637,train
48789,train
9426,train
13641,train
21828,train
4148,train
12535,train
1968,train
16455,train
16166,train
19992,train
6329,train
8700,train
38569,train
42171,train
20898,train
45698,train
30200,train
22925,train
11017,train
41663,train
23086,train
48257,train
109,train
29291,train
43916,train
22439,train
39742,train
25740,train
2394,train
29505,train
2962,train
18576,train
33915,train
3567,train
21532,train
6233,train
6408,train
33785,train
21232,train
8189,train
33971,train
44749,train
34933,train
40184,train
38137,train
38471,train
33094,train
8454,train
12576,train
24077,train
17000,train
25258,train
26998,train
30020,train
31132,train
44773,train
29932,train
26288,train
16662,train
46226,train
27581,train
27616,train
40822,train
6567,train
11009,train
1207,train
11791,train
3333,train
47773,train
18322,train
7588,train
3815,train
7689,train
17823,train
27421,train
40,train
45172,train
23159,train
5680,train
18683,train
2851,train
2812,train
38635,train
40955,train
40618,train
31482,train
39894,train
24955,train
5659,train
16859,train
49640,train
41949,train
19359,train
9870,train
4758,train
46527,train
22522,train
41230,train
49036,train
46677,train
10486,train
10274,train
37435,train
6081,train
16048,train
3093,train
4836,train
46277,train
3481,train
46747,train
36121,train
36902,train
11402,train
47643,train
44362,train
38107,train
37829,train
31896,train
30573,train
10629,train
35888,train
14428,train
2902,train
8248,train
38622,train
29316,train
45863,train
832,train
19712,train
42090,train
15230,train
28010,train
33901,train
20336,train
38737,train
23874,train
15248,train
24769,train
5159,train
6426,train
32252,train
45404,train
29489,train
13176,train
34170,train
43915,train
8802,train
41425,train
47799,train
10291,train
15994,train
37657,train
49786,train
37891,train
19953,train
21255,train
13548,train
1842,train
34030,train
47593,train
20,train
25443,train
10028,train
4906,train
9462,train
4937,train
12922,train
9812,train
16755,train
39347,train
29796,train
17376,train
43904,train
778,train
1848,train
44308,train
28845,train
80,train
19199,train
9638,train
30294,train
23576,train
39068,train
20362,train
43509,train
9465,train
9990,train
12725,train
29871,train
40419,train
21600,train
12376,train
49002,train
46289,train
10915,train
5678,train
25099,train
32168,train
29092,train
25961,train
42315,train
39042,train
48178,train
16276,train
22183,train
13430,train
38681,train
40090,train
37686,train
19311,train
4998,train
44761,train
17756,train
28608,train
46246,train
23073,train
29055,train
26366,train
27993,train
42962,train
20901,train
15941,train
6204,train
48777,train
4272,train
8868,train
39573,train
45317,train
46101,train
10768,train
43962,train
9133,train
4964,train
17470,train
16491,train
12351,train
5428,train
43471,train
33097,train
46078,train
15362,train
37974,train
19980,train
41596,train
15094,train
5164,train
48603,train
28275,train
49502,train
42819,train
8838,train
5894,train
45541,train
24872,train
49247,train
3735,train
29815,train
25689,train
43641,train
30027,train
4767,train
36912,train
46468,train
15171,train
30441,train
25038,train
8559,train
38631,train
43421,train
24107,train
28226,train
43763,train
22607,train
30222,train
38974,train
19590,train
1994,train
23012,train
29309,train
34548,train
15039,train
15593,train
42572,train
37081,train
23393,train
28496,train
7998,train
8874,train
47401,train
6918,train
48946,train
26771,train
25307,train
18446,train
27916,train
4845,train
32450,train
3349,train
45953,train
49271,train
17325,train
26699,train
12335,train
13921,train
15516,train
26228,train
32254,train
23005,train
39121,train
16590,train
7901,train
35725,train
18563,train
48543,train
25342,train
15316,train
46089,train
8338,train
48847,train
10450,train
6080,train
46254,train
15964,train
5346,train
2582,train
3814,train
29706,train
21051,train
5124,train
4666,train
48090,train
7991,train
19720,train
2901,train
23078,train
18025,train
32834,train
7999,train
1536,train
29497,train
29203,train
25695,train
41599,train
44673,train
28074,train
24757,train
5842,train
39376,train
34197,train
29484,train
34792,train
47985,train
20567,train
8910,train
46137,train
39829,train
15781,train
26011,train
31292,train
3752,train
42440,train
23659,train
48419,train
27578,train
28266,train
48440,train
28498,train
5776,train
49803,train
3419,train
27190,train
26695,train
33074,train
49482,train
37992,train
30805,train
40032,train
35307,train
30749,train
3013,train
24758,train
37272,train
39128,train
26359,train
26851,train
10670,train
45021,train
37233,train
13045,train
765,train
24664,train
12888,train
38918,train
24638,train
7864,train
6801,train
17839,train
18343,train
11401,train
37791,train
6878,train
9592,train
44655,train
22283,train
18142,train
5257,train
28133,train
6956,train
19589,train
28194,train
43944,train
5179,train
13432,train
39453,train
19901,train
32489,train
47006,train
25741,train
2894,train
10480,train
30048,train
46862,train
869,train
17328,train
9532,train
17720,train
1800,train
24374,train
24988,train
24567,train
16180,train
23020,train
36022,train
35452,train
26923,train
44385,train
40206,train
20234,train
20622,train
26324,train
4580,train
10207,train
16812,train
24241,train
10770,train
16159,train
21981,train
48526,train
1572,train
18969,train
18205,train
34249,train
15686,train
6079,train
23400,train
1470,train
48540,train
48188,train
34626,train
22694,train
27651,train
5552,train
917,train
35607,train
45357,train
43382,train
4787,train
35677,train
19048,train
35840,train
46128,train
22584,train
31935,train
22058,train
46956,train
12073,train
49253,train
39948,train
44988,train
47738,train
38666,train
1026,train
9958,train
30673,train
39614,train
17871,train
2147,train
618,train
2820,train
18319,train
35618,train
3276,train
25383,train
17371,train
1879,train
32757,train
24916,train
49749,train
6876,train
35627,train
32340,train
26043,train
42016,train
34745,train
43955,train
25493,train
6536,train
3065,train
44380,train
45975,train
44102,train
16428,train
47844,train
3677,train
45369,train
31017,train
46977,train
7290,train
18110,train
11771,train
46536,train
6047,train
22623,train
4609,train
45931,train
10657,train
20201,train
23184,train
10015,train
20678,train
41357,train
7160,train
14290,train
45563,train
151,train
39079,train
16433,train
14980,train
29451,train
11429,train
17173,train
5559,train
4614,train
49451,train
34561,train
35609,train
386,train
40321,train
36019,train
18457,train
34132,train
36661,train
42771,train
45055,train
40166,train
29167,train
28649,train
3775,train
48677,train
12056,train
37941,train
42266,train
30477,train
49461,train
12863,train
44921,train
22744,train
4792,train
5143,train
5983,train
36249,train
18005,train
46462,train
14344,train
49936,train
24716,train
48405,train
2787,train
42969,train
883,train
18739,train
417,train
10054,train
14328,train
42238,train
45820,train
39897,train
22991,train
35473,train
39775,train
42252,train
13488,train
19812,train
39626,train
12487,train
41005,train
46190,train
25641,train
11330,train
39748,train
27058,train
666,train
10047,train
11965,train
35784,train
13441,train
675,train
13802,train
49395,train
34270,train
11889,train
45732,train
14613,train
22431,train
22830,train
34870,train
10442,train
34315,train
35717,train
33632,train
25035,train
36274,train
340,train
23941,train
5636,train
21959,train
37093,train
47777,train
11577,train
47078,train
36500,train
13716,train
30284,train
22695,train
47750,train
44028,train
15011,train
46922,train
25610,train
49750,train
47057,train
22769,train
6349,train
1219,train
30854,train
43150,train
36890,train
23879,train
49045,train
31366,train
45691,train
8573,train
32348,train
32183,train
577,train
15863,train
19224,train
48213,train
49621,train
16599,train
18868,train
9868,train
16171,train
28970,train
27726,train
41890,train
30900,train
19118,train
34033,train
49366,train
41367,train
44437,train
30751,train
21495,train
31805,train
12898,train
28731,train
28278,train
2832,train
24584,train
43855,train
21590,train
31463,train
36273,train
30844,train
876,train
1671,train
38509,train
38482,train
28473,train
7357,train
3247,train
39680,train
16816,train
42055,train
10388,train
19779,train
29859,train
18447,train
9010,train
13566,train
14520,train
30804,train
994,train
6398,train
33283,train
3827,train
33407,train
16412,train
45966,train
14909,train
33827,train
28844,train
35376,train
17218,train
6174,train
22930,train
36672,train
8689,train
19364,train
2841,train
16938,train
18241,train
33710,train
36552,train
11117,train
26094,train
9163,train
23316,train
20778,train
27181,train
37226,train
21740,train
16280,train
44946,train
1519,train
35656,train
23258,train
1328,train
4634,train
27871,train
41813,train
23649,train
15103,train
20424,train
35243,train
46265,train
26703,train
11298,train
22080,train
39809,train
7903,train
36282,train
3891,train
23004,train
34238,train
19982,train
2676,train
25175,train
40643,train
28235,train
25697,train
45760,train
7362,train
16081,train
3654,train
14345,train
43144,train
9157,train
35016,train
12431,train
41652,train
10560,train
42291,train
15839,train
30602,train
41911,train
19611,train
16390,train
41018,train
30578,train
35490,train
13177,train
34133,train
39040,train
12214,train
46055,train
18197,train
44833,train
5737,train
40313,train
27950,train
46692,train
38532,train
33613,train
27050,train
29579,train
43844,train
13060,train
1757,train
33268,train
18856,train
10691,train
49988,train
9293,train
39067,train
25596,train
33438,train
1039,train
30781,train
44468,train
7580,train
1886,train
13062,train
38145,train
48093,train
15036,train
2015,train
38531,train
35823,train
22681,train
42976,train
40189,train
10067,train
49534,train
28951,train
10035,train
23069,train
39013,train
37278,train
30511,train
5225,train
12698,train
32,train
36822,train
27576,train
15168,train
23199,train
14432,train
47559,train
9749,train
11930,train
20286,train
43134,train
32872,train
46606,train
4762,train
14429,train
28803,train
19109,train
3940,train
24669,train
28422,train
4587,train
42661,train
2542,train
35525,train
17211,train
12560,train
10928,train
9052,train
18127,train
17915,train
31652,train
48513,train
48459,train
18850,train
40156,train
9623,train
3216,train
38973,train
38136,train
13289,train
38750,train
12666,train
2215,train
12550,train
28929,train
19881,train
3458,train
39914,train
14609,train
18809,train
28886,train
46745,train
19254,train
3228,train
14525,train
13642,train
39324,train
27925,train
33249,train
11445,train
23174,train
30567,train
21854,train
24611,train
13839,train
43384,train
45706,train
3537,train
19819,train
23191,train
10473,train
17298,train
22386,train
33264,train
29977,train
48193,train
10165,train
13063,train
43767,train
48925,train
8760,train
28644,train
24895,train
21443,train
6817,train
6535,train
14088,train
25378,train
29967,train
374,train
44316,train
36841,train
19223,train
15165,train
15435,train
23544,train
14735,train
32907,train
39613,train
11093,train
31372,train
27965,train
14896,train
45640,train
26626,train
9703,train
3264,train
16221,train
20112,train
25010,train
48373,train
43350,train
286,train
212,train
4277,train
43684,train
114,train
42299,train
47882,train
14191,train
35149,train
6890,train
3941,train
5930,train
32486,train
11821,train
38098,train
19808,train
10213,train
18669,train
7842,train
14073,train
17958,train
18877,train
12924,train
45008,train
16741,train
39667,train
1196,train
23240,train
2804,train
30254,train
19189,train
9763,train
4449,train
45548,train
39823,train
47377,train
5357,train
19965,train
11488,train
21038,train
19842,train
35926,train
44346,train
985,train
7177,train
11413,train
33825,train
18266,train
15310,train
2340,train
29068,train
15067,train
25671,train
39522,train
30817,train
46428,train
6633,train
30947,train
35698,train
46972,train
31946,train
19044,train
43642,train
25350,train
18901,train
34644,train
45642,train
38288,train
24663,train
42209,train
5994,train
47755,train
48113,train
35941,train
26348,train
17109,train
8354,train
41568,train
8757,train
8675,train
33833,train
28484,train
36607,train
32998,train
40785,train
39333,train
1580,train
7222,train
10552,train
42880,train
6516,train
6692,train
38581,train
39687,train
26662,train
22536,train
35901,train
21207,train
12408,train
30778,train
30383,train
1865,train
15580,train
30360,train
2284,train
8243,train
36130,train
29843,train
46617,train
35962,train
34058,train
32282,train
46806,train
3755,train
36339,train
24492,train
29112,train
40359,train
20996,train
25889,train
14204,train
42921,train
46130,train
8165,train
42510,train
10490,train
7344,train
14098,train
23696,train
41952,train
18834,train
18246,train
43391,train
15126,train
31224,train
10220,train
40858,train
4239,train
2193,train
34435,train
39571,train
16993,train
43220,train
40842,train
5072,train
4053,train
36783,train
37811,train
40518,train
3239,train
46280,train
12253,train
904,train
15635,train
44037,train
39392,train
35125,train
31804,train
24863,train
20662,train
38955,train
26768,train
26561,train
30629,train
45789,train
27146,train
39326,train
24169,train
46129,train
14198,train
35744,train
4559,train
26139,train
3243,train
3924,train
6354,train
30472,train
26277,train
34739,train
24222,train
28983,train
28228,train
35333,train
34555,train
39963,train
47329,train
12387,train
48899,train
28411,train
11361,train
14311,train
8256,train
15307,train
2051,train
3652,train
40128,train
34330,train
32149,train
33270,train
27515,train
13317,train
6824,train
7876,train
11744,train
24089,train
16244,train
1501,train
6253,train
33539,train
49928,train
45067,train
28557,train
3643,train
5423,train
35828,train
33036,train
46850,train
15876,train
12719,train
15411,train
10841,train
12634,train
20343,train
8694,train
45585,train
39363,train
38655,train
35749,train
13089,train
16465,train
20366,train
42308,train
31765,train
38010,train
32296,train
5722,train
2589,train
24060,train
39291,train
40933,train
21965,train
21714,train
4896,train
16585,train
13159,train
31782,train
23918,train
43930,train
41545,train
45656,train
11154,train
34334,train
13533,train
46509,train
36620,train
23120,train
33740,train
17204,train
10136,train
40507,train
44341,train
34186,train
38725,train
35071,train
16063,train
48186,train
21794,train
24546,train
8721,train
22167,train
38821,train
33591,train
18536,train
7153,train
43536,train
40230,train
24835,train
26466,train
40703,train
22453,train
47032,train
6569,train
49269,train
34906,train
13680,train
31536,train
28579,train
47917,train
6565,train
42818,train
26897,train
48203,train
29944,train
2450,train
13392,train
2246,train
20706,train
38909,train
16382,train
460,train
24526,train
1124,train
17897,train
22569,train
30278,train
48381,train
18680,train
44382,train
45309,train
32979,train
46668,train
7741,train
194,train
40593,train
39694,train
35081,train
2671,train
7592,train
22627,train
40541,train
21655,train
17034,train
33858,train
11517,train
1276,train
5886,train
41495,train
22519,train
22397,train
21807,train
29814,train
34934,train
14255,train
39783,train
11085,train
46597,train
25698,train
11661,train
26755,train
35648,train
37059,train
24609,train
31015,train
47370,train
46728,train
16613,train
40988,train
42777,train
46737,train
28222,train
30845,train
15448,train
36886,train
42544,train
15146,train
45520,train
25389,train
46934,train
1006,train
12357,train
18725,train
14045,train
506,train
41672,train
39620,train
14591,train
19273,train
39446,train
35248,train
48023,train
38431,train
9679,train
2468,train
19176,train
39101,train
9240,train
36557,train
49909,train
15231,train
46868,train
1680,train
5576,train
26394,train
24785,train
1106,train
3903,train
7003,train
30542,train
33462,train
16923,train
17960,train
26282,train
11620,train
31144,train
46640,train
14300,train
34224,train
15715,train
20827,train
22557,train
13715,train
48551,train
11238,train
10201,train
25203,train
40802,train
40480,train
28891,train
10720,train
15729,train
13627,train
3507,train
20816,train
14600,train
16596,train
14867,train
24596,train
37900,train
28037,train
16806,train
29260,train
18161,train
35975,train
35661,train
28898,train
24009,train
34382,train
34272,train
22714,train
11309,train
6167,train
39550,train
35541,train
5467,train
47815,train
34734,train
1847,train
33993,train
21579,train
44395,train
34140,train
503,train
12564,train
7142,train
13038,train
8300,train
23504,train
4123,train
20605,train
31828,train
19314,train
22884,train
47712,train
43204,train
41862,train
18015,train
20573,train
44727,train
13538,train
23538,train
48585,train
11046,train
42453,train
35493,train
3979,train
46394,train
8989,train
41572,train
22097,train
17192,train
32212,train
19966,train
28060,train
29138,train
26441,train
30671,train
47458,train
11520,train
37159,train
7257,train
31945,train
6713,train
3751,train
17358,train
44150,train
11581,train
26519,train
16187,train
6614,train
43230,train
42753,train
3916,train
28324,train
22730,train
37975,train
29809,train
39449,train
21746,train
7947,train
36429,train
17119,train
24648,train
7096,train
27944,train
36697,train
4044,train
26370,train
32443,train
6965,train
24123,train
30387,train
27486,train
24572,train
24186,train
10199,train
38321,train
17702,train
38810,train
44685,train
8663,train
5906,train
43751,train
32841,train
1694,train
47252,train
35981,train
16819,train
47924,train
16379,train
47822,train
48956,train
10630,train
7117,train
9640,train
38030,train
31112,train
19634,train
33447,train
5252,train
36939,train
18251,train
25211,train
4921,train
36245,train
12167,train
42810,train
19497,train
23253,train
29494,train
28359,train
10264,train
39374,train
6923,train
12347,train
11470,train
35178,train
8251,train
18519,train
6125,train
1545,train
25539,train
1112,train
34266,train
11687,train
13662,train
13192,train
37099,train
18696,train
37840,train
44523,train
17737,train
6743,train
46094,train
40088,train
12608,train
29007,train
4279,train
9381,train
41416,train
18814,train
27159,train
9159,train
3325,train
19944,train
13202,train
34116,train
32772,train
22308,train
32197,train
36170,train
21014,train
7232,train
25921,train
36333,train
8742,train
32090,train
15768,train
22488,train
37956,train
24809,train
8213,train
10166,train
168,train
12032,train
7935,train
43008,train
6070,train
46500,train
40901,train
26468,train
38084,train
17057,train
1280,train
8729,train
38404,train
20973,train
49744,train
1134,train
12854,train
28722,train
22963,train
45608,train
3576,train
7455,train
21280,train
49034,train
37821,train
16612,train
6462,train
29404,train
40375,train
6236,train
29196,train
8214,train
3918,train
11453,train
13083,train
3405,train
22935,train
30945,train
34187,train
25936,train
19794,train
12679,train
29684,train
43866,train
35927,train
13758,train
30656,train
3177,train
18993,train
16743,train
28638,train
12602,train
18345,train
5545,train
3600,train
43838,train
30359,train
13467,train
42198,train
7817,train
1183,train
14547,train
3141,train
9486,train
29090,train
21867,train
15520,train
18203,train
42798,train
4589,train
48434,train
48170,train
11321,train
9568,train
42100,train
47891,train
20533,train
34492,train
3720,train
24893,train
14083,train
34316,train
10695,train
45394,train
18179,train
36234,train
47515,train
8821,train
27692,train
26657,train
21703,train
27537,train
47827,train
32983,train
24843,train
25434,train
5394,train
11227,train
17461,train
39757,train
7848,train
44643,train
13487,train
4804,train
44610,train
33144,train
22793,train
24333,train
31799,train
7989,train
28720,train
599,train
34032,train
21675,train
24622,train
21002,train
3287,train
42845,train
47709,train
36409,train
48625,train
4776,train
20447,train
25355,train
43876,train
40655,train
17327,train
43639,train
16684,train
44636,train
13925,train
25973,train
29732,train
1798,train
39281,train
49074,train
24447,train
27299,train
16207,train
20788,train
38219,train
14261,train
36295,train
28161,train
36875,train
20834,train
20450,train
11584,train
240,train
43980,train
38746,train
13911,train
33909,train
14554,train
39025,train
34168,train
22773,train
4271,train
33311,train
16969,train
7375,train
11090,train
1362,train
14761,train
15678,train
30450,train
32315,train
380,train
8299,train
21143,train
40735,train
20741,train
41509,train
44509,train
37445,train
9098,train
25460,train
24925,train
42901,train
10366,train
24367,train
35436,train
6109,train
17675,train
22832,train
24025,train
42278,train
3302,train
11754,train
43060,train
2502,train
1432,train
34291,train
19411,train
26723,train
37444,train
30595,train
13067,train
20984,train
7908,train
5216,train
32047,train
45627,train
14901,train
5378,train
36382,train
21494,train
9971,train
22412,train
15312,train
25725,train
20880,train
15948,train
44984,train
47494,train
19432,train
41673,train
25791,train
4570,train
38412,train
33516,train
20359,train
17947,train
11487,train
17977,train
26292,train
28009,train
39510,train
49211,train
40104,train
26664,train
5740,train
24778,train
23964,train
2547,train
49099,train
47149,train
20103,train
19312,train
34900,train
48395,train
45197,train
9536,train
1357,train
41013,train
37082,train
46252,train
24006,train
1806,train
4350,train
47626,train
20243,train
25755,train
32740,train
2356,train
20159,train
16603,train
2435,train
36560,train
42932,train
28636,train
40358,train
5466,train
29565,train
31267,train
41913,train
10142,train
39263,train
23281,train
12119,train
39478,train
42173,train
24141,train
16300,train
12727,train
17961,train
36151,train
45768,train
47895,train
23955,train
16415,train
18329,train
23260,train
16648,train
1495,train
35731,train
49813,train
7677,train
203,train
17667,train
33132,train
17185,train
16045,train
38716,train
45779,train
13671,train
5441,train
12108,train
3534,train
28683,train
20317,train
21759,train
3253,train
42930,train
19856,train
1782,train
5040,train
49509,train
5284,train
17068,train
1041,train
28776,train
22942,train
25059,train
46905,train
18132,train
15003,train
23221,train
43975,train
21349,train
30635,train
19692,train
42833,train
29704,train
411,train
21019,train
47386,train
46542,train
5558,train
12465,train
4798,train
37548,train
37551,train
46572,train
45321,train
47570,train
40096,train
42974,train
41196,train
32931,train
21079,train
45657,train
41446,train
33583,train
36954,train
24305,train
26344,train
49090,train
22549,train
35582,train
37105,train
23949,train
847,train
32926,train
12677,train
45665,train
1277,train
6218,train
48633,train
35075,train
29419,train
11623,train
43472,train
31939,train
40334,train
24172,train
11392,train
40326,train
29882,train
14692,train
19709,train
12732,train
29585,train
44058,train
46595,train
3550,train
24733,train
36558,train
6402,train
2921,train
1600,train
17062,train
547,train
11591,train
41987,train
36314,train
40472,train
36341,train
31871,train
17136,train
32067,train
12839,train
16826,train
6937,train
45366,train
3455,train
15439,train
30218,train
7669,train
39030,train
7772,train
29295,train
26214,train
26273,train
11814,train
44240,train
47904,train
15037,train
10195,train
47352,train
27354,train
10536,train
9514,train
49943,train
2301,train
419,train
8517,train
37107,train
29049,train
19726,train
45542,train
29346,train
28146,train
35218,train
27952,train
45575,train
35168,train
34377,train
6053,train
22147,train
35615,train
28795,train
9759,train
33181,train
25809,train
43186,train
19435,train
34999,train
27194,train
33672,train
11964,train
47868,train
22633,train
47704,train
42123,train
20717,train
41014,train
13433,train
42653,train
47088,train
34366,train
42230,train
42649,train
35658,train
45798,train
12537,train
40902,train
29470,train
23670,train
47373,train
20363,train
15225,train
43162,train
17424,train
15893,train
35495,train
29700,train
15601,train
12718,train
24269,train
36193,train
40893,train
7148,train
14508,train
16680,train
49424,train
14963,train
21465,train
12242,train
29073,train
161,train
16522,train
22620,train
10262,train
21274,train
35188,train
11279,train
2072,train
1955,train
28745,train
477,train
39383,train
45552,train
35822,train
27461,train
129,train
34812,train
33839,train
46719,train
11736,train
7469,train
29271,train
4690,train
26840,train
26037,train
45646,train
20394,train
24656,train
5062,train
47731,train
14545,train
41894,train
46486,train
2177,train
17345,train
42509,train
7476,train
43420,train
29752,train
40769,train
23320,train
15537,train
26734,train
41880,train
24515,train
25126,train
4367,train
5836,train
41331,train
7277,train
11985,train
20013,train
42531,train
15915,train
37123,train
5260,train
43031,train
38504,train
15648,train
2556,train
19226,train
38123,train
31516,train
298,train
11192,train
9359,train
24865,train
21145,train
37903,train
33960,train
13351,train
28371,train
29842,train
43450,train
38071,train
22214,train
3823,train
31974,train
36237,train
23762,train
43908,train
2725,train
10244,train
47921,train
32258,train
13490,train
13941,train
34131,train
34777,train
47387,train
37407,train
44947,train
30869,train
38824,train
16814,train
15549,train
37948,train
20401,train
17004,train
32676,train
13854,train
9834,train
38993,train
13732,train
15016,train
29532,train
18239,train
33763,train
25847,train
48192,train
9409,train
8732,train
18057,train
48189,train
16041,train
42793,train
42295,train
5505,train
6948,train
45109,train
35190,train
26549,train
4313,train
42156,train
5377,train
26006,train
32471,train
30959,train
29179,train
47951,train
6077,train
5130,train
42822,train
42599,train
20084,train
46487,train
31450,train
38065,train
6352,train
10026,train
36570,train
42525,train
32574,train
10464,train
10777,train
10995,train
46407,train
19350,train
33912,train
26174,train
33413,train
19538,train
9619,train
41587,train
33402,train
36772,train
26413,train
5376,train
10408,train
8528,train
40762,train
48136,train
12687,train
33345,train
22731,train
44541,train
346,train
21543,train
34467,train
7857,train
38522,train
48198,train
41293,train
14136,train
28515,train
26848,train
21054,train
24675,train
11823,train
28850,train
41990,train
27513,train
10563,train
34019,train
12665,train
7208,train
21298,train
49676,train
38036,train
8497,train
31128,train
34760,train
40004,train
38878,train
25779,train
35844,train
33326,train
25283,train
24217,train
17022,train
14588,train
15909,train
7078,train
25904,train
4883,train
29812,train
45050,train
11640,train
17875,train
21729,train
33847,train
44433,train
23386,train
11713,train
3186,train
26430,train
8969,train
6414,train
32404,train
11151,train
48142,train
32017,train
6501,train
12047,train
9442,train
43681,train
22430,train
16508,train
37550,train
15579,train
19389,train
41975,train
34856,train
9421,train
38218,train
3702,train
40262,train
26803,train
7562,train
12378,train
22390,train
22466,train
46591,train
40221,train
22960,train
44461,train
40505,train
14213,train
1356,train
36757,train
14417,train
22520,train
17979,train
44790,train
38907,train
29881,train
35360,train
13097,train
6655,train
1728,train
28572,train
20037,train
2740,train
24845,train
27605,train
23812,train
37227,train
13167,train
43316,train
44109,train
30739,train
25111,train
22029,train
39045,train
11312,train
4789,train
25142,train
17023,train
12098,train
38822,train
14338,train
34595,train
4740,train
10317,train
575,train
16311,train
46579,train
22388,train
39145,train
38392,train
29001,train
25760,train
8715,train
36383,train
11688,train
6293,train
14196,train
6115,train
10860,train
37472,train
23185,train
29918,train
23175,train
29039,train
40832,train
35044,train
35202,train
13961,train
15599,train
34839,train
40636,train
33526,train
17700,train
35505,train
49781,train
27701,train
45985,train
3339,train
28868,train
27355,train
3620,train
36187,train
38433,train
48140,train
43100,train
9080,train
12208,train
34804,train
8231,train
16485,train
11352,train
27741,train
32888,train
28913,train
12507,train
42897,train
30951,train
21890,train
32222,train
35116,train
47973,train
21479,train
344,train
11007,train
27462,train
373,train
17253,train
33515,train
44243,train
49268,train
17364,train
3098,train
27414,train
45249,train
48561,train
4557,train
44787,train
3071,train
13048,train
6148,train
22038,train
16342,train
14779,train
36508,train
9709,train
7194,train
14869,train
16480,train
1167,train
18210,train
33551,train
12000,train
23869,train
35336,train
14849,train
48156,train
6296,train
3630,train
18130,train
29025,train
18361,train
19071,train
42442,train
7174,train
13251,train
22645,train
47589,train
18368,train
34159,train
22973,train
10304,train
13933,train
18872,train
16079,train
31195,train
38342,train
47022,train
5970,train
7944,train
23207,train
35325,train
19487,train
46139,train
34036,train
17577,train
16331,train
37647,train
20771,train
49275,train
25301,train
41342,train
42539,train
23511,train
6709,train
46512,train
46841,train
9473,train
33225,train
11849,train
32160,train
29111,train
27477,train
3029,train
39594,train
31549,train
31996,train
20411,train
22735,train
42331,train
7738,train
5729,train
35830,train
7372,train
16090,train
22801,train
16473,train
35569,train
34077,train
14082,train
44697,train
47116,train
42811,train
25262,train
25261,train
33188,train
2819,train
36979,train
20964,train
8758,train
706,train
17792,train
15666,train
10597,train
25576,train
21310,train
32672,train
17971,train
44302,train
23381,train
49021,train
37364,train
23785,train
15656,train
14906,train
10542,train
39852,train
28742,train
31886,train
24543,train
37670,train
49190,train
25891,train
29513,train
17073,train
21017,train
8001,train
22451,train
32120,train
39744,train
44930,train
26526,train
40391,train
46337,train
17582,train
48514,train
27552,train
22030,train
40414,train
1873,train
26224,train
37456,train
44590,train
39833,train
10007,train
37883,train
15733,train
36400,train
33134,train
27270,train
35451,train
41922,train
34532,train
17041,train
32353,train
40303,train
35797,train
9629,train
21862,train
1958,train
23983,train
29693,train
5073,train
7624,train
41656,train
30358,train
34348,train
33271,train
42907,train
16127,train
32151,train
2614,train
45188,train
39282,train
6082,train
35544,train
36256,train
39570,train
28661,train
2764,train
46372,train
39653,train
29750,train
32742,train
43249,train
19764,train
16107,train
36154,train
38403,train
9632,train
13950,train
47843,train
685,train
22193,train
29676,train
10533,train
42407,train
49957,train
23298,train
14305,train
37564,train
36095,train
32667,train
5917,train
22741,train
1564,train
17842,train
29428,train
15985,train
31406,train
6503,train
5863,train
46262,train
25508,train
11761,train
15208,train
2196,train
31967,train
22921,train
15962,train
3627,train
12342,train
4563,train
38369,train
14659,train
35903,train
45207,train
30061,train
8847,train
11469,train
32424,train
7686,train
9394,train
20073,train
3425,train
27545,train
8479,train
31377,train
27559,train
43407,train
7471,train
7005,train
7217,train
45445,train
42139,train
8622,train
30056,train
24585,train
5871,train
25645,train
4433,train
12801,train
13917,train
16194,train
6235,train
4874,train
2217,train
49355,train
25878,train
9976,train
23502,train
35695,train
36001,train
23206,train
33172,train
41105,train
49447,train
36878,train
37535,train
409,train
24313,train
14128,train
26759,train
12599,train
15667,train
7456,train
48372,train
1915,train
4624,train
31676,train
4047,train
40919,train
12364,train
3375,train
35559,train
13638,train
42215,train
40172,train
4011,train
22339,train
4465,train
47970,train
32468,train
20878,train
34498,train
49433,train
37221,train
14412,train
2494,train
36838,train
43603,train
15464,train
49588,train
1666,train
36292,train
12345,train
6483,train
43657,train
29655,train
4982,train
13971,train
17690,train
18710,train
23344,train
46522,train
37349,train
29132,train
1719,train
7118,train
23937,train
30007,train
8471,train
45113,train
12588,train
46588,train
17661,train
11031,train
8453,train
5828,train
47988,train
32755,train
32880,train
35294,train
45854,train
25432,train
28178,train
20170,train
10763,train
5877,train
43173,train
21925,train
42801,train
48644,train
22137,train
33261,train
22043,train
26687,train
46215,train
31530,train
9077,train
13399,train
29149,train
5113,train
8624,train
27025,train
31873,train
37088,train
36054,train
47053,train
36364,train
1839,train
6051,train
46688,train
11122,train
13546,train
12485,train
36432,train
36023,train
21535,train
35910,train
4246,train
25331,train
1559,train
927,train
45466,train
2348,train
48070,train
29294,train
10799,train
5219,train
37919,train
20457,train
20829,train
40611,train
47034,train
19522,train
18214,train
5915,train
6804,train
42359,train
5825,train
35925,train
46819,train
36338,train
7932,train
22661,train
26881,train
16870,train
46615,train
15407,train
28035,train
21412,train
2224,train
3282,train
43998,train
5114,train
14197,train
43506,train
18985,train
38829,train
44241,train
36243,train
24746,train
38759,train
17331,train
29257,train
18341,train
7119,train
35335,train
22331,train
39952,train
40577,train
35370,train
48363,train
17465,train
27690,train
32434,train
13244,train
46881,train
31287,train
21269,train
42518,train
28053,train
39759,train
47055,train
1381,train
6896,train
14695,train
25974,train
18842,train
11331,train
17629,train
5567,train
17276,train
29660,train
14457,train
14517,train
7838,train
6983,train
45311,train
14477,train
45615,train
27387,train
44288,train
46217,train
30553,train
9025,train
10754,train
28348,train
13952,train
25514,train
21147,train
3594,train
26116,train
36171,train
805,train
45830,train
32019,train
7356,train
558,train
24499,train
46786,train
29368,train
19377,train
11080,train
45426,train
49910,train
14185,train
7447,train
45940,train
9158,train
7421,train
30296,train
32779,train
10516,train
17903,train
19833,train
25785,train
8053,train
32105,train
10801,train
791,train
31846,train
15227,train
31361,train
45177,train
45761,train
34431,train
33357,train
43001,train
4842,train
41898,train
24205,train
19171,train
20303,train
6515,train
12935,train
7485,train
39411,train
30139,train
42511,train
12577,train
730,train
15368,train
40590,train
4997,train
22737,train
22278,train
25782,train
2738,train
13948,train
19827,train
834,train
2359,train
36081,train
1945,train
33522,train
24415,train
10659,train
40121,train
17670,train
25138,train
12133,train
16278,train
20220,train
39147,train
16479,train
13223,train
30955,train
2830,train
7394,train
6328,train
13173,train
45418,train
22928,train
10962,train
31451,train
13166,train
49391,train
4245,train
7725,train
20017,train
2279,train
22868,train
38367,train
24394,train
484,train
44074,train
16877,train
16777,train
40366,train
43898,train
25876,train
45669,train
48403,train
16915,train
25165,train
23584,train
14220,train
43305,train
40949,train
24153,train
21396,train
22822,train
3500,train
30562,train
29962,train
25495,train
19668,train
47410,train
2184,train
35662,train
48067,train
14398,train
40108,train
17647,train
9242,train
8980,train
22806,train
43739,train
7515,train
10797,train
29629,train
25611,train
44500,train
18202,train
35359,train
41091,train
29066,train
38556,train
11948,train
16139,train
13800,train
35269,train
38586,train
45764,train
1191,train
36922,train
31573,train
31591,train
18371,train
39157,train
38090,train
17336,train
5334,train
48004,train
3833,train
24474,train
20597,train
42130,train
20260,train
6242,train
2839,train
34803,train
41778,train
13913,train
12690,train
40994,train
48834,train
37705,train
18030,train
27049,train
16019,train
25826,train
6695,train
41034,train
21505,train
30867,train
39712,train
47288,train
9382,train
45524,train
510,train
35893,train
22408,train
28057,train
40830,train
17730,train
1497,train
3675,train
33567,train
32356,train
46708,train
16414,train
21075,train
33185,train
39891,train
8185,train
11657,train
49572,train
29650,train
47972,train
4738,train
1913,train
47521,train
41647,train
4692,train
17750,train
26093,train
33505,train
30196,train
48727,train
14833,train
14411,train
20520,train
17824,train
13576,train
27705,train
7933,train
35032,train
25297,train
47681,train
4252,train
30408,train
21456,train
17978,train
46871,train
40918,train
45847,train
11829,train
33284,train
21824,train
24754,train
10231,train
5525,train
39405,train
25001,train
39673,train
40996,train
14397,train
231,train
35621,train
19931,train
47196,train
3380,train
7343,train
12040,train
30785,train
15824,train
25732,train
22927,train
40528,train
21149,train
39238,train
9648,train
38751,train
5382,train
5748,train
28767,train
11492,train
25527,train
49536,train
20547,train
31392,train
10277,train
32556,train
36200,train
41406,train
16702,train
38316,train
14902,train
28131,train
19274,train
22895,train
7694,train
28632,train
661,train
11214,train
18831,train
11332,train
23960,train
14065,train
15980,train
17524,train
15285,train
17975,train
34093,train
3584,train
29965,train
48298,train
42035,train
38618,train
25360,train
24851,train
10335,train
28798,train
40200,train
41393,train
11905,train
42981,train
48214,train
14294,train
11619,train
17472,train
19958,train
35774,train
37134,train
1058,train
15942,train
15749,train
45314,train
3402,train
25289,train
14725,train
49210,train
16001,train
33828,train
6607,train
17442,train
20310,train
27842,train
5162,train
41869,train
34165,train
13016,train
6290,train
14842,train
3442,train
26890,train
22777,train
16443,train
32627,train
25332,train
10006,train
9994,train
33656,train
7428,train
28507,train
30500,train
30987,train
19727,train
41261,train
11472,train
26719,train
46988,train
2720,train
44359,train
35796,train
36127,train
11724,train
3477,train
23948,train
1028,train
26485,train
11501,train
29575,train
16372,train
35561,train
4265,train
33323,train
29120,train
4338,train
45701,train
19754,train
30253,train
27289,train
4853,train
15488,train
7364,train
27480,train
11522,train
9761,train
37614,train
33969,train
31618,train
31955,train
10522,train
37487,train
15566,train
16517,train
27951,train
8749,train
20180,train
14472,train
44104,train
28362,train
35317,train
28179,train
1359,train
26462,train
13542,train
40266,train
9859,train
46659,train
9651,train
27079,train
23989,train
45381,train
16626,train
16861,train
27397,train
44015,train
25722,train
41006,train
17772,train
21908,train
6694,train
23636,train
30324,train
10358,train
32142,train
24848,train
33432,train
24598,train
18299,train
44696,train
14744,train
2868,train
13572,train
14552,train
23851,train
29461,train
11740,train
39595,train
16393,train
24051,train
23321,train
545,train
34460,train
40692,train
18432,train
34126,train
23804,train
38677,train
27702,train
13756,train
49316,train
49203,train
41668,train
15596,train
2792,train
47506,train
21253,train
21358,train
29210,train
39640,train
29353,train
7509,train
9765,train
41226,train
27622,train
21394,train
49772,train
39627,train
21496,train
33711,train
4278,train
4871,train
30063,train
16636,train
21335,train
13473,train
24905,train
35686,train
2334,train
11271,train
24942,train
31542,train
9367,train
15334,train
38368,train
23162,train
12517,train
1135,train
40932,train
49787,train
14375,train
39090,train
13983,train
25523,train
13827,train
24148,train
40850,train
38988,train
20319,train
26341,train
11811,train
18461,train
14011,train
49651,train
41510,train
37593,train
48694,train
28518,train
5745,train
11379,train
42432,train
7556,train
30484,train
22392,train
2523,train
1787,train
19465,train
44126,train
20168,train
21770,train
10281,train
7832,train
47834,train
30448,train
17351,train
3915,train
31218,train
22778,train
13569,train
6121,train
44572,train
20914,train
49148,train
15676,train
33705,train
41744,train
13476,train
28597,train
43040,train
1321,train
21680,train
18119,train
49590,train
5404,train
382,train
27238,train
6959,train
23051,train
32178,train
9683,train
17615,train
47575,train
33868,train
45808,train
6912,train
31561,train
19807,train
28410,train
33617,train
23067,train
16152,train
41618,train
10649,train
27199,train
20879,train
23356,train
26995,train
33171,train
20261,train
19037,train
29495,train
1066,train
41450,train
3840,train
23753,train
14578,train
514,train
13959,train
18499,train
13458,train
2989,train
48632,train
37929,train
24722,train
21116,train
9608,train
35242,train
35045,train
6391,train
9620,train
32509,train
31126,train
41026,train
15505,train
9438,train
11745,train
17815,train
6097,train
44442,train
25105,train
42600,train
23288,train
13902,train
37758,train
45799,train
8058,train
19056,train
42919,train
23402,train
29325,train
21455,train
38964,train
4459,train
8736,train
27645,train
15081,train
15144,train
22772,train
33852,train
33124,train
30401,train
29387,train
42842,train
6330,train
962,train
36307,train
15268,train
28355,train
9622,train
30859,train
35112,train
5790,train
27328,train
11652,train
33530,train
13537,train
27619,train
36915,train
5074,train
45244,train
37938,train
36891,train
25102,train
20444,train
43212,train
24605,train
39073,train
33834,train
46159,train
25299,train
26016,train
38839,train
22151,train
9655,train
35614,train
24725,train
44674,train
39630,train
38940,train
8925,train
9867,train
13772,train
45117,train
47364,train
27744,train
7462,train
26550,train
24219,train
39445,train
5202,train
5307,train
22295,train
44208,train
22098,train
14970,train
39965,train
32665,train
7415,train
12835,train
44247,train
2592,train
37827,train
3595,train
20313,train
43857,train
16439,train
1565,train
5969,train
22116,train
41723,train
24431,train
42936,train
6063,train
44910,train
21752,train
44612,train
3851,train
39854,train
41159,train
10887,train
11156,train
2983,train
15281,train
26962,train
4885,train
43752,train
27358,train
29289,train
36258,train
20770,train
43738,train
37245,train
19636,train
19182,train
36521,train
48577,train
26645,train
17825,train
29798,train
33273,train
17676,train
20536,train
5329,train
936,train
22327,train
4307,train
17398,train
42548,train
8147,train
38484,train
31441,train
23881,train
31607,train
2049,train
34215,train
5681,train
40390,train
3559,train
22752,train
27402,train
17221,train
11532,train
46117,train
35500,train
12708,train
30421,train
1673,train
17740,train
20025,train
24459,train
667,train
1773,train
48580,train
47163,train
23861,train
25859,train
43651,train
44783,train
41932,train
37242,train
8079,train
331,train
43691,train
42426,train
17427,train
12876,train
37257,train
35812,train
8188,train
26816,train
28454,train
28736,train
41273,train
8768,train
45547,train
13980,train
17396,train
39213,train
2606,train
28854,train
39126,train
1351,train
22176,train
1875,train
35256,train
32103,train
20815,train
45743,train
7099,train
15928,train
15951,train
9882,train
21045,train
40968,train
3844,train
7311,train
29503,train
27922,train
29797,train
11407,train
5812,train
6669,train
6069,train
38215,train
15805,train
41942,train
36252,train
38396,train
39346,train
20277,train
27680,train
23819,train
42497,train
31246,train
10685,train
23492,train
1210,train
19601,train
17865,train
29030,train
46257,train
38642,train
49025,train
22152,train
43320,train
45387,train
21998,train
5424,train
18972,train
30540,train
5344,train
29569,train
15901,train
2999,train
35153,train
46540,train
7691,train
4989,train
29889,train
8340,train
3290,train
46573,train
13030,train
5733,train
34884,train
14986,train
48582,train
9181,train
30743,train
36720,train
28296,train
7423,train
21027,train
21563,train
11141,train
40555,train
38384,train
14700,train
16855,train
30215,train
8416,train
13120,train
34720,train
3869,train
13382,train
11136,train
43378,train
19705,train
12249,train
20452,train
42199,train
46878,train
1983,train
996,train
7504,train
14057,train
21921,train
41252,train
43892,train
26789,train
36427,train
14299,train
35034,train
20799,train
30461,train
23582,train
24961,train
29561,train
46627,train
39082,train
22108,train
16576,train
21237,train
41630,train
48302,train
46631,train
26855,train
37890,train
14355,train
35687,train
2969,train
45874,train
39707,train
32065,train
31232,train
23593,train
34461,train
2158,train
12992,train
24320,train
16236,train
37912,train
36478,train
37028,train
26986,train
41929,train
20299,train
12366,train
46105,train
549,train
30154,train
4042,train
35261,train
19184,train
34660,train
41122,train
31427,train
32383,train
34588,train
25362,train
31963,train
12643,train
26243,train
36322,train
29015,train
15662,train
8961,train
17261,train
1149,train
15581,train
27272,train
25369,train
32610,train
44267,train
4722,train
41323,train
39820,train
27516,train
2039,train
8155,train
1278,train
22053,train
28104,train
9176,train
5591,train
46797,train
32281,train
14144,train
22264,train
34496,train
48776,train
33892,train
42164,train
14903,train
40784,train
48840,train
44189,train
34638,train
45621,train
7054,train
41846,train
563,train
41432,train
46651,train
32799,train
19557,train
17515,train
24078,train
35413,train
46153,train
37664,train
28258,train
12938,train
49674,train
26405,train
48009,train
17247,train
30340,train
49234,train
43792,train
15946,train
9819,train
43358,train
34223,train
29341,train
42577,train
15931,train
45135,train
16037,train
31409,train
34313,train
37781,train
15680,train
49867,train
8569,train
39110,train
36707,train
18360,train
28957,train
43919,train
25195,train
41204,train
5630,train
34039,train
47502,train
18359,train
44869,train
49881,train
5851,train
18436,train
35247,train
31576,train
26737,train
18518,train
23443,train
43066,train
31042,train
28783,train
19241,train
39569,train
23024,train
33218,train
1588,train
12528,train
26677,train
47744,train
4881,train
18550,train
633,train
39010,train
22221,train
22250,train
17706,train
26302,train
23566,train
17876,train
21318,train
22873,train
36369,train
27606,train
40912,train
24571,train
2636,train
15383,train
40446,train
32941,train
425,train
19161,train
40498,train
5770,train
49661,train
17683,train
3897,train
48146,train
23835,train
7020,train
16781,train
18282,train
18777,train
12724,train
25652,train
18902,train
20742,train
43032,train
12227,train
17623,train
34089,train
849,train
14273,train
12131,train
22966,train
16062,train
4383,train
48037,train
41054,train
20130,train
36471,train
10379,train
23268,train
24846,train
29914,train
23957,train
8491,train
15139,train
2093,train
36634,train
10407,train
22340,train
24915,train
36006,train
23383,train
20042,train
18876,train
10903,train
3028,train
35953,train
27089,train
31380,train
36964,train
44080,train
42057,train
20190,train
22229,train
6372,train
34959,train
885,train
12096,train
27175,train
14557,train
5526,train
28612,train
8159,train
22701,train
36788,train
5205,train
41742,train
30788,train
8362,train
2244,train
22142,train
46554,train
14838,train
10338,train
12974,train
1123,train
9580,train
4941,train
35521,train
30642,train
16751,train
16177,train
15217,train
13568,train
42264,train
10567,train
11144,train
8651,train
5718,train
33671,train
12423,train
28914,train
31090,train
11186,train
16472,train
22266,train
39706,train
16554,train
49704,train
18486,train
41613,train
38966,train
19147,train
2032,train
33701,train
42033,train
28252,train
819,train
27812,train
41756,train
14904,train
37309,train
9663,train
8077,train
29215,train
38383,train
29191,train
38769,train
27221,train
25756,train
39560,train
7183,train
19220,train
19001,train
9288,train
32647,train
7627,train
43953,train
18468,train
16910,train
1587,train
45284,train
36804,train
17726,train
12859,train
11906,train
39148,train
27410,train
28917,train
42802,train
6114,train
35352,train
20922,train
46418,train
16952,train
7420,train
40463,train
48746,train
5626,train
3977,train
29960,train
33458,train
34222,train
9538,train
1759,train
13075,train
40215,train
7633,train
41343,train
1421,train
14153,train
36639,train
6544,train
35504,train
17231,train
20822,train
7679,train
24557,train
30151,train
21782,train
14538,train
44295,train
42099,train
8196,train
22980,train
24861,train
752,train
23592,train
6219,train
44692,train
9570,train
6688,train
14916,train
48236,train
29193,train
159,train
37987,train
36436,train
28944,train
49020,train
1537,train
16668,train
36388,train
3782,train
31916,train
32268,train
31351,train
24868,train
13780,train
11951,train
21205,train
34219,train
1505,train
35271,train
22886,train
18766,train
479,train
35969,train
34938,train
9680,train
39926,train
49380,train
33155,train
12297,train
1100,train
42018,train
49046,train
21598,train
46042,train
45286,train
31717,train
44340,train
43484,train
8943,train
23711,train
33983,train
45653,train
11197,train
34727,train
30326,train
23789,train
11994,train
32857,train
1331,train
11717,train
1319,train
35481,train
20558,train
33631,train
36209,train
4633,train
25162,train
9987,train
37785,train
17059,train
14677,train
1935,train
11721,train
33451,train
27452,train
6969,train
46368,train
45304,train
7190,train
18560,train
28461,train
13890,train
40382,train
40720,train
33434,train
35767,train
10288,train
40131,train
22064,train
21245,train
18990,train
8089,train
3624,train
42506,train
14594,train
27130,train
27286,train
32012,train
11089,train
43479,train
48591,train
38518,train
29865,train
8966,train
14765,train
38489,train
35068,train
2769,train
3512,train
18699,train
19340,train
41743,train
2664,train
32920,train
12701,train
11465,train
2682,train
9191,train
47470,train
6027,train
18340,train
3662,train
17565,train
41819,train
41205,train
2927,train
37110,train
2307,train
8495,train
37267,train
26837,train
25531,train
14142,train
7871,train
31399,train
24631,train
46960,train
27022,train
13804,train
11958,train
20043,train
38092,train
18168,train
20350,train
35257,train
38785,train
43829,train
22462,train
27323,train
32754,train
11167,train
18385,train
39539,train
44005,train
41397,train
7150,train
32859,train
17520,train
10469,train
7948,train
2089,train
22445,train
20957,train
4183,train
10715,train
13909,train
26108,train
40632,train
25445,train
14931,train
4314,train
43594,train
10933,train
28337,train
17135,train
532,train
10818,train
16094,train
8134,train
11679,train
31465,train
33330,train
5057,train
27586,train
28137,train
5337,train
207,train
24581,train
16942,train
13907,train
44408,train
39752,train
23979,train
45868,train
11629,train
27771,train
19355,train
32497,train
3439,train
38451,train
34599,train
22435,train
10171,train
521,train
39054,train
38330,train
27788,train
40086,train
8335,train
49254,train
28129,train
11778,train
2640,train
1088,train
35839,train
27310,train
24069,train
6474,train
39674,train
46157,train
27730,train
32974,train
36270,train
11369,train
24124,train
4549,train
28897,train
10349,train
44253,train
31660,train
6188,train
21132,train
39371,train
48462,train
26042,train
23744,train
10150,train
26659,train
29524,train
27038,train
17125,train
22986,train
4238,train
15147,train
12100,train
7105,train
43424,train
7111,train
36920,train
43932,train
773,train
45756,train
11013,train
23300,train
24328,train
17626,train
1874,train
27088,train
26546,train
18731,train
8191,train
45811,train
43560,train
17738,train
46896,train
34025,train
40449,train
30476,train
37295,train
42048,train
11355,train
2164,train
35201,train
14367,train
33907,train
36283,train
46310,train
17226,train
47161,train
10781,train
3167,train
33298,train
27637,train
19923,train
34582,train
35550,train
40799,train
27245,train
2431,train
7927,train
18021,train
47422,train
370,train
40526,train
24214,train
19474,train
12815,train
15313,train
19086,train
36224,train
10986,train
7846,train
18011,train
6005,train
48137,train
29632,train
8489,train
42934,train
32015,train
1475,train
27743,train
19291,train
41277,train
12789,train
638,train
35450,train
18811,train
27958,train
29892,train
43812,train
4254,train
1818,train
11832,train
28363,train
34232,train
36179,train
37076,train
12109,train
34977,train
6842,train
28500,train
4548,train
30361,train
11461,train
32122,train
10817,train
8199,train
33842,train
23594,train
20749,train
41328,train
1498,train
37116,train
11705,train
24629,train
6283,train
6029,train
18587,train
32973,train
40904,train
20618,train
27720,train
33510,train
37353,train
38335,train
38418,train
24791,train
49470,train
49251,train
10644,train
32303,train
1404,train
19782,train
13365,train
37095,train
11785,train
537,train
5703,train
5604,train
38651,train
11959,train
24766,train
40228,train
7193,train
2591,train
36589,train
19903,train
20927,train
34163,train
34006,train
5409,train
42874,train
18112,train
20865,train
30979,train
26766,train
2475,train
8510,train
25789,train
33747,train
1526,train
8701,train
16744,train
9661,train
43532,train
44539,train
17537,train
13344,train
8842,train
12,train
45956,train
11171,train
37649,train
20601,train
17556,train
28949,train
9751,train
8968,train
8537,train
23573,train
16505,train
36751,train
25720,train
19050,train
17085,train
36716,train
12464,train
49705,train
6830,train
39028,train
21435,train
18380,train
44376,train
28167,train
36070,train
3995,train
17585,train
5414,train
12772,train
4860,train
26835,train
25325,train
15402,train
38086,train
39941,train
237,train
33595,train
48315,train
34225,train
33503,train
48919,train
16768,train
46763,train
4484,train
43551,train
134,train
1956,train
13848,train
4820,train
48080,train
11079,train
22905,train
33187,train
38543,train
37803,train
47056,train
37887,train
48456,train
13200,train
31295,train
48127,train
4225,train
19407,train
19615,train
18616,train
33598,train
1803,train
38806,train
29866,train
19180,train
41335,train
13668,train
30075,train
21257,train
42260,train
4618,train
9771,train
49178,train
25155,train
7049,train
47528,train
46649,train
48233,train
30741,train
42256,train
8899,train
31487,train
34068,train
36585,train
16862,train
27514,train
43671,train
42861,train
20295,train
10635,train
45160,train
40447,train
14650,train
6203,train
35515,train
49389,train
29357,train
22310,train
49145,train
16965,train
26980,train
31854,train
41971,train
12422,train
33131,train
36190,train
23467,train
19657,train
540,train
9096,train
27287,train
28629,train
38897,train
28797,train
9621,train
28590,train
35230,train
23265,train
21992,train
12095,train
9657,train
24682,train
1032,train
36413,train
46859,train
20951,train
20548,train
30850,train
4166,train
22802,train
16541,train
38684,train
4255,train
10761,train
44964,train
9776,train
10372,train
11052,train
41451,train
39761,train
38885,train
3517,train
6861,train
13782,train
12091,train
22109,train
11206,train
6654,train
49359,train
25948,train
946,train
22761,train
1283,train
11077,train
45123,train
14199,train
34864,train
6742,train
7127,train
41459,train
33514,train
21758,train
29108,train
709,train
25376,train
16277,train
4646,train
25874,train
40568,train
47099,train
38574,train
7034,train
6265,train
14502,train
4986,train
11639,train
29351,train
6677,train
13170,train
39415,train
27178,train
41353,train
49546,train
5774,train
2146,train
22779,train
46081,train
30941,train
23425,train
49806,train
33604,train
32540,train
23580,train
4724,train
8776,train
36596,train
7011,train
18484,train
7663,train
26492,train
2878,train
8460,train
33009,train
34651,train
34671,train
19317,train
139,train
25027,train
24330,train
29528,train
20459,train
31965,train
23519,train
41391,train
32925,train
44203,train
31305,train
30094,train
27981,train
48433,train
42720,train
14370,train
34309,train
23128,train
39698,train
155,train
28330,train
44967,train
29143,train
1239,train
383,train
29536,train
38873,train
33441,train
46523,train
6007,train
2742,train
33563,train
41358,train
41321,train
33995,train
11010,train
12966,train
32040,train
23025,train
37749,train
40717,train
31962,train
29906,train
45486,train
9733,train
26051,train
38332,train
9913,train
45293,train
31350,train
6832,train
2883,train
19425,train
34308,train
31189,train
13889,train
25290,train
36744,train
4769,train
17659,train
16088,train
6369,train
11547,train
39318,train
43353,train
12316,train
7050,train
29616,train
4552,train
23724,train
16909,train
38945,train
14607,train
39064,train
23870,train
25625,train
3060,train
26652,train
7955,train
33389,train
11953,train
37380,train
15493,train
35469,train
20873,train
1287,train
11974,train
46679,train
115,train
6525,train
33129,train
16141,train
42989,train
2540,train
40588,train
26852,train
43055,train
41928,train
43864,train
1807,train
19008,train
38058,train
2943,train
1767,train
33423,train
30806,train
11230,train
34087,train
12664,train
31320,train
39541,train
13605,train
4491,train
10951,train
46798,train
22411,train
255,train
33465,train
46180,train
21353,train
33146,train
39206,train
34874,train
49312,train
22213,train
29834,train
554,train
42078,train
1714,train
15332,train
21030,train
18225,train
32184,train
3502,train
42723,train
35122,train
48950,train
12565,train
23452,train
48743,train
37933,train
14653,train
45942,train
12476,train
22510,train
36418,train
14383,train
8285,train
19115,train
47754,train
24158,train
9005,train
23095,train
47054,train
13396,train
1176,train
20542,train
14058,train
36924,train
15553,train
13486,train
34171,train
2786,train
27615,train
9081,train
36845,train
28550,train
27973,train
934,train
10303,train
44985,train
34370,train
28005,train
22216,train
30878,train
37428,train
33730,train
1971,train
39176,train
47623,train
8464,train
30303,train
33511,train
40940,train
5566,train
46051,train
49519,train
24318,train
18260,train
1949,train
39109,train
23797,train
36746,train
30750,train
16220,train
22204,train
25064,train
12581,train
33164,train
47847,train
34915,train
47983,train
35031,train
11555,train
23684,train
49776,train
1164,train
26750,train
46594,train
4185,train
41010,train
3030,train
26220,train
22282,train
9356,train
19503,train
2303,train
43799,train
14848,train
45910,train
23017,train
4733,train
39995,train
20613,train
1229,train
3791,train
39887,train
45628,train
12102,train
42633,train
18574,train
16113,train
21659,train
47414,train
26600,train
41519,train
24913,train
34463,train
38565,train
12833,train
37247,train
35603,train
10816,train
10850,train
14485,train
38154,train
48749,train
24946,train
18943,train
19447,train
49677,train
14159,train
25818,train
48998,train
35743,train
33773,train
41804,train
49353,train
29473,train
11055,train
40314,train
12142,train
26740,train
36227,train
48863,train
13682,train
27471,train
23577,train
45162,train
34231,train
7956,train
28558,train
12905,train
35477,train
34688,train
46963,train
3599,train
22583,train
9783,train
41784,train
47128,train
1749,train
39607,train
19774,train
17088,train
45169,train
6543,train
9966,train
24806,train
11541,train
14006,train
33922,train
743,train
48065,train
30685,train
40965,train
5036,train
22920,train
3509,train
10802,train
5955,train
11674,train
11894,train
23943,train
2532,train
12907,train
25917,train
31367,train
3329,train
7228,train
5767,train
15629,train
45453,train
2507,train
35050,train
15421,train
26339,train
48430,train
18941,train
16531,train
3097,train
33153,train
26572,train
6336,train
30460,train
6302,train
34258,train
4734,train
22006,train
9871,train
12137,train
18463,train
14871,train
35171,train
15706,train
3957,train
35066,train
12024,train
33236,train
2010,train
24210,train
14817,train
11723,train
11676,train
15188,train
47154,train
4560,train
41237,train
8084,train
9453,train
14180,train
29186,train
20092,train
30627,train
42037,train
40050,train
19838,train
39841,train
26833,train
12273,train
19496,train
12897,train
22072,train
37599,train
48000,train
49159,train
674,train
32413,train
22438,train
47809,train
29432,train
39537,train
14342,train
33161,train
5657,train
2684,train
32292,train
47875,train
28730,train
28988,train
44366,train
4283,train
13884,train
11513,train
31235,train
30451,train
8611,train
17010,train
34343,train
4019,train
31178,train
10083,train
16417,train
14054,train
47425,train
16040,train
5135,train
10072,train
26531,train
19882,train
28255,train
14405,train
44459,train
47021,train
13337,train
6998,train
40055,train
25182,train
2566,train
22539,train
45865,train
5047,train
11475,train
9922,train
17455,train
32194,train
39927,train
49382,train
16815,train
32182,train
38706,train
49666,train
8578,train
1430,train
31001,train
9217,train
6038,train
23239,train
6066,train
23652,train
33459,train
3053,train
35799,train
15801,train
37565,train
42490,train
36415,train
46264,train
15927,train
35506,train
33420,train
3080,train
20975,train
45591,train
36594,train
37336,train
32193,train
7763,train
1033,train
36248,train
6789,train
23052,train
21804,train
6794,train
41822,train
14376,train
5676,train
33012,train
29621,train
26551,train
38958,train
38948,train
16450,train
29116,train
38477,train
30161,train
47879,train
20796,train
9586,train
42860,train
48784,train
21652,train
27473,train
23365,train
29381,train
20174,train
21024,train
34526,train
19691,train
7189,train
13171,train
34576,train
36802,train
31724,train
7175,train
17017,train
18300,train
20003,train
8476,train
34026,train
40443,train
22032,train
6228,train
10652,train
11343,train
29563,train
9282,train
2727,train
36627,train
19627,train
49015,train
39857,train
21749,train
34413,train
37629,train
35382,train
5298,train
28392,train
31247,train
26417,train
8246,train
5747,train
17043,train
43502,train
1188,train
14605,train
45179,train
34481,train
36641,train
30587,train
41399,train
639,train
20989,train
21098,train
4016,train
20637,train
9915,train
31007,train
30952,train
29054,train
24645,train
44979,train
24698,train
34728,train
21832,train
32506,train
33507,train
8406,train
43289,train
25464,train
22123,train
46504,train
26075,train
27208,train
9846,train
12062,train
27359,train
26353,train
21531,train
8681,train
33875,train
20374,train
4752,train
2263,train
21390,train
10847,train
29703,train
25554,train
49289,train
39586,train
46635,train
23016,train
8266,train
37210,train
23678,train
3220,train
33384,train
5977,train
42323,train
30613,train
32384,train
45494,train
7249,train
36597,train
1604,train
1953,train
28674,train
28589,train
24662,train
4438,train
28960,train
38730,train
37369,train
45835,train
7370,train
32007,train
47323,train
24616,train
2136,train
10499,train
20131,train
10907,train
31862,train
18495,train
29766,train
40267,train
16782,train
13596,train
31134,train
36370,train
5458,train
5228,train
17817,train
39869,train
10467,train
40739,train
34416,train
30412,train
18763,train
11002,train
7845,train
38802,train
24389,train
16223,train
29057,train
12509,train
7318,train
29337,train
21723,train
30600,train
8907,train
46401,train
16442,train
41320,train
33741,train
34793,train
43039,train
13355,train
32910,train
27134,train
20598,train
6556,train
5411,train
16515,train
44877,train
26305,train
32086,train
11466,train
37385,train
43290,train
30973,train
49008,train
44728,train
20823,train
8219,train
37075,train
11535,train
10613,train
47382,train
5741,train
16271,train
24782,train
18919,train
32510,train
34945,train
39485,train
20936,train
42177,train
25210,train
19742,train
30146,train
24021,train
32625,train
45166,train
2952,train
38984,train
6541,train
46446,train
26536,train
24471,train
23311,train
9142,train
916,train
34910,train
18286,train
9038,train
8913,train
6690,train
9308,train
10776,train
39369,train
8738,train
27386,train
11451,train
15976,train
3491,train
22464,train
28509,train
42182,train
6137,train
45080,train
12692,train
41340,train
20903,train
35502,train
26184,train
7658,train
7894,train
6084,train
8207,train
49184,train
43175,train
21213,train
30939,train
3255,train
4620,train
25085,train
35708,train
17419,train
23528,train
44717,train
1031,train
2322,train
10456,train
5599,train
1139,train
16193,train
4218,train
46703,train
48978,train
3214,train
39780,train
30021,train
39682,train
17543,train
6968,train
37015,train
6225,train
34635,train
21408,train
28928,train
31269,train
41295,train
11059,train
48158,train
11419,train
5802,train
47613,train
35011,train
34119,train
23238,train
1877,train
47265,train
26518,train
3015,train
19570,train
21628,train
10381,train
16582,train
41757,train
4198,train
20633,train
28050,train
34386,train
37773,train
20483,train
45102,train
20765,train
31129,train
16641,train
41686,train
15458,train
16809,train
27288,train
37518,train
907,train
27564,train
45721,train
37263,train
30652,train
16946,train
17598,train
17435,train
29077,train
20611,train
268,train
46645,train
1463,train
19505,train
40699,train
22668,train
2579,train
12072,train
47793,train
2705,train
11145,train
5034,train
23276,train
13469,train
34011,train
42779,train
42629,train
12274,train
25821,train
13324,train
24063,train
2773,train
46646,train
14515,train
13187,train
29571,train
39966,train
19257,train
16773,train
3631,train
2535,train
8179,train
22248,train
454,train
44859,train
49139,train
49285,train
18783,train
726,train
49132,train
26684,train
31738,train
25709,train
38068,train
42287,train
45220,train
49233,train
3182,train
22956,train
8380,train
26922,train
42696,train
15247,train
44061,train
24552,train
17558,train
41111,train
17388,train
1970,train
27644,train
15871,train
21616,train
34947,train
43428,train
7608,train
3244,train
7902,train
8465,train
22082,train
7450,train
32232,train
30225,train
43817,train
14512,train
23882,train
14097,train
7260,train
9402,train
48314,train
49186,train
28569,train
9265,train
30679,train
3847,train
41843,train
3489,train
47051,train
17625,train
18465,train
1999,train
41395,train
49709,train
10326,train
12573,train
12684,train
42892,train
41488,train
28223,train
32949,train
8865,train
43357,train
8020,train
49830,train
47566,train
39551,train
9721,train
22753,train
11354,train
34008,train
48326,train
31356,train
8724,train
7662,train
39486,train
35795,train
36435,train
1115,train
23457,train
39125,train
44324,train
14794,train
24428,train
26472,train
33798,train
49818,train
20631,train
21874,train
695,train
25860,train
2835,train
12836,train
27329,train
1794,train
9350,train
28356,train
5429,train
6938,train
28641,train
33997,train
18308,train
17590,train
2020,train
31982,train
24283,train
12746,train
5890,train
22634,train
24713,train
30221,train
1386,train
48640,train
24353,train
35231,train
38149,train
27375,train
35951,train
14728,train
929,train
41464,train
19228,train
18752,train
32403,train
39700,train
34245,train
30646,train
39262,train
30078,train
39728,train
35542,train
47244,train
27601,train
32204,train
38440,train
4651,train
48795,train
11680,train
26676,train
44498,train
43387,train
49003,train
48547,train
48046,train
45667,train
29344,train
11257,train
43720,train
24355,train
21851,train
34605,train
40650,train
38932,train
23340,train
45960,train
17296,train
46273,train
28555,train
39576,train
37733,train
14327,train
41716,train
42193,train
47819,train
37816,train
20100,train
3945,train
35182,train
21604,train
17107,train
21892,train
12734,train
9773,train
33324,train
21571,train
41523,train
1327,train
47237,train
29679,train
16750,train
1194,train
31670,train
3145,train
28284,train
8835,train
11253,train
45492,train
22203,train
37698,train
49200,train
48831,train
26930,train
27555,train
25070,train
45734,train
25177,train
17229,train
26008,train
15058,train
8006,train
25892,train
4790,train
13573,train
31328,train
38075,train
44798,train
8566,train
35312,train
34795,train
29554,train
15203,train
23445,train
23465,train
48508,train
3560,train
41857,train
47705,train
48318,train
26557,train
47532,train
37061,train
35104,train
9102,train
8198,train
40117,train
37310,train
15878,train
17341,train
36063,train
4578,train
18408,train
22395,train
5217,train
38567,train
49408,train
14668,train
40697,train
14318,train
40763,train
47689,train
244,train
38577,train
6370,train
7711,train
22322,train
12151,train
36965,train
26259,train
14390,train
19286,train
12199,train
10998,train
18553,train
5111,train
36078,train
16447,train
14184,train
16763,train
4063,train
25509,train
36003,train
48594,train
36929,train
7389,train
27503,train
18469,train
10973,train
49125,train
705,train
13895,train
37022,train
27850,train
35062,train
5190,train
17223,train
31584,train
7547,train
10668,train
26229,train
31186,train
37079,train
33139,train
44874,train
46162,train
30706,train
6232,train
25317,train
26298,train
38789,train
25551,train
36105,train
45353,train
43197,train
23369,train
48537,train
35501,train
41184,train
38251,train
28809,train
12775,train
18711,train
14758,train
35239,train
27351,train
731,train
47052,train
22818,train
27285,train
23769,train
24242,train
14819,train
43566,train
19204,train
2364,train
13851,train
37138,train
26449,train
18354,train
41108,train
23801,train
36287,train
45463,train
8740,train
7731,train
7883,train
39160,train
46176,train
20009,train
49423,train
4639,train
32989,train
48488,train
7942,train
13914,train
38427,train
29372,train
6940,train
48830,train
22894,train
41286,train
20470,train
34175,train
47929,train
48500,train
35471,train
29474,train
34892,train
41081,train
508,train
26002,train
8033,train
18079,train
46624,train
13926,train
13482,train
49549,train
41028,train
49117,train
722,train
15484,train
25371,train
11073,train
26493,train
2677,train
1388,train
16727,train
526,train
29738,train
29999,train
10825,train
48215,train
22345,train
45784,train
12135,train
38313,train
37784,train
18452,train
37578,train
17304,train
8620,train
41314,train
831,train
21325,train
7030,train
24294,train
33874,train
36785,train
44876,train
3356,train
27736,train
25978,train
7750,train
9822,train
2877,train
43101,train
35364,train
29002,train
30479,train
40791,train
46559,train
33381,train
43801,train
28939,train
18891,train
19694,train
46995,train
13527,train
29053,train
16341,train
34887,train
42049,train
40436,train
32013,train
46261,train
13629,train
17763,train
1308,train
2586,train
35747,train
1352,train
18490,train
7742,train
19119,train
46281,train
46514,train
31534,train
39316,train
35203,train
49814,train
48825,train
43208,train
42302,train
46828,train
40007,train
43646,train
46073,train
17377,train
17583,train
12390,train
29572,train
47574,train
39587,train
10614,train
3044,train
48254,train
41733,train
29682,train
14074,train
11815,train
7674,train
12829,train
2318,train
25989,train
17403,train
27657,train
18323,train
7381,train
35834,train
11351,train
46566,train
28215,train
40974,train
5359,train
25851,train
21537,train
2129,train
30897,train
23473,train
29547,train
2425,train
29496,train
8055,train
47353,train
27710,train
49815,train
6249,train
45834,train
11934,train
43991,train
34070,train
26156,train
15850,train
20351,train
20306,train
46769,train
45007,train
18315,train
3530,train
33914,train
47595,train
36638,train
27521,train
15987,train
17784,train
28283,train
34770,train
7790,train
10762,train
37819,train
28512,train
49082,train
44107,train
25771,train
35509,train
44193,train
47830,train
45893,train
24106,train
13,train
46820,train
5067,train
25640,train
7865,train
40975,train
18126,train
34697,train
9809,train
33300,train
42568,train
22934,train
20208,train
28599,train
25160,train
7755,train
23776,train
34797,train
18494,train
46978,train
5645,train
26903,train
5873,train
22465,train
45226,train
13117,train
23562,train
49958,train
38278,train
20763,train
48866,train
16651,train
29929,train
36544,train
9850,train
7854,train
1774,train
38310,train
20588,train
35996,train
14179,train
19183,train
29822,train
8036,train
31893,train
14546,train
1686,train
45376,train
3744,train
43336,train
33058,train
10810,train
40259,train
34115,train
20657,train
9258,train
35997,train
45355,train
43986,train
25014,train
33532,train
16304,train
4275,train
39684,train
3445,train
3626,train
12175,train
6089,train
49586,train
11975,train
11304,train
49111,train
1838,train
39123,train
20697,train
19374,train
3739,train
41232,train
31509,train
2714,train
41124,train
26026,train
21909,train
11597,train
4394,train
39083,train
46002,train
5506,train
25968,train
14114,train
45959,train
37484,train
4702,train
2488,train
13335,train
44168,train
16979,train
32255,train
25470,train
40774,train
412,train
38279,train
20891,train
36992,train
22417,train
43388,train
20561,train
5878,train
14250,train
3155,train
39314,train
5811,train
43730,train
48816,train
33031,train
6049,train
29051,train
38361,train
31023,train
19540,train
8353,train
1792,train
38954,train
30669,train
16594,train
31734,train
148,train
23796,train
33352,train
43325,train
39075,train
44219,train
4133,train
35346,train
43692,train
24020,train
49899,train
12302,train
27029,train
4101,train
48465,train
49059,train
6150,train
13002,train
47047,train
21947,train
8330,train
42229,train
31770,train
41299,train
36626,train
5431,train
22823,train
48641,train
16780,train
6564,train
45391,train
30018,train
39100,train
3578,train
13703,train
19885,train
46021,train
46849,train
48961,train
25766,train
11726,train
4197,train
30664,train
21640,train
26760,train
9981,train
30134,train
9815,train
15497,train
14680,train
12899,train
4205,train
44748,train
7125,train
12484,train
34067,train
43003,train
8044,train
5229,train
18227,train
14248,train
35547,train
49037,train
35880,train
37337,train
7495,train
37288,train
27987,train
33213,train
43202,train
32053,train
4167,train
3413,train
42348,train
43053,train
41441,train
40485,train
16378,train
3007,train
40462,train
40921,train
25458,train
18559,train
3582,train
19494,train
46431,train
749,train
21852,train
39190,train
28965,train
2312,train
41903,train
7033,train
15331,train
3301,train
42222,train
1623,train
12571,train
8308,train
31806,train
7774,train
22132,train
4316,train
45403,train
25511,train
7953,train
28011,train
35714,train
18226,train
29069,train
30474,train
23408,train
3100,train
47508,train
42804,train
49552,train
28847,train
41632,train
25976,train
2267,train
9672,train
17343,train
8056,train
224,train
2150,train
782,train
47714,train
23435,train
15908,train
44637,train
14665,train
11781,train
3796,train
49141,train
26019,train
24199,train
18880,train
44068,train
38595,train
16046,train
11225,train
1315,train
30984,train
18671,train
3551,train
40851,train
43394,train
44702,train
45753,train
7937,train
4698,train
5185,train
13213,train
3944,train
1821,train
27277,train
33093,train
35332,train
11084,train
10758,train
46299,train
14262,train
48041,train
37623,train
9789,train
46435,train
40066,train
34748,train
1212,train
10164,train
7104,train
8531,train
24828,train
21429,train
12139,train
26082,train
16943,train
7968,train
4966,train
8368,train
10909,train
29134,train
21111,train
22150,train
22983,train
48770,train
43790,train
23553,train
1037,train
9800,train
28476,train
31847,train
19858,train
22670,train
26876,train
32784,train
15784,train
22826,train
18744,train
31111,train
9452,train
3267,train
23489,train
11228,train
48852,train
24230,train
25512,train
25548,train
10722,train
47481,train
33065,train
42043,train
11573,train
4274,train
27855,train
26624,train
25638,train
39928,train
5687,train
4437,train
38002,train
17935,train
34397,train
1903,train
21258,train
27303,train
45795,train
30252,train
23969,train
42275,train
1250,train
15990,train
33544,train
7818,train
35319,train
48781,train
11569,train
20518,train
19506,train
16240,train
16049,train
36914,train
26127,train
37997,train
46308,train
2243,train
17545,train
43606,train
17483,train
48592,train
47101,train
47304,train
49358,train
16887,train
31821,train
48848,train
12786,train
4542,train
24066,train
48809,train
24986,train
30379,train
31044,train
39225,train
42665,train
44438,train
32686,train
27057,train
6187,train
34962,train
25401,train
2323,train
1060,train
19855,train
41576,train
23668,train
45707,train
34813,train
2907,train
38493,train
20703,train
37671,train
27456,train
38645,train
48005,train
3527,train
41460,train
23107,train
48132,train
15856,train
43768,train
14928,train
44106,train
42393,train
43445,train
21204,train
22958,train
41330,train
29744,train
20047,train
46891,train
13534,train
44966,train
23583,train
27655,train
25023,train
2916,train
29329,train
38492,train
44050,train
15790,train
5872,train
27395,train
1478,train
1527,train
42044,train
45425,train
38976,train
1393,train
33865,train
24341,train
3773,train
27490,train
21192,train
24018,train
44250,train
33307,train
27415,train
2683,train
47663,train
26585,train
14409,train
19912,train
36264,train
45619,train
4919,train
46270,train
29302,train
9329,train
33704,train
41433,train
18097,train
17985,train
39793,train
30095,train
42187,train
47291,train
15504,train
7898,train
10894,train
27240,train
44975,train
39859,train
43787,train
31814,train
21819,train
31455,train
12595,train
18823,train
18641,train
24425,train
49035,train
33772,train
30334,train
8169,train
40483,train
40777,train
16716,train
13383,train
19123,train
49326,train
25648,train
7294,train
21057,train
48843,train
48092,train
3086,train
24553,train
42109,train
10800,train
26844,train
18410,train
15390,train
13755,train
49079,train
20643,train
30091,train
48962,train
1706,train
1117,train
34894,train
19357,train
38261,train
31143,train
37005,train
14710,train
23699,train
29194,train
4700,train
27865,train
21654,train
9274,train
3045,train
4195,train
10905,train
25557,train
43590,train
40667,train
9422,train
40400,train
11423,train
3446,train
18506,train
18547,train
31252,train
34800,train
28022,train
35194,train
48437,train
1746,train
46836,train
32655,train
27703,train
10733,train
48703,train
23871,train
32157,train
36410,train
34014,train
23786,train
28878,train
22178,train
46406,train
26158,train
3799,train
15844,train
26661,train
5679,train
18762,train
45767,train
27001,train
31683,train
28521,train
21980,train
800,train
8292,train
423,train
6175,train
38421,train
28164,train
22879,train
17707,train
45949,train
20866,train
48436,train
44296,train
13981,train
31685,train
37608,train
34491,train
2669,train
36438,train
24302,train
30615,train
12235,train
1439,train
943,train
23837,train
30936,train
37788,train
47846,train
34188,train
875,train
6873,train
39973,train
10912,train
31701,train
37767,train
27948,train
13168,train
1950,train
29465,train
43342,train
30481,train
43075,train
2067,train
29447,train
43733,train
20104,train
22036,train
999,train
37045,train
12479,train
21469,train
25263,train
8322,train
28236,train
11116,train
18003,train
49364,train
38076,train
37632,train
34493,train
9877,train
31718,train
39235,train
11693,train
37909,train
1934,train
41428,train
39863,train
14323,train
14349,train
4821,train
37299,train
1220,train
38039,train
26463,train
40726,train
31689,train
3529,train
43117,train
48763,train
4806,train
38305,train
42825,train
39026,train
31746,train
15193,train
11991,train
18479,train
39873,train
25315,train
34361,train
19300,train
19061,train
31491,train
7437,train
28281,train
25996,train
22657,train
40689,train
42482,train
32426,train
43967,train
36940,train
28959,train
29805,train
48698,train
46874,train
21417,train
25114,train
1679,train
2993,train
6118,train
10515,train
8206,train
41100,train
45,train
7700,train
22890,train
30156,train
4976,train
45356,train
19830,train
17071,train
45301,train
14471,train
24480,train
40917,train
26508,train
22993,train
9523,train
20719,train
3297,train
24412,train
45973,train
32524,train
14079,train
35963,train
25718,train
870,train
46903,train
33267,train
6164,train
20087,train
46736,train
45077,train
14774,train
4567,train
9360,train
43242,train
32542,train
1860,train
2759,train
8850,train
45618,train
45448,train
15440,train
272,train
46429,train
12753,train
489,train
39268,train
9435,train
16204,train
26382,train
34549,train
36268,train
40199,train
22642,train
43620,train
36826,train
49464,train
18437,train
21857,train
909,train
31055,train
28139,train
31217,train
5788,train
25132,train
6915,train
11400,train
4914,train
34423,train
49644,train
43261,train
30411,train
47661,train
585,train
8998,train
27239,train
46059,train
5046,train
32990,train
26290,train
18639,train
23089,train
48163,train
28882,train
22013,train
21776,train
37722,train
29017,train
2023,train
30292,train
40695,train
16172,train
25351,train
34040,train
23521,train
9369,train
12424,train
38040,train
34674,train
37945,train
39380,train
6647,train
47249,train
21004,train
37561,train
43132,train
11939,train
27445,train
34388,train
2847,train
11788,train
31140,train
14329,train
33217,train
15718,train
24405,train
26727,train
29986,train
7448,train
20468,train
20916,train
8688,train
33393,train
16130,train
35123,train
36663,train
23066,train
31481,train
19475,train
23499,train
7432,train
41118,train
37874,train
33625,train
34383,train
41247,train
2230,train
37153,train
49412,train
40324,train
30982,train
6835,train
45866,train
25444,train
6889,train
24233,train
2975,train
26725,train
28327,train
11426,train
22018,train
48693,train
27489,train
22220,train
23224,train
35948,train
7303,train
28715,train
35814,train
39543,train
25768,train
3730,train
27447,train
49960,train
16543,train
11590,train
22129,train
27869,train
24950,train
2527,train
5978,train
35683,train
28884,train
8086,train
19713,train
34581,train
44071,train
2728,train
19919,train
4317,train
14947,train
16667,train
26246,train
18661,train
14911,train
12825,train
35051,train
49228,train
31070,train
43019,train
27476,train
36548,train
33201,train
12090,train
25871,train
35595,train
7007,train
7021,train
38535,train
23417,train
15924,train
23205,train
14264,train
9193,train
40353,train
30029,train
35401,train
4445,train
24520,train
9149,train
38611,train
40766,train
7036,train
32621,train
13358,train
1466,train
27928,train
8341,train
45450,train
26905,train
14608,train
31028,train
16798,train
1710,train
35079,train
1675,train
25705,train
2238,train
45046,train
46742,train
12144,train
6750,train
32308,train
28657,train
37188,train
14860,train
12454,train
12049,train
34747,train
12161,train
43724,train
33211,train
5667,train
43538,train
5306,train
36943,train
12896,train
131,train
48038,train
35227,train
34242,train
626,train
6460,train
35195,train
13343,train
20798,train
2506,train
4335,train
44824,train
20433,train
40598,train
25430,train
1180,train
36156,train
37244,train
22707,train
30963,train
5666,train
5326,train
38046,train
26409,train
17864,train
17115,train
15047,train
47440,train
4378,train
15342,train
13886,train
16827,train
42524,train
34105,train
10622,train
6424,train
41325,train
48606,train
40946,train
48699,train
25477,train
22961,train
14815,train
37911,train
19107,train
2014,train
26964,train
33981,train
49680,train
31080,train
43050,train
42620,train
25934,train
43658,train
28401,train
32853,train
45056,train
38892,train
47544,train
30964,train
41060,train
25940,train
47327,train
34787,train
8216,train
49599,train
36469,train
20786,train
15812,train
24962,train
26000,train
43939,train
47779,train
23081,train
29995,train
21873,train
46161,train
15950,train
43725,train
42431,train
31431,train
23777,train
49732,train
19285,train
11282,train
37869,train
37333,train
45843,train
9263,train
13524,train
21351,train
21515,train
3308,train
48734,train
4525,train
19023,train
14500,train
21166,train
36275,train
23404,train
32840,train
13551,train
1151,train
35553,train
11870,train
13730,train
21346,train
24829,train
9695,train
19153,train
22719,train
22086,train
3273,train
247,train
33624,train
25945,train
10128,train
2615,train
34563,train
8840,train
9116,train
3303,train
37372,train
39762,train
19005,train
38445,train
28456,train
33976,train
15130,train
12936,train
6796,train
4142,train
33316,train
42477,train
29800,train
25765,train
25716,train
30643,train
3190,train
44095,train
26144,train
34741,train
49435,train
5296,train
46183,train
15552,train
47558,train
26921,train
17828,train
19516,train
5287,train
40107,train
13635,train
17064,train
681,train
25291,train
4347,train
27802,train
33121,train
31940,train
37617,train
8657,train
28596,train
37875,train
324,train
31163,train
42747,train
41700,train
21554,train
9700,train
21849,train
22489,train
4756,train
30189,train
4206,train
31557,train
21281,train
5882,train
11792,train
19022,train
16460,train
43012,train
25540,train
21414,train
45929,train
49952,train
31052,train
49863,train
46636,train
24208,train
48878,train
29747,train
19239,train
6106,train
16164,train
1313,train
47550,train
2685,train
15209,train
4046,train
45148,train
24101,train
48174,train
45396,train
7085,train
48114,train
47894,train
46759,train
43934,train
31599,train
13729,train
25326,train
29037,train
28015,train
33608,train
22693,train
38057,train
37944,train
46618,train
47516,train
4127,train
32208,train
47238,train
15694,train
23676,train
362,train
21134,train
4004,train
5624,train
47189,train
12443,train
8205,train
11014,train
30782,train
1891,train
26690,train
13319,train
4464,train
38430,train
6448,train
45720,train
41263,train
49622,train
47602,train
4035,train
8002,train
6440,train
10862,train
41256,train
15418,train
34255,train
25252,train
4301,train
6067,train
26080,train
16477,train
48291,train
21556,train
37025,train
33385,train
43631,train
36631,train
6815,train
45451,train
34715,train
38159,train
44938,train
5799,train
22933,train
47399,train
22155,train
4816,train
24660,train
12975,train
14441,train
38424,train
26847,train
48227,train
41902,train
42631,train
7335,train
36240,train
12190,train
45106,train
47015,train
6478,train
12419,train
18414,train
29807,train
6429,train
12729,train
13139,train
30693,train
754,train
7656,train
42083,train
19558,train
6791,train
31289,train
9056,train
35819,train
41160,train
30815,train
31728,train
2751,train
10504,train
2095,train
47949,train
42400,train
46952,train
1625,train
46100,train
18487,train
17789,train
1682,train
21451,train
41710,train
25163,train
6708,train
30707,train
15451,train
8178,train
48887,train
23370,train
5283,train
44882,train
8945,train
28958,train
6078,train
46876,train
42082,train
24280,train
40185,train
42112,train
40576,train
6613,train
23572,train
15197,train
2926,train
142,train
7826,train
43223,train
24375,train
30529,train
30683,train
33905,train
46998,train
15434,train
18998,train
43672,train
44040,train
9436,train
36354,train
41840,train
41698,train
15403,train
25662,train
25050,train
40961,train
8873,train
10235,train
48362,train
289,train
37342,train
10424,train
25884,train
36278,train
26265,train
5705,train
32084,train
40150,train
20268,train
21839,train
28229,train
28933,train
46327,train
6646,train
6404,train
45479,train
20642,train
40790,train
40054,train
15614,train
8075,train
22471,train
39246,train
21731,train
34034,train
20963,train
22374,train
22732,train
7559,train
48672,train
10628,train
46858,train
44821,train
41511,train
1569,train
46816,train
9109,train
7098,train
31881,train
16953,train
32526,train
2311,train
15379,train
46049,train
26402,train
39466,train
17908,train
29975,train
22195,train
32553,train
8099,train
44619,train
31691,train
36642,train
37519,train
38804,train
3981,train
11630,train
318,train
26450,train
36711,train
29135,train
18682,train
16770,train
19157,train
28508,train
46001,train
3310,train
49589,train
11008,train
4712,train
39463,train
14936,train
9234,train
7606,train
43035,train
46940,train
21560,train
41246,train
27377,train
14291,train
34928,train
14161,train
12076,train
1272,train
15637,train
33815,train
6682,train
14989,train
43145,train
44496,train
34637,train
938,train
48361,train
1829,train
7210,train
1261,train
3197,train
8376,train
6990,train
5342,train
42630,train
9003,train
47806,train
2560,train
42047,train
2846,train
36576,train
42132,train
41738,train
39940,train
6784,train
17905,train
3515,train
21109,train
5693,train
21302,train
4336,train
11045,train
17471,train
23371,train
34823,train
22387,train
42135,train
11450,train
8882,train
37347,train
143,train
35702,train
39247,train
22514,train
21664,train
30440,train
45788,train
35095,train
27177,train
38276,train
37109,train
27801,train
1488,train
623,train
20881,train
32062,train
19281,train
48182,train
18372,train
8707,train
93,train
19572,train
25985,train
21683,train
43292,train
32363,train
1620,train
31049,train
13714,train
17554,train
16375,train
25632,train
49345,train
406,train
34227,train
28654,train
14387,train
49058,train
20423,train
32626,train
13580,train
10141,train
15129,train
14891,train
9040,train
40286,train
1824,train
32862,train
15320,train
9167,train
872,train
30633,train
8227,train
14742,train
40569,train
4200,train
576,train
12970,train
18794,train
41388,train
9026,train
7543,train
23164,train
22843,train
5538,train
40442,train
36651,train
29613,train
5947,train
28971,train
44198,train
19010,train
46900,train
47992,train
28069,train
17286,train
25823,train
9198,train
44753,train
44691,train
26120,train
48240,train
44322,train
1504,train
6733,train
45894,train
49900,train
43068,train
32419,train
44782,train
10673,train
28227,train
45906,train
30957,train
14386,train
25515,train
21256,train
4873,train
46213,train
42520,train
15416,train
27919,train
16506,train
3087,train
20149,train
7722,train
49118,train
15031,train
41282,train
23717,train
30756,train
22509,train
37318,train
21340,train
42154,train
12513,train
33235,train
28377,train
43543,train
37923,train
29245,train
31644,train
3372,train
44648,train
3496,train
33416,train
30224,train
16863,train
43009,train
5818,train
33066,train
30968,train
41079,train
40275,train
47554,train
15508,train
30011,train
36718,train
36595,train
16248,train
32828,train
2862,train
20684,train
43750,train
34620,train
31332,train
44517,train
3004,train
40561,train
44027,train
12397,train
8118,train
21968,train
4540,train
18634,train
47952,train
6929,train
20512,train
11647,train
30238,train
19116,train
13006,train
1925,train
7094,train
25154,train
15799,train
5022,train
46384,train
12045,train
32351,train
47579,train
13653,train
35458,train
47741,train
45838,train
17734,train
36510,train
36093,train
2539,train
3725,train
48012,train
464,train
44435,train
39178,train
6640,train
3875,train
17183,train
47284,train
28126,train
8789,train
33531,train
21243,train
49067,train
19863,train
19768,train
16564,train
47180,train
42807,train
42428,train
3558,train
13130,train
868,train
36421,train
40757,train
39509,train
48963,train
36906,train
7859,train
21709,train
30657,train
22862,train
32094,train
14938,train
42443,train
37166,train
187,train
20949,train
36961,train
13795,train
37475,train
70,train
46898,train
1298,train
15998,train
14096,train
24530,train
17444,train
4074,train
2419,train
43096,train
28110,train
16259,train
37720,train
2580,train
48447,train
14797,train
36443,train
33145,train
22025,train
12613,train
14957,train
8177,train
14133,train
43308,train
6680,train
30774,train
33581,train
46829,train
36908,train
35405,train
21266,train
9222,train
17254,train
22201,train
7367,train
37568,train
17607,train
20448,train
33634,train
12077,train
44494,train
9944,train
6085,train
10849,train
13082,train
34400,train
35318,train
21905,train
49426,train
11005,train
42703,train
10485,train
44502,train
45935,train
28321,train
15674,train
45315,train
41374,train
7591,train
29587,train
47687,train
3296,train
12153,train
13001,train
30608,train
44192,train
36310,train
18060,train
40389,train
31086,train
23692,train
4400,train
9457,train
6749,train
14576,train
34754,train
6055,train
29457,train
41505,train
23907,train
31720,train
35141,train
26839,train
3970,train
30772,train
43148,train
5027,train
34618,train
22005,train
15133,train
23041,train
44739,train
18258,train
20305,train
23986,train
11454,train
43593,train
20940,train
34009,train
45882,train
48275,train
9934,train
27211,train
25123,train
37228,train
4579,train
19101,train
6418,train
24126,train
37508,train
1158,train
6345,train
24195,train
27404,train
2121,train
12180,train
23844,train
30576,train
3366,train
2062,train
42155,train
44239,train
31359,train
32003,train
43265,train
43987,train
3538,train
19576,train
44134,train
8504,train
13943,train
1670,train
45723,train
9807,train
43971,train
21246,train
10821,train
18062,train
44352,train
9955,train
41384,train
44439,train
37798,train
4210,train
24788,train
14513,train
39118,train
49279,train
34141,train
32960,train
12156,train
6173,train
10858,train
46834,train
13773,train
43014,train
28340,train
1730,train
22581,train
47964,train
24873,train
37570,train
28430,train
36643,train
32830,train
41109,train
5756,train
6481,train
14961,train
1253,train
16537,train
17613,train
25612,train
32503,train
40097,train
27602,train
10497,train
10790,train
7092,train
22444,train
33566,train
8028,train
43437,train
13207,train
47677,train
22917,train
39377,train
22635,train
30874,train
17259,train
46586,train
10518,train
39803,train
42158,train
24966,train
42605,train
5240,train
2798,train
43107,train
2649,train
43171,train
41311,train
21273,train
2585,train
43634,train
1156,train
25277,train
35568,train
8469,train
9941,train
1597,train
49870,train
7825,train
5043,train
33349,train
31154,train
5438,train
49976,train
10647,train
48289,train
49194,train
14134,train
24115,train
9835,train
22330,train
29360,train
5596,train
9926,train
490,train
36756,train
3623,train
46929,train
28256,train
11244,train
20464,train
307,train
15158,train
7392,train
27294,train
30725,train
9988,train
6244,train
859,train
28450,train
34349,train
26352,train
5805,train
23168,train
22803,train
7644,train
29733,train
40116,train
33060,train
11758,train
43661,train
26125,train
15917,train
9479,train
39675,train
29141,train
35366,train
16192,train
27192,train
12237,train
1573,train
7137,train
24109,train
5035,train
9940,train
11961,train
20713,train
43845,train
2899,train
26,train
5674,train
44918,train
22686,train
31587,train
23392,train
23754,train
20651,train
36177,train
20434,train
36176,train
46587,train
21189,train
9528,train
23082,train
21225,train
530,train
45139,train
21366,train
43854,train
23303,train
12155,train
39987,train
31743,train
37052,train
11972,train
45970,train
35308,train
2707,train
11235,train
36987,train
32465,train
36921,train
39179,train
26554,train
16730,train
32896,train
23749,train
20659,train
22883,train
40882,train
31532,train
31116,train
45826,train
13091,train
13970,train
42966,train
13266,train
35960,train
23322,train
4635,train
12669,train
9559,train
8773,train
38072,train
13747,train
15292,train
40562,train
34274,train
14240,train
32134,train
27789,train
11124,train
6255,train
27538,train
12603,train
6766,train
33156,train
23233,train
4281,train
31347,train
21621,train
23501,train
9140,train
34669,train
33735,train
48027,train
1425,train
40145,train
36782,train
28112,train
7897,train
8349,train
10241,train
10682,train
47813,train
20428,train
47749,train
20312,train
39342,train
44369,train
16663,train
4368,train
19318,train
20930,train
10764,train
5250,train
7585,train
18291,train
42219,train
13540,train
18625,train
36911,train
30138,train
5924,train
44258,train
7114,train
49156,train
37765,train
11195,train
26311,train
31333,train
25229,train
48845,train
18704,train
46396,train
11757,train
40542,train
12566,train
3504,train
6020,train
37547,train
23799,train
4642,train
29648,train
11108,train
45395,train
34459,train
13398,train
7671,train
19194,train
385,train
37860,train
41474,train
4076,train
36604,train
22286,train
38485,train
38104,train
14453,train
23862,train
37440,train
24159,train
2912,train
48882,train
22534,train
46792,train
48346,train
5771,train
6277,train
784,train
15182,train
38102,train
14044,train
30053,train
29719,train
22767,train
34875,train
28239,train
29200,train
34615,train
28982,train
9928,train
35290,train
14351,train
35585,train
12114,train
33079,train
37083,train
2248,train
8828,train
35204,train
20888,train
19141,train
23406,train
46620,train
45459,train
42224,train
39315,train
20331,train
8423,train
14767,train
16203,train
22000,train
7936,train
41864,train
38499,train
42122,train
40340,train
10873,train
42346,train
19632,train
12066,train
25016,train
45334,train
28047,train
27929,train
21865,train
15609,train
35679,train
21964,train
11855,train
6772,train
27838,train
37013,train
13870,train
16449,train
44195,train
1205,train
47611,train
8832,train
28865,train
48089,train
5684,train
28747,train
41891,train
2780,train
20939,train
3984,train
28297,train
19205,train
23187,train
1247,train
14086,train
24568,train
47316,train
8347,train
12681,train
27059,train
32854,train
8933,train
45610,train
686,train
19128,train
38835,train
46840,train
35009,train
5537,train
16948,train
19734,train
19853,train
43895,train
12070,train
2898,train
21087,train
4522,train
4856,train
22892,train
3352,train
21106,train
43041,train
11324,train
46656,train
12226,train
11033,train
30585,train
39452,train
4778,train
7035,train
37638,train
47490,train
5349,train
11827,train
24128,train
24212,train
44263,train
8167,train
29848,train
7744,train
45686,train
28114,train
8144,train
1325,train
26396,train
48821,train
4454,train
3946,train
9658,train
49354,train
19985,train
29542,train
42573,train
27783,train
22144,train
31694,train
27198,train
3611,train
43775,train
7296,train
19179,train
43130,train
10,train
39908,train
9929,train
8553,train
23290,train
39293,train
14069,train
23019,train
3657,train
7253,train
28493,train
27256,train
2218,train
23401,train
23444,train
23945,train
35037,train
20125,train
16142,train
35745,train
28651,train
6785,train
5271,train
37220,train
3602,train
10871,train
28293,train
40908,train
47039,train
45206,train
7000,train
49075,train
25151,train
27807,train
29463,train
2701,train
15999,train
27113,train
31081,train
21328,train
41999,train
30644,train
20775,train
6389,train
20737,train
32487,train
15949,train
46633,train
7546,train
27852,train
41502,train
9851,train
5629,train
46336,train
39903,train
39140,train
31500,train
45986,train
45041,train
32273,train
42598,train
29526,train
15763,train
33521,train
3640,train
32418,train
3242,train
33739,train
21163,train
31924,train
21210,train
20736,train
21361,train
31069,train
43687,train
41501,train
39007,train
27008,train
3690,train
20407,train
5038,train
37831,train
3825,train
32028,train
49494,train
7587,train
23387,train
15394,train
2208,train
15269,train
5532,train
8885,train
14277,train
18074,train
14628,train
48112,train
23353,train
49243,train
21000,train
40426,train
39958,train
44124,train
28688,train
19049,train
45011,train
34923,train
27945,train
29662,train
46080,train
40676,train
26258,train
47028,train
15044,train
5077,train
469,train
28128,train
24709,train
15324,train
31136,train
1507,train
17443,train
494,train
13271,train
21946,train
22621,train
24644,train
48851,train
28087,train
28192,train
10543,train
39114,train
35850,train
38043,train
23267,train
5553,train
43781,train
28857,train
15920,train
23030,train
36345,train
36074,train
14736,train
22858,train
7847,train
48881,train
17880,train
32445,train
30971,train
8421,train
16059,train
45549,train
9082,train
19175,train
15913,train
20855,train
36704,train
42091,train
25565,train
28998,train
10301,train
38150,train
27281,train
12594,train
46482,train
21751,train
49950,train
35899,train
45777,train
9152,train
31006,train
39944,train
8871,train
35165,train
31422,train
17969,train
16237,train
15852,train
16095,train
43375,train
35701,train
47937,train
37198,train
10175,train
49521,train
10896,train
19409,train
24248,train
17653,train
46214,train
45555,train
8983,train
6140,train
34333,train
19755,train
42203,train
47791,train
6892,train
27129,train
32018,train
40646,train
13581,train
15853,train
5614,train
41983,train
14486,train
31757,train
17682,train
29434,train
47347,train
46187,train
48259,train
858,train
49885,train
48521,train
1785,train
34951,train
28045,train
8639,train
16005,train
21220,train
13449,train
4749,train
1830,train
11692,train
28709,train
37,train
24132,train
33234,train
30445,train
41918,train
30263,train
44764,train
28514,train
46438,train
44031,train
28048,train
4060,train
18248,train
32515,train
42937,train
45625,train
20986,train
25336,train
7688,train
41187,train
23539,train
2033,train
41203,train
2549,train
36606,train
4155,train
4321,train
23818,train
26038,train
18939,train
28873,train
29306,train
3733,train
16284,train
47463,train
27819,train
15780,train
35039,train
31788,train
39980,train
32367,train
11673,train
16210,train
45125,train
16779,train
25518,train
44140,train
42999,train
5128,train
25185,train
17637,train
20298,train
3374,train
40622,train
41637,train
32039,train
6466,train
43496,train
4571,train
45234,train
44661,train
29711,train
2741,train
38233,train
23410,train
28969,train
25308,train
18624,train
38600,train
2469,train
42268,train
43483,train
17909,train
30315,train
20501,train
32286,train
49662,train
43000,train
43271,train
12469,train
8891,train
27998,train
14155,train
10232,train
20284,train
38044,train
191,train
32456,train
49533,train
5607,train
17016,train
2081,train
41801,train
46748,train
48502,train
13033,train
21402,train
23934,train
33394,train
2593,train
3010,train
20664,train
5235,train
15030,train
6128,train
37804,train
1203,train
45039,train
12275,train
38516,train
45316,train
42300,train
18905,train
19167,train
33474,train
47153,train
12803,train
24268,train
14762,train
24231,train
19358,train
11539,train
28447,train
16264,train
19597,train
21630,train
1259,train
43128,train
5598,train
7507,train
34693,train
4518,train
16377,train
7980,train
17272,train
33639,train
7945,train
13428,train
38021,train
38345,train
1963,train
21548,train
6754,train
19424,train
37416,train
24339,train
26754,train
5801,train
41874,train
2462,train
42395,train
31159,train
34879,train
6124,train
25761,train
49029,train
49280,train
16314,train
46710,train
306,train
13505,train
31386,train
20589,train
35343,train
46245,train
40546,train
39218,train
3563,train
19798,train
40396,train
6298,train
49060,train
34420,train
4208,train
38561,train
5348,train
4228,train
28577,train
42377,train
5601,train
26255,train
48557,train
33715,train
910,train
14320,train
45891,train
35727,train
29062,train
11485,train
36342,train
4764,train
10707,train
13849,train
28080,train
43201,train
27438,train
18365,train
3938,train
47876,train
15584,train
4154,train
15432,train
9565,train
833,train
31200,train
19897,train
20328,train
23901,train
33018,train
13742,train
47530,train
36791,train
20091,train
45748,train
47460,train
15577,train
17284,train
37790,train
10748,train
43731,train
34161,train
38894,train
8008,train
30236,train
48002,train
15077,train
34753,train
47953,train
3580,train
601,train
45058,train
12331,train
10196,train
36882,train
24452,train
15142,train
24867,train
12510,train
39437,train
20281,train
1494,train
42709,train
6018,train
2441,train
31141,train
14822,train
1323,train
12650,train
8716,train
31654,train
46421,train
26601,train
193,train
878,train
14360,train
34265,train
47108,train
13760,train
16452,train
1496,train
40183,train
38526,train
38023,train
49736,train
21322,train
35879,train
28700,train
29485,train
49378,train
47833,train
33933,train
9186,train
40572,train
37621,train
10955,train
38639,train
11396,train
7009,train
12183,train
3748,train
45209,train
32638,train
9884,train
23657,train
36041,train
5948,train
31992,train
3410,train
19202,train
23518,train
48646,train
9943,train
26953,train
35384,train
18629,train
18695,train
40906,train
37569,train
2434,train
5547,train
18962,train
34427,train
10037,train
18039,train
23286,train
14394,train
10646,train
31760,train
33486,train
48589,train
22712,train
27168,train
42672,train
34901,train
42415,train
13725,train
8897,train
643,train
28257,train
37805,train
49954,train
28332,train
34899,train
635,train
2443,train
7333,train
1998,train
35440,train
22672,train
33586,train
48120,train
5502,train
45712,train
18965,train
12160,train
4177,train
18016,train
40009,train
12688,train
36303,train
17561,train
36175,train
1626,train
43933,train
10203,train
18152,train
11016,train
25141,train
23229,train
17263,train
47780,train
18734,train
2107,train
20920,train
42877,train
7023,train
2838,train
30792,train
21881,train
7511,train
38763,train
25951,train
35737,train
25002,train
16890,train
24756,train
14781,train
24580,train
14964,train
33756,train
28915,train
14078,train
36952,train
40848,train
9888,train
45144,train
46150,train
5332,train
28895,train
42645,train
33062,train
26199,train
26522,train
34590,train
22456,train
33386,train
19799,train
44076,train
15732,train
32264,train
21692,train
16511,train
32587,train
32858,train
41031,train
36379,train
3376,train
28907,train
33728,train
2658,train
36877,train
6353,train
44110,train
39890,train
46497,train
8714,train
2342,train
45978,train
14289,train
20665,train
21699,train
13007,train
41715,train
24738,train
40930,train
17417,train
25287,train
49146,train
47491,train
27763,train
36481,train
3879,train
22493,train
18312,train
7844,train
31034,train
19804,train
6260,train
3668,train
35626,train
41493,train
12968,train
22951,train
5781,train
2942,train
39186,train
27599,train
22643,train
25858,train
41546,train
45501,train
21901,train
15589,train
42038,train
17425,train
5354,train
28061,train
27370,train
714,train
13745,train
34751,train
22840,train
19150,train
42498,train
28716,train
41453,train
22518,train
13417,train
33408,train
16148,train
43172,train
15595,train
20000,train
32272,train
31985,train
13960,train
32472,train
1510,train
24293,train
33481,train
12220,train
48008,train
23998,train
29331,train
32959,train
18946,train
47343,train
15261,train
25481,train
28452,train
23438,train
6592,train
33281,train
10463,train
17907,train
34490,train
711,train
19721,train
42736,train
27403,train
29894,train
35832,train
36958,train
18787,train
43176,train
20640,train
20342,train
48306,train
25937,train
40397,train
933,train
8781,train
15015,train
26310,train
31964,train
31801,train
4950,train
32909,train
48413,train
23176,train
3144,train
19730,train
10101,train
43183,train
19004,train
5133,train
33160,train
49181,train
48196,train
41294,train
48929,train
43203,train
32778,train
26257,train
32422,train
19563,train
16983,train
23651,train
37268,train
9678,train
38293,train
17048,train
47160,train
3142,train
7589,train
21785,train
27814,train
44169,train
5066,train
11899,train
39386,train
19630,train
602,train
15992,train
26788,train
25449,train
5839,train
43002,train
30286,train
36551,train
37451,train
38426,train
5783,train
49174,train
43950,train
41775,train
43160,train
16288,train
44640,train
23992,train
33636,train
34437,train
7985,train
456,train
48141,train
40551,train
17494,train
40071,train
43550,train
31430,train
40218,train
3202,train
16230,train
5145,train
25048,train
3286,train
4066,train
17766,train
4339,train
26599,train
27982,train
10954,train
2965,train
15882,train
43356,train
34226,train
27176,train
25643,train
42678,train
20293,train
9977,train
4750,train
23575,train
43982,train
17177,train
34790,train
32775,train
5125,train
24502,train
1701,train
49634,train
48516,train
12134,train
19498,train
10097,train
44397,train
29626,train
48217,train
14156,train
12540,train
21264,train
35929,train
29829,train
46944,train
32583,train
25956,train
19824,train
10738,train
27156,train
39949,train
49894,train
43997,train
27209,train
24026,train
26097,train
28319,train
21609,train
9995,train
33099,train
22209,train
7192,train
9330,train
29645,train
21301,train
5671,train
26668,train
21377,train
43656,train
9613,train
48856,train
6853,train
41538,train
24265,train
35538,train
16346,train
42564,train
25215,train
35757,train
30169,train
26477,train
10796,train
22736,train
46053,train
2066,train
1177,train
46248,train
10313,train
18105,train
2620,train
25071,train
16153,train
16746,train
20795,train
45368,train
6002,train
4150,train
1607,train
37682,train
41589,train
1240,train
28136,train
22432,train
6361,train
892,train
42424,train
33675,train
36615,train
19442,train
5314,train
47710,train
40457,train
42058,train
24465,train
10893,train
15862,train
7934,train
43180,train
29705,train
5531,train
12440,train
13412,train
24614,train
27465,train
31774,train
13003,train
4626,train
14461,train
27960,train
10843,train
34401,train
1412,train
15064,train
10891,train
32180,train
47240,train
17058,train
32573,train
16685,train
21955,train
3312,train
20101,train
21711,train
16738,train
21718,train
35084,train
13106,train
35859,train
9983,train
23214,train
19802,train
22813,train
47743,train
6928,train
38495,train
2464,train
33807,train
38743,train
23921,train
29012,train
14711,train
3604,train
45747,train
30219,train
2686,train
7891,train
43589,train
15399,train
415,train
45604,train
7045,train
38307,train
35180,train
30424,train
40208,train
31464,train
31387,train
42560,train
36766,train
40094,train
11060,train
45485,train
4961,train
33412,train
34123,train
13722,train
8478,train
7696,train
14743,train
15433,train
20197,train
25575,train
28581,train
23403,train
48917,train
30539,train
39909,train
6300,train
17094,train
710,train
36146,train
1933,train
29204,train
12028,train
36490,train
47959,train
41606,train
12781,train
30062,train
8005,train
42376,train
33208,train
43093,train
5406,train
27469,train
10012,train
19504,train
31238,train
32915,train
24610,train
16367,train
1804,train
9375,train
45243,train
27002,train
2818,train
32705,train
39197,train
5452,train
15984,train
16155,train
3120,train
8449,train
41670,train
10079,train
41050,train
28196,train
47282,train
49566,train
9366,train
12765,train
19064,train
7413,train
37928,train
35000,train
41207,train
40171,train
16488,train
20348,train
31930,train
35154,train
43925,train
6281,train
26260,train
35971,train
47271,train
29192,train
24952,train
22496,train
39753,train
6505,train
8937,train
31831,train
6388,train
32174,train
14853,train
36004,train
22618,train
45107,train
20368,train
33257,train
17678,train
49301,train
14795,train
23372,train
45307,train
33673,train
49152,train
13020,train
6434,train
12456,train
12544,train
17802,train
5927,train
45567,train
30449,train
17165,train
12209,train
33854,train
16669,train
11258,train
2517,train
19111,train
17459,train
48735,train
6555,train
49040,train
20456,train
38281,train
26979,train
130,train
23761,train
31868,train
25517,train
2465,train
47143,train
24634,train
81,train
12553,train
42643,train
9527,train
9114,train
38000,train
14117,train
25642,train
19103,train
26819,train
9784,train
17326,train
21151,train
44935,train
16879,train
30195,train
44349,train
17499,train
33962,train
27468,train
21733,train
24175,train
43332,train
16254,train
38372,train
26134,train
23615,train
20007,train
37046,train
41304,train
37562,train
49516,train
47883,train
41172,train
48032,train
10571,train
26779,train
38545,train
31764,train
2275,train
3137,train
9843,train
38111,train
7074,train
8003,train
10592,train
17814,train
36094,train
22650,train
47576,train
3697,train
5070,train
8774,train
48131,train
1965,train
29802,train
9243,train
41481,train
7368,train
13791,train
27977,train
35711,train
9643,train
6618,train
41371,train
3689,train
48584,train
47865,train
36120,train
44002,train
44923,train
32833,train
8811,train
43114,train
21128,train
5910,train
7207,train
4293,train
42312,train
5714,train
40857,train
47825,train
22827,train
1013,train
20994,train
7209,train
19346,train
24419,train
11561,train
36434,train
44762,train
6722,train
16065,train
35534,train
18912,train
21240,train
27885,train
763,train
9352,train
11015,train
22302,train
24058,train
15791,train
14737,train
45150,train
39635,train
25021,train
32352,train
1919,train
31374,train
2378,train
16176,train
38176,train
13816,train
38223,train
44260,train
14067,train
3023,train
45208,train
35950,train
27136,train
34855,train
40164,train
31979,train
26007,train
22815,train
1917,train
36101,train
25902,train
49875,train
41829,train
19397,train
40992,train
33253,train
37332,train
22245,train
24439,train
11200,train
15017,train
9499,train
594,train
44551,train
22368,train
7982,train
6952,train
35356,train
34766,train
44116,train
10798,train
34196,train
20308,train
40823,train
10555,train
19569,train
35491,train
37986,train
40564,train
21900,train
22610,train
36239,train
20432,train
49264,train
49968,train
3392,train
3424,train
39059,train
31381,train
43302,train
7235,train
10106,train
21009,train
3437,train
21671,train
34229,train
13345,train
21188,train
17953,train
7157,train
44775,train
30791,train
45862,train
28084,train
48224,train
15869,train
47940,train
24039,train
16503,train
6877,train
23121,train
21894,train
13258,train
35027,train
38457,train
39272,train
48264,train
25925,train
798,train
22135,train
7241,train
37772,train
49879,train
45755,train
15811,train
3353,train
22631,train
9795,train
32215,train
39786,train
40519,train
1344,train
10471,train
32201,train
27037,train
17570,train
3334,train
22677,train
49346,train
39874,train
19248,train
4728,train
23412,train
21235,train
47484,train
8093,train
15826,train
47129,train
23610,train
26606,train
24366,train
41930,train
39163,train
22271,train
611,train
34521,train
7379,train
21527,train
33444,train
36683,train
27006,train
9758,train
8665,train
22225,train
42551,train
40360,train
18899,train
9002,train
7334,train
22298,train
11587,train
47148,train
16872,train
34989,train
16794,train
18538,train
27317,train
4747,train
8911,train
6452,train
38883,train
25214,train
18309,train
3117,train
10837,train
16525,train
34513,train
8843,train
49616,train
34507,train
11269,train
34037,train
45570,train
46417,train
39252,train
18284,train
16143,train
29084,train
13930,train
24901,train
38807,train
1083,train
49733,train
31245,train
3645,train
43577,train
7310,train
19689,train
4772,train
2571,train
34216,train
48604,train
40408,train
28774,train
5814,train
44405,train
45948,train
15782,train
776,train
12481,train
29761,train
37635,train
525,train
2283,train
8390,train
22293,train
42615,train
37668,train
527,train
40687,train
28504,train
26653,train
24037,train
35329,train
27797,train
40575,train
1382,train
24227,train
34608,train
6584,train
44353,train
37808,train
6467,train
6558,train
18523,train
4124,train
26616,train
25542,train
29551,train
7203,train
38969,train
39788,train
35976,train
41115,train
16292,train
39851,train
1760,train
45099,train
20194,train
18654,train
43579,train
30607,train
41899,train
48347,train
38937,train
17214,train
6436,train
44534,train
18088,train
43485,train
32172,train
30518,train
37580,train
23913,train
14505,train
37817,train
31897,train
6660,train
44335,train
49437,train
43884,train
24016,train
36158,train
43946,train
24591,train
10420,train
25471,train
12101,train
49641,train
40566,train
45461,train
21196,train
45611,train
11575,train
36502,train
30621,train
13304,train
47605,train
24671,train
34628,train
30692,train
38401,train
4682,train
44300,train
16222,train
15557,train
48460,train
3634,train
13901,train
2885,train
13923,train
9281,train
35599,train
34617,train
43871,train
21086,train
26604,train
45252,train
19940,train
26568,train
29000,train
17208,train
5913,train
2134,train
26764,train
29236,train
13445,train
7881,train
41559,train
38133,train
16868,train
33835,train
16907,train
28652,train
14898,train
47480,train
18171,train
16454,train
48729,train
2058,train
17374,train
41678,train
19872,train
35321,train
39022,train
13339,train
21288,train
33882,train
39130,train
190,train
30054,train
49385,train
32594,train
4527,train
20773,train
23802,train
10551,train
26090,train
25019,train
7282,train
4775,train
9285,train
6500,train
39971,train
24258,train
40350,train
34080,train
27333,train
29476,train
42837,train
10969,train
8499,train
33017,train
30227,train
3422,train
44990,train
31089,train
10706,train
4788,train
3459,train
26192,train
34863,train
20120,train
15328,train
4857,train
32355,train
7234,train
8964,train
34589,train
21183,train
27234,train
46218,train
40903,train
25804,train
630,train
35884,train
43714,train
48201,train
14738,train
11842,train
33377,train
47686,train
43447,train
31353,train
501,train
13844,train
44327,train
29589,train
38585,train
12158,train
24342,train
20830,train
10296,train
19083,train
26406,train
11998,train
25831,train
47084,train
37694,train
45502,train
47043,train
14810,train
6170,train
15615,train
40158,train
17027,train
25636,train
48100,train
45578,train
42380,train
41836,train
18217,train
15302,train
45801,train
20911,train
5911,train
12264,train
33949,train
30182,train
8631,train
3883,train
3562,train
30836,train
45361,train
8396,train
46757,train
4468,train
33808,train
44779,train
41584,train
22338,train
33519,train
16913,train
35543,train
20495,train
13958,train
49303,train
24964,train
13934,train
32723,train
46293,train
37496,train
37770,train
3128,train
9911,train
49133,train
17692,train
38712,train
2053,train
45870,train
9089,train
2204,train
16008,train
9718,train
16629,train
40394,train
571,train
49499,train
5920,train
15220,train
24437,train
35920,train
16775,train
42282,train
45378,train
22367,train
45419,train
312,train
4143,train
11750,train
24450,train
44711,train
35232,train
25040,train
43850,train
25241,train
36554,train
896,train
39919,train
2505,train
38722,train
41317,train
31152,train
37214,train
22508,train
9146,train
26099,train
1211,train
21536,train
31910,train
37149,train
3908,train
37814,train
11908,train
22911,train
12426,train
28684,train
34287,train
12515,train
39133,train
43269,train
39754,train
3411,train
19921,train
2292,train
14979,train
22131,train
6011,train
14601,train
18001,train
42718,train
4582,train
16077,train
33872,train
18726,train
46283,train
444,train
22014,train
29195,train
17072,train
3016,train
47926,train
33651,train
18618,train
29475,train
21173,train
44885,train
26036,train
47079,train
43490,train
2144,train
16199,train
45499,train
30108,train
49630,train
28888,train
29518,train
34685,train
8446,train
458,train
18496,train
30682,train
44747,train
46302,train
30258,train
21272,train
755,train
26594,train
48560,train
22875,train
15131,train
41720,train
4791,train
37241,train
12579,train
9008,train
8384,train
27800,train
15100,train
47789,train
17079,train
49431,train
38784,train
2622,train
29375,train
44862,train
17033,train
39317,train
22202,train
43493,train
44171,train
4407,train
9047,train
15286,train
13195,train
13419,train
3089,train
11695,train
24560,train
25305,train
17309,train
18719,train
8561,train
523,train
40665,train
20550,train
33141,train
10096,train
3661,train
16091,train
47224,train
29026,train
42721,train
7066,train
20774,train
37479,train
32630,train
25577,train
8315,train
42503,train
11526,train
14991,train
8864,train
5963,train
19414,train
39095,train
14634,train
2320,train
40387,train
29740,train
27930,train
27642,train
36777,train
48542,train
3888,train
12766,train
22603,train
14983,train
5396,train
12704,train
24768,train
48248,train
41592,train
15559,train
33958,train
42326,train
6162,train
6155,train
39885,train
7799,train
13347,train
17357,train
15851,train
27532,train
36230,train
22039,train
23743,train
38697,train
10105,train
32615,train
11427,train
34764,train
34502,train
1245,train
19288,train
32481,train
21360,train
10390,train
41653,train
6470,train
13900,train
39182,train
4324,train
44998,train
2404,train
28154,train
11449,train
44396,train
26210,train
27623,train
8753,train
37634,train
41590,train
14624,train
32837,train
4659,train
23127,train
32812,train
12453,train
625,train
45928,train
13240,train
17375,train
37530,train
23171,train
3305,train
27170,train
14809,train
17755,train
23507,train
22446,train
41958,train
49618,train
28409,train
10696,train
28648,train
12299,train
48954,train
16929,train
7393,train
5685,train
3932,train
42766,train
37381,train
15150,train
4673,train
1091,train
14514,train
23984,train
28245,train
18828,train
12706,train
45323,train
45926,train
37146,train
43974,train
15634,train
32571,train
7702,train
19025,train
49173,train
14008,train
6093,train
42533,train
2895,train
13984,train
46220,train
49685,train
40232,train
40344,train
24166,train
8394,train
5197,train
13457,train
13090,train
15889,train
22212,train
9837,train
2716,train
23083,train
6947,train
46064,train
19034,train
2205,train
43337,train
44294,train
20884,train
41594,train
12303,train
11553,train
42852,train
11364,train
27829,train
15612,train
46391,train
35497,train
43024,train
24659,train
48680,train
28539,train
20077,train
8538,train
5478,train
3454,train
2336,train
24387,train
40205,train
27331,train
27458,train
38108,train
23517,train
5015,train
35680,train
37510,train
41080,train
25946,train
49340,train
12247,train
39721,train
20832,train
167,train
6985,train
30458,train
43028,train
5265,train
47928,train
11762,train
33054,train
16462,train
30761,train
5324,train
10526,train
29857,train
43917,train
38911,train
206,train
7893,train
36028,train
38032,train
3973,train
21972,train
37356,train
38582,train
1515,train
45040,train
47094,train
27608,train
19751,train
23183,train
26326,train
40696,train
8902,train
37540,train
4028,train
23922,train
27247,train
15204,train
18555,train
398,train
29061,train
12748,train
741,train
44372,train
23970,train
29347,train
17902,train
3417,train
39435,train
1832,train
38610,train
34458,train
8355,train
13402,train
7441,train
17510,train
38583,train
31901,train
49491,train
13586,train
31394,train
41783,train
13587,train
23520,train
2840,train
29190,train
25742,train
16700,train
10090,train
41586,train
38548,train
20628,train
29748,train
35277,train
21120,train
1011,train
5992,train
35219,train
18236,train
16325,train
5823,train
0,train
22786,train
27792,train
22268,train
18522,train
32089,train
41659,train
28135,train
38227,train
6811,train
44191,train
22169,train
15831,train
49262,train
18135,train
45236,train
18692,train
19384,train
27087,train
20177,train
19164,train
4315,train
26495,train
7781,train
12750,train
48393,train
12165,train
9279,train
29324,train
5864,train
30306,train
7613,train
40645,train
28207,train
25427,train
871,train
2814,train
46789,train
49869,train
13978,train
22273,train
16878,train
24012,train
49653,train
46136,train
27780,train
17741,train
36865,train
15244,train
23129,train
48538,train
24612,train
25926,train
26520,train
36036,train
40082,train
37885,train
40455,train
23752,train
1042,train
12861,train
39631,train
22637,train
46734,train
24449,train
35869,train
4192,train
42473,train
39151,train
25510,train
18158,train
3002,train
18700,train
22208,train
10523,train
48337,train
32317,train
30688,train
19360,train
43846,train
21482,train
6675,train
21170,train
11863,train
36150,train
44681,train
20821,train
7795,train
35622,train
12184,train
15813,train
44097,train
22140,train
6991,train
2354,train
20325,train
42138,train
27939,train
18273,train
45174,train
2041,train
23903,train
7391,train
34994,train
2240,train
19847,train
15627,train
32581,train
31120,train
42593,train
23808,train
3513,train
35785,train
40810,train
33723,train
29584,train
35512,train
34860,train
8280,train
40829,train
1718,train
47024,train
19336,train
26972,train
15476,train
8418,train
38840,train
15911,train
34294,train
30887,train
12783,train
2254,train
14874,train
2390,train
27799,train
30009,train
22226,train
12852,train
3056,train
19105,train
20759,train
468,train
34353,train
38520,train
6108,train
29644,train
49545,train
19625,train
27971,train
24306,train
10661,train
27200,train
38707,train
29298,train
12033,train
32379,train
12197,train
38888,train
49633,train
16732,train
34088,train
42947,train
18659,train
34981,train
34896,train
35817,train
36194,train
44580,train
34979,train
21124,train
3164,train
18995,train
44948,train
46787,train
18422,train
37764,train
38173,train
46705,train
16578,train
49994,train
7605,train
40744,train
49795,train
47242,train
27920,train
11616,train
45856,train
14303,train
31961,train
29873,train
9464,train
45650,train
20769,train
12236,train
48396,train
26658,train
41543,train
47664,train
25897,train
2124,train
11728,train
8209,train
21792,train
37653,train
35105,train
32177,train
12951,train
18455,train
40421,train
36460,train
12195,train
36976,train
5134,train
47281,train
1926,train
32507,train
42875,train
4395,train
5182,train
15794,train
9535,train
26119,train
29006,train
11232,train
2638,train
18913,train
7091,train
36404,train
42529,train
33562,train
42906,train
44631,train
11399,train
26268,train
238,train
5507,train
34480,train
25907,train
1603,train
30967,train
25218,train
33938,train
46088,train
22463,train
21812,train
32213,train
28169,train
6156,train
38375,train
14111,train
8409,train
26066,train
37395,train
4730,train
23062,train
36000,train
6202,train
27066,train
12246,train
48756,train
2696,train
1854,train
21643,train
5294,train
43841,train
37483,train
7875,train
34346,train
38217,train
42574,train
18841,train
1614,train
18085,train
33157,train
32683,train
42077,train
2132,train
47206,train
20732,train
20538,train
29743,train
14070,train
29327,train
21118,train
1750,train
41534,train
26614,train
11415,train
45848,train
48489,train
11125,train
45020,train
36767,train
25411,train
15462,train
1687,train
41633,train
15054,train
49764,train
1441,train
4220,train
18032,train
41816,train
35703,train
38648,train
14764,train
25893,train
39275,train
41750,train
2711,train
44872,train
31475,train
27348,train
11081,train
43245,train
46037,train
20315,train
26647,train
23359,train
3569,train
21307,train
22629,train
38377,train
48953,train
19975,train
38228,train
18788,train
23118,train
21887,train
43650,train
41162,train
6401,train
21575,train
35430,train
29075,train
40793,train
16257,train
39606,train
29386,train
48872,train
21844,train
25942,train
42351,train
14749,train
10823,train
30033,train
49628,train
5564,train
15545,train
41462,train
3187,train
13599,train
44583,train
1888,train
427,train
37034,train
9579,train
37836,train
6023,train
29348,train
8060,train
25420,train
45429,train
36192,train
16031,train
38152,train
36425,train
17271,train
4625,train
7802,train
42968,train
8062,train
36060,train
20011,train
41200,train
41000,train
26642,train
441,train
42948,train
36118,train
49222,train
15623,train
30658,train
33367,train
13995,train
42457,train
11338,train
15089,train
49010,train
27932,train
836,train
5908,train
17810,train
33888,train
32025,train
44387,train
27161,train
38616,train
17182,train
30109,train
37786,train
13781,train
5293,train
33306,train
5889,train
5513,train
14381,train
34145,train
38216,train
4617,train
15534,train
17959,train
42985,train
24420,train
19723,train
12867,train
17638,train
21835,train
24542,train
49532,train
30922,train
1405,train
23739,train
17245,train
18145,train
7577,train
41916,train
26828,train
11699,train
5779,train
44099,train
8500,train
30713,train
34607,train
11104,train
23179,train
4592,train
38675,train
65,train
39905,train
4598,train
16499,train
24451,train
42086,train
18048,train
27017,train
31101,train
46630,train
18881,train
31300,train
41948,train
13318,train
26234,train
17528,train
42569,train
29736,train
13969,train
24947,train
16560,train
27786,train
39954,train
13606,train
41855,train
35042,train
37579,train
636,train
22675,train
36938,train
42698,train
7792,train
24724,train
30533,train
44051,train
12500,train
2130,train
43105,train
26533,train
15789,train
46758,train
24261,train
33725,train
16988,train
46864,train
34778,train
49511,train
27727,train
6024,train
13484,train
48081,train
10341,train
12800,train
6715,train
26537,train
43473,train
22513,train
9556,train
22597,train
16318,train
44620,train
39994,train
6833,train
37360,train
28140,train
46144,train
31303,train
16958,train
25298,train
19302,train
47230,train
40347,train
24885,train
35705,train
31027,train
48280,train
11329,train
30838,train
31161,train
17401,train
18162,train
48365,train
15110,train
27914,train
27172,train
17853,train
4838,train
39353,train
35867,train
36549,train
42474,train
42961,train
44180,train
24936,train
46389,train
35286,train
35043,train
20671,train
20857,train
44679,train
28953,train
42704,train
32031,train
44232,train
8829,train
23865,train
539,train
17387,train
23382,train
20285,train
13997,train
36812,train
9604,train
39533,train
33696,train
7475,train
35255,train
46839,train
27157,train
30690,train
30244,train
30532,train
11557,train
4385,train
42486,train
7308,train
1075,train
49917,train
18531,train
175,train
23314,train
17264,train
8938,train
43344,train
25754,train
21991,train
12407,train
25882,train
3331,train
25197,train
4106,train
8168,train
17919,train
47522,train
27121,train
39227,train
19166,train
28347,train
15730,train
26666,train
31842,train
27369,train
25372,train
23840,train
43326,train
35274,train
34198,train
19438,train
3159,train
34992,train
18580,train
44462,train
39554,train
34657,train
16550,train
25885,train
39365,train
47124,train
31256,train
44293,train
37080,train
14302,train
31226,train
8467,train
8866,train
47597,train
10674,train
48638,train
13819,train
25246,train
44770,train
25911,train
10310,train
35107,train
31791,train
20889,train
2380,train
14596,train
42671,train
40070,train
9353,train
19367,train
6325,train
46103,train
9196,train
15319,train
21179,train
21963,train
1502,train
13579,train
32137,train
29444,train
12744,train
31632,train
29984,train
9898,train
47217,train
38481,train
24694,train
39827,train
1455,train
48242,train
38692,train
47041,train
8554,train
36550,train
37001,train
12745,train
11128,train
2909,train
17531,train
20991,train
29537,train
5091,train
20690,train
25549,train
45191,train
30116,train
19638,train
24860,train
43277,train
37132,train
4040,train
43860,train
35174,train
19524,train
20058,train
31170,train
491,train
24538,train
36218,train
33665,train
48650,train
23671,train
25724,train
34456,train
48558,train
16889,train
34902,train
38534,train
2693,train
9830,train
30127,train
23047,train
42397,train
49420,train
20487,train
26970,train
4561,train
10826,train
31319,train
23021,train
20080,train
47829,train
33601,train
39493,train
39283,train
2338,train
26128,train
28817,train
31157,train
6775,train
25319,train
3809,train
29145,train
14401,train
21562,train
12584,train
6601,train
13169,train
34209,train
36319,train
36881,train
7983,train
19280,train
3003,train
39479,train
28353,train
2608,train
46029,train
41422,train
1366,train
9554,train
10942,train
11635,train
18621,train
24189,train
29040,train
45735,train
18113,train
14025,train
9515,train
5543,train
27187,train
26528,train
49428,train
10910,train
23867,train
5004,train
19342,train
4403,train
16283,train
34700,train
38344,train
12670,train
7630,train
18427,train
24116,train
10194,train
34047,train
46700,train
24276,train
14028,train
15123,train
18627,train
5664,train
47031,train
41639,train
49826,train
49475,train
30684,train
13565,train
2918,train
39080,train
18139,train
13919,train
26124,train
12651,train
33244,train
47740,train
21940,train
20954,train
24072,train
11789,train
20839,train
28968,train
32290,train
153,train
10539,train
2367,train
41675,train
42528,train
22656,train
45873,train
26033,train
589,train
47786,train
23149,train
9470,train
6678,train
6639,train
34118,train
45742,train
45115,train
2398,train
13974,train
16671,train
23178,train
21271,train
41268,train
5052,train
33635,train
31714,train
15774,train
31984,train
2929,train
47498,train
3295,train
23727,train
17957,train
13705,train
22375,train
25433,train
13660,train
1228,train
26800,train
3230,train
21553,train
7941,train
33542,train
34096,train
47901,train
19547,train
11739,train
21834,train
9095,train
5470,train
46485,train
29517,train
40711,train
21931,train
25078,train
27652,train
24736,train
41798,train
3910,train
18281,train
40247,train
37585,train
37196,train
8803,train
13717,train
44989,train
47235,train
1966,train
35882,train
5274,train
34761,train
39477,train
4915,train
39338,train
6799,train
4572,train
26888,train
22568,train
44743,train
39534,train
19924,train
28697,train
30059,train
6136,train
769,train
30374,train
46870,train
30580,train
21704,train
49069,train
34218,train
10229,train
24907,train
39945,train
16650,train
40690,train
11229,train
13127,train
1579,train
46116,train
5195,train
7269,train
44063,train
6628,train
38211,train
19085,train
30807,train
29011,train
29821,train
24010,train
7892,train
30047,train
34545,train
28437,train
32360,train
32106,train
9631,train
40204,train
25656,train
39172,train
32737,train
14358,train
35284,train
21975,train
41427,train
8452,train
21028,train
28869,train
33769,train
33202,train
12788,train
13665,train
7824,train
35764,train
23234,train
5632,train
6113,train
44256,train
10987,train
2192,train
40061,train
11291,train
31437,train
3590,train
49916,train
3848,train
39832,train
24203,train
33085,train
1487,train
29412,train
41504,train
38245,train
27173,train
4329,train
3018,train
46532,train
5949,train
7776,train
559,train
21034,train
16175,train
2090,train
29562,train
6206,train
9551,train
20648,train
15737,train
14205,train
8940,train
10596,train
30190,train
27222,train
33717,train
3354,train
48190,train
17179,train
26461,train
24209,train
38971,train
186,train
32438,train
6197,train
14364,train
36108,train
47609,train
21983,train
39105,train
27762,train
33841,train
30434,train
38103,train
30203,train
49710,train
42613,train
45319,train
30591,train
16866,train
36315,train
6509,train
3642,train
20562,train
2372,train
25552,train
43896,train
21039,train
47388,train
11113,train
36092,train
11904,train
33754,train
41438,train
8498,train
46723,train
40229,train
39789,train
40759,train
18051,train
13357,train
29827,train
13619,train
6767,train
9213,train
8795,train
17522,train
43021,train
39035,train
4876,train
36630,train
17788,train
48786,train
47366,train
35740,train
45598,train
40520,train
24687,train
25881,train
4087,train
14339,train
20692,train
14823,train
4162,train
28024,train
35581,train
2308,train
4536,train
9939,train
1409,train
46981,train
43370,train
46098,train
44738,train
45049,train
15624,train
24213,train
19378,train
37235,train
23694,train
43200,train
3085,train
16514,train
40357,train
43676,train
25731,train
8193,train
44771,train
24678,train
16323,train
95,train
28,train
11521,train
24630,train
41404,train
9446,train
15350,train
17819,train
35905,train
15841,train
25081,train
6151,train
46596,train
21620,train
1814,train
42004,train
45886,train
8901,train
25983,train
47417,train
36828,train
48359,train
37131,train
43278,train
37745,train
40504,train
41654,train
42988,train
1557,train
8775,train
35437,train
12084,train
1215,train
44007,train
42558,train
12436,train
37047,train
461,train
44980,train
8779,train
13632,train
6996,train
27499,train
41412,train
12601,train
7517,train
47390,train
38423,train
45002,train
4802,train
16649,train
2216,train
43618,train
777,train
25405,train
33327,train
20849,train
9410,train
32956,train
12804,train
9698,train
29993,train
27295,train
9211,train
24299,train
6679,train
34574,train
6598,train
21241,train
33452,train
8717,train
22718,train
7549,train
48250,train
2644,train
36349,train
37363,train
32796,train
25888,train
37073,train
6545,train
26422,train
1302,train
39053,train
41143,train
34598,train
4761,train
46453,train
26621,train
23194,train
21850,train
37412,train
87,train
47858,train
21626,train
49421,train
19454,train
44186,train
33492,train
40927,train
48949,train
16042,train
3210,train
37675,train
3480,train
43253,train
22867,train
2300,train
46481,train
9199,train
47612,train
28477,train
33559,train
33292,train
9110,train
31929,train
38277,train
27167,train
45930,train
37144,train
45154,train
45758,train
12918,train
16937,train
23688,train
40016,train
19148,train
44389,train
20772,train
36505,train
33254,train
19190,train
13147,train
3122,train
32761,train
27153,train
31084,train
29127,train
8184,train
35193,train
4905,train
9740,train
22800,train
19451,train
40601,train
19747,train
26573,train
42955,train
10144,train
37752,train
10926,train
2473,train
39253,train
37910,train
41418,train
1534,train
7331,train
32887,train
3222,train
23958,train
22254,train
10276,train
31457,train
20379,train
33043,train
15548,train
7977,train
783,train
17112,train
41055,train
16368,train
16615,train
6086,train
34310,train
32192,train
17504,train
4010,train
898,train
6816,train
23145,train
38803,train
30308,train
44706,train
13379,train
37237,train
22595,train
13109,train
46720,train
14741,train
20968,train
26498,train
17031,train
49088,train
41645,train
39259,train
28887,train
25503,train
41551,train
17571,train
26608,train
47905,train
17552,train
14560,train
20948,train
9606,train
44156,train
1609,train
45440,train
15134,train
42899,train
39547,train
13861,train
18728,train
44042,train
18458,train
32423,train
38415,train
10488,train
7812,train
40531,train
38842,train
36137,train
39871,train
9311,train
44528,train
450,train
30230,train
2972,train
28735,train
42644,train
9092,train
42134,train
34084,train
33877,train
17198,train
17982,train
2373,train
18991,train
30911,train
17437,train
23312,train
27941,train
23741,train
32263,train
30372,train
8878,train
17013,train
40897,train
8766,train
45780,train
15072,train
26938,train
6826,train
44265,train
31227,train
13836,train
35885,train
14149,train
49414,train
8104,train
3452,train
16085,train
45593,train
15847,train
22290,train
44069,train
29636,train
26673,train
42685,train
39917,train
26330,train
1813,train
23463,train
36518,train
3072,train
21631,train
29801,train
16002,train
19995,train
13206,train
18398,train
11480,train
5351,train
31176,train
12107,train
24784,train
1467,train
46987,train
2029,train
39611,train
31954,train
36853,train
26966,train
26147,train
49503,train
17956,train
9583,train
24142,train
2474,train
36250,train
18482,train
21227,train
583,train
28108,train
38541,train
14194,train
27717,train
39378,train
46023,train
29449,train
41306,train
39816,train
49417,train
49561,train
39686,train
20676,train
40049,train
35886,train
20118,train
9221,train
6447,train
22051,train
5945,train
26574,train
36408,train
43929,train
25,train
12627,train
1906,train
13535,train
44548,train
46400,train
12991,train
42826,train
43788,train
16025,train
43099,train
22614,train
38717,train
42836,train
33694,train
28523,train
11212,train
22715,train
29370,train
2749,train
34254,train
37340,train
31653,train
19573,train
38362,train
4090,train
24726,train
30755,train
42550,train
6884,train
26024,train
32807,train
35968,train
7899,train
42284,train
28031,train
19352,train
14526,train
3832,train
47221,train
17,train
20249,train
10976,train
35340,train
23930,train
37036,train
5157,train
49657,train
23637,train
45645,train
23325,train
5951,train
2128,train
4365,train
23111,train
38105,train
22469,train
9601,train
31978,train
37878,train
39161,train
7993,train
22112,train
33348,train
17278,train
14228,train
31732,train
47012,train
36762,train
45068,train
24949,train
42595,train
18199,train
32564,train
2461,train
14371,train
36850,train
33574,train
38501,train
5211,train
28280,train
982,train
28541,train
21110,train
31250,train
43453,train
37206,train
27898,train
24930,train
2873,train
48450,train
31082,train
32326,train
39507,train
22708,train
3704,train
3240,train
8644,train
21986,train
22636,train
628,train
29734,train
49763,train
17945,train
10269,train
22089,train
49682,train
12879,train
33851,train
48765,train
17806,train
1049,train
10675,train
40329,train
43327,train
45333,train
15672,train
32224,train
44422,train
19456,train
29378,train
2463,train
20754,train
7272,train
35811,train
40500,train
49559,train
1843,train
23846,train
25883,train
34054,train
15415,train
18784,train
19467,train
2985,train
11841,train
39472,train
19743,train
33128,train
44301,train
21533,train
14789,train
23478,train
7026,train
14866,train
46066,train
1345,train
45543,train
4351,train
34613,train
41704,train
7716,train
22997,train
17687,train
46994,train
3713,train
2854,train
20462,train
5919,train
2588,train
6009,train
39596,train
8212,train
1281,train
33776,train
28058,train
38221,train
13276,train
21001,train
10245,train
23218,train
40909,train
3427,train
47139,train
4444,train
49240,train
31727,train
4156,train
48285,train
34303,train
22391,train
5655,train
40059,train
1762,train
17317,train
30271,train
38919,train
27478,train
10624,train
28768,train
34786,train
33266,train
33996,train
40392,train
16884,train
6926,train
3433,train
42797,train
12947,train
20899,train
7154,train
7395,train
884,train
23031,train
47279,train
22909,train
39155,train
395,train
21339,train
45739,train
42430,train
10686,train
21845,train
18501,train
34375,train
26983,train
42335,train
16250,train
49978,train
23217,train
29225,train
26261,train
4672,train
28605,train
47427,train
23516,train
44645,train
43345,train
12211,train
7013,train
18887,train
2950,train
31649,train
13029,train
36423,train
14335,train
38605,train
37627,train
32726,train
8813,train
49166,train
26913,train
18956,train
47102,train
45908,train
38455,train
36623,train
16785,train
16039,train
48022,train
37411,train
41934,train
15339,train
47580,train
14940,train
31273,train
34099,train
18420,train
21956,train
38590,train
10794,train
11035,train
5720,train
34654,train
37035,train
21036,train
31841,train
13654,train
35354,train
5096,train
47082,train
1735,train
31478,train
35091,train
16728,train
3262,train
27729,train
31994,train
31977,train
25137,train
3109,train
32639,train
16493,train
30537,train
11252,train
29367,train
16293,train
33642,train
4661,train
39895,train
32773,train
48091,train
29928,train
2954,train
17511,train
14740,train
19214,train
35140,train
40098,train
13309,train
39276,train
48417,train
20196,train
45193,train
32947,train
39279,train
11037,train
44003,train
32652,train
13099,train
36691,train
24959,train
29133,train
20646,train
40511,train
47788,train
8080,train
20918,train
34515,train
31145,train
13310,train
7849,train
23568,train
28810,train
42549,train
8076,train
16287,train
29019,train
39784,train
4159,train
46866,train
13792,train
27582,train
1372,train
34872,train
13336,train
12060,train
32709,train
26592,train
36918,train
3824,train
47197,train
31739,train
17074,train
3926,train
43059,train
37955,train
7939,train
5597,train
38329,train
34722,train
35052,train
32163,train
49639,train
20245,train
36288,train
17770,train
44916,train
32645,train
22277,train
44992,train
31769,train
40976,train
19803,train
34682,train
9148,train
23350,train
34743,train
46551,train
41215,train
36810,train
33803,train
10321,train
28370,train
33435,train
33908,train
16363,train
13448,train
19203,train
34396,train
25250,train
20502,train
30057,train
8375,train
19560,train
46796,train
19284,train
39325,train
32699,train
42368,train
27259,train
30093,train
8208,train
14657,train
11983,train
25129,train
25812,train
2610,train
46484,train
49915,train
31981,train
1082,train
5581,train
3040,train
35288,train
42336,train
29415,train
42378,train
24458,train
24779,train
29669,train
17849,train
48865,train
10854,train
45577,train
16542,train
26436,train
31597,train
8244,train
24983,train
16140,train
15509,train
44618,train
46941,train
27892,train
37367,train
39424,train
6046,train
16376,train
22689,train
44908,train
30122,train
37902,train
24803,train
11366,train
34017,train
24934,train
11689,train
26343,train
14721,train
32986,train
34705,train
48338,train
30162,train
48237,train
29042,train
3835,train
17319,train
49309,train
8563,train
5010,train
48119,train
8772,train
40552,train
6326,train
48524,train
11091,train
17267,train
18516,train
11542,train
45449,train
29597,train
9501,train
38258,train
4249,train
5169,train
12616,train
31817,train
22360,train
16757,train
20018,train
4918,train
21760,train
15294,train
17083,train
31973,train
9693,train
2371,train
3986,train
34667,train
16258,train
11707,train
16911,train
6856,train
12695,train
35012,train
29453,train
49706,train
38353,train
11617,train
29031,train
27283,train
27773,train
27155,train
48764,train
42092,train
24975,train
47428,train
12392,train
31407,train
19978,train
1201,train
8451,train
9659,train
336,train
25680,train
32501,train
48341,train
31952,train
26704,train
46584,train
39647,train
4267,train
6980,train
44894,train
16690,train
18909,train
42042,train
33020,train
10749,train
2392,train
43165,train
38267,train
40192,train
36289,train
22260,train
17290,train
11624,train
33953,train
10848,train
16484,train
5449,train
40085,train
32118,train
8905,train
1895,train
10491,train
12268,train
4160,train
27085,train
7734,train
29770,train
13039,train
22480,train
5475,train
38760,train
34191,train
5203,train
660,train
23339,train
5739,train
21445,train
42758,train
37492,train
38041,train
41471,train
31158,train
38999,train
36535,train
2094,train
43700,train
25813,train
9821,train
38304,train
32548,train
38073,train
20254,train
16790,train
21639,train
40410,train
34827,train
12321,train
38389,train
46756,train
20162,train
4330,train
25255,train
47298,train
43125,train
21917,train
7079,train
48050,train
33207,train
1681,train
39608,train
1015,train
19866,train
2259,train
11670,train
26349,train
13410,train
11074,train
39834,train
13380,train
1882,train
44839,train
42174,train
5609,train
4537,train
18394,train
41953,train
7350,train
49701,train
49092,train
2335,train
40458,train
42903,train
17936,train
13686,train
23596,train
29825,train
32642,train
43364,train
658,train
16029,train
2784,train
32664,train
39668,train
10131,train
47300,train
25838,train
36396,train
43820,train
5688,train
29817,train
3706,train
36775,train
46774,train
15802,train
2923,train
10990,train
29553,train
15892,train
20215,train
44446,train
18583,train
5883,train
48018,train
42097,train
30668,train
13025,train
41614,train
23965,train
40789,train
12315,train
12629,train
27918,train
2442,train
18867,train
8854,train
2485,train
25259,train
28559,train
26296,train
42827,train
43522,train
22133,train
20793,train
169,train
24349,train
18642,train
39867,train
33991,train
46824,train
36419,train
23355,train
6594,train
23011,train
45571,train
45694,train
25778,train
12185,train
12886,train
10193,train
27300,train
47201,train
44987,train
34704,train
24096,train
18984,train
21223,train
14209,train
4012,train
39581,train
49605,train
34857,train
6783,train
11835,train
19479,train
21974,train
37086,train
28556,train
23542,train
15543,train
39242,train
21827,train
7766,train
31271,train
28471,train
38799,train
36703,train
26912,train
28963,train
17533,train
10737,train
2940,train
38744,train
18186,train
15866,train
17572,train
10010,train
39057,train
4096,train
37661,train
18050,train
42987,train
28902,train
37183,train
15325,train
13194,train
390,train
34409,train
31815,train
13227,train
19699,train
2710,train
25293,train
42652,train
10845,train
35762,train
11222,train
3434,train
23335,train
47654,train
22468,train
41694,train
47473,train
10888,train
41636,train
10728,train
22437,train
36748,train
11794,train
3398,train
38148,train
5691,train
23143,train
10568,train
9383,train
8960,train
14995,train
14167,train
35733,train
43181,train
32087,train
39420,train
38009,train
47215,train
6761,train
33706,train
21808,train
42093,train
9706,train
30089,train
1306,train
1163,train
22124,train
49792,train
8358,train
40614,train
13131,train
31426,train
23674,train
22739,train
37049,train
37598,train
46467,train
16660,train
42271,train
4131,train
40179,train
40543,train
32561,train
41536,train
10146,train
13015,train
40151,train
19926,train
9956,train
26587,train
5426,train
40547,train
44034,train
17555,train
37223,train
4503,train
47702,train
37899,train
16933,train
11672,train
6323,train
39702,train
30371,train
28211,train
37719,train
44758,train
8197,train
24181,train
44320,train
4038,train
19385,train
8334,train
39739,train
39043,train
23160,train
2399,train
311,train
33335,train
37161,train
5336,train
43585,train
45601,train
6444,train
2337,train
23110,train
16347,train
27197,train
34877,train
43091,train
22054,train
26307,train
26671,train
19960,train
12272,train
3603,train
23190,train
44273,train
12707,train
21596,train
18795,train
22653,train
2038,train
6781,train
12830,train
15981,train
45198,train
5341,train
21082,train
44654,train
8023,train
31165,train
14089,train
33525,train
36949,train
41339,train
43994,train
6052,train
42417,train
23494,train
39285,train
2139,train
4665,train
46352,train
10413,train
32722,train
48319,train
5749,train
27725,train
23644,train
41689,train
42866,train
33832,train
38924,train
5400,train
3298,train
7006,train
18957,train
41025,train
46775,train
21800,train
16268,train
41140,train
9600,train
14080,train
19372,train
38209,train
48184,train
32390,train
27481,train
26825,train
17400,train
44778,train
23718,train
20517,train
27255,train
37655,train
42026,train
18585,train
31937,train
32072,train
48619,train
5196,train
19520,train
16123,train
3478,train
37630,train
9909,train
27713,train
40631,train
30758,train
22992,train
24935,train
442,train
24034,train
26443,train
6092,train
47869,train
34462,train
2602,train
28372,train
37763,train
41107,train
21373,train
47402,train
5785,train
30249,train
11896,train
29328,train
6904,train
35033,train
34597,train
880,train
20730,train
5416,train
20970,train
19089,train
18611,train
33303,train
36873,train
36330,train
33351,train
719,train
4211,train
12556,train
43849,train
3138,train
44019,train
39404,train
25879,train
41627,train
29078,train
31142,train
41402,train
27534,train
46537,train
41628,train
33304,train
111,train
1423,train
32882,train
21305,train
44903,train
41660,train
23995,train
11289,train
10449,train
7124,train
42285,train
13554,train
40109,train
30280,train
32139,train
15713,train
6453,train
19972,train
32312,train
1697,train
43392,train
31345,train
25223,train
16384,train
4078,train
36135,train
15027,train
1530,train
16389,train
24593,train
7890,train
42541,train
41974,train
8326,train
20658,train
49026,train
28691,train
46177,train
3407,train
33265,train
26818,train
11155,train
19835,train
19019,train
23032,train
30904,train
26926,train
28267,train
30535,train
11180,train
26954,train
38908,train
33313,train
41909,train
1333,train
24618,train
17855,train
20838,train
24842,train
12503,train
39017,train
26879,train
44163,train
32895,train
20586,train
35113,train
41096,train
23821,train
37137,train
49129,train
13409,train
31520,train
17605,train
17392,train
32377,train
9170,train
48864,train
3482,train
45422,train
17045,train
4411,train
47430,train
327,train
48164,train
16697,train
31243,train
6191,train
33729,train
34417,train
45965,train
43553,train
16349,train
43694,train
19688,train
21502,train
37612,train
21736,train
17954,train
5273,train
4868,train
34678,train
42499,train
49070,train
9701,train
14138,train
6227,train
38589,train
39132,train
27548,train
26827,train
39489,train
46068,train
30104,train
31850,train
24392,train
37393,train
46809,train
2964,train
34601,train
76,train
18450,train
36114,train
36083,train
41565,train
47832,train
11170,train
46108,train
10676,train
6667,train
774,train
18375,train
34185,train
29033,train
38338,train
16994,train
24945,train
33935,train
15490,train
17493,train
44215,train
49140,train
44056,train
10889,train
39341,train
21702,train
41351,train
39175,train
28412,train
264,train
4670,train
7176,train
22404,train
32059,train
16427,train
32958,train
30038,train
37129,train
43319,train
33863,train
38138,train
14572,train
22063,train
31514,train
35142,train
10352,train
36358,train
29739,train
23050,train
16864,train
49402,train
42952,train
31191,train
13272,train
8432,train
1354,train
18591,train
24152,train
28262,train
14151,train
12489,train
6636,train
22957,train
16000,train
5935,train
46925,train
140,train
17477,train
49821,train
9646,train
9820,train
11168,train
28955,train
44880,train
43749,train
18619,train
5397,train
15087,train
34195,train
20999,train
49785,train
14024,train
10820,train
47511,train
44765,train
18668,train
21,train
26057,train
18055,train
42022,train
27361,train
42189,train
11208,train
22238,train
33111,train
2078,train
15800,train
37537,train
38244,train
4495,train
24062,train
31830,train
22219,train
24003,train
348,train
34205,train
13866,train
49321,train
13823,train
18181,train
27963,train
39998,train
29202,train
40160,train
1894,train
21081,train
35189,train
44440,train
35571,train
41872,train
8011,train
9689,train
1835,train
47675,train
44261,train
17848,train
47308,train
26836,train
41741,train
6809,train
13650,train
46000,train
40855,train
6573,train
45816,train
21450,train
20006,train
43954,train
14506,train
45452,train
18167,train
34275,train
11201,train
1094,train
45606,train
19502,train
19046,train
28145,train
20008,train
13611,train
30096,train
33806,train
49755,train
2024,train
22999,train
29166,train
5843,train
23167,train
15842,train
1012,train
34240,train
37265,train
30787,train
27097,train
48463,train
41644,train
48670,train
44270,train
28619,train
21617,train
32650,train
15219,train
45242,train
39875,train
45634,train
37586,train
41361,train
13323,train
21708,train
24874,train
30832,train
38551,train
32897,train
8242,train
10023,train
49793,train
31,train
12473,train
32972,train
22159,train
22074,train
43853,train
33399,train
846,train
8259,train
13786,train
39497,train
36269,train
17723,train
21461,train
41927,train
26391,train
46674,train
11632,train
14625,train
6105,train
34086,train
16813,train
9563,train
37755,train
10921,train
19112,train
25894,train
40430,train
43167,train
8800,train
48109,train
35301,train
37859,train
48054,train
27992,train
22500,train
31318,train
33364,train
35723,train
21645,train
23710,train
24805,train
20466,train
41344,train
25833,train
26806,train
19652,train
1435,train
29492,train
2287,train
3238,train
25873,train
418,train
20361,train
10325,train
13735,train
9546,train
2790,train
8309,train
1656,train
16752,train
8527,train
5515,train
49654,train
9325,train
10608,train
11489,train
12224,train
17207,train
2082,train
16966,train
14050,train
15088,train
42585,train
11537,train
10684,train
36242,train
35245,train
40022,train
33663,train
4325,train
17674,train
9439,train
18393,train
18024,train
32463,train
17233,train
20634,train
17736,train
49716,train
40161,train
23508,train
21238,train
31495,train
8855,train
44902,train
41640,train
33513,train
15670,train
1369,train
17054,train
43131,train
32687,train
6306,train
45699,train
11123,train
20811,train
8591,train
5206,train
48984,train
43199,train
1097,train
23567,train
39810,train
3890,train
14504,train
14130,train
1748,train
38156,train
16839,train
2959,train
16370,train
47920,train
25567,train
28109,train
25787,train
40834,train
16608,train
17146,train
21891,train
20982,train
12188,train
39609,train
18721,train
46093,train
10218,train
40973,train
23728,train
30992,train
47407,train
48357,train
42387,train
32009,train
21475,train
2807,train
42370,train
17089,train
33061,train
21487,train
26919,train
12391,train
16559,train
37467,train
48086,train
42208,train
34321,train
18269,train
14769,train
11826,train
1062,train
32808,train
4623,train
7647,train
22996,train
38851,train
26106,train
32644,train
32435,train
692,train
48001,train
25083,train
6291,train
24092,train
7811,train
586,train
46921,train
35439,train
21115,train
43390,train
6152,train
40979,train
10423,train
19600,train
20264,train
21504,train
44687,train
49693,train
8734,train
542,train
37703,train
25469,train
48274,train
33670,train
28838,train
8626,train
21214,train
13424,train
46762,train
11066,train
36894,train
25702,train
17599,train
49467,train
19956,train
33362,train
20226,train
18903,train
16586,train
16274,train
23770,train
49095,train
8054,train
2391,train
43234,train
2366,train
37279,train
4499,train
31413,train
7858,train
12512,train
1715,train
46927,train
36332,train
11027,train
22143,train
18344,train
12587,train
41563,train
37501,train
4558,train
26542,train
33214,train
36417,train
15900,train
47590,train
40345,train
30624,train
24889,train
21822,train
22379,train
22354,train
49212,train
19518,train
10977,train
28458,train
18975,train
32069,train
18064,train
39924,train
1790,train
28101,train
22710,train
44974,train
30140,train
4555,train
47674,train
22094,train
22896,train
6849,train
8848,train
42120,train
16630,train
11798,train
44011,train
33277,train
23228,train
5517,train
39513,train
4893,train
8889,train
24476,train
31776,train
26762,train
45510,train
33873,train
2369,train
5925,train
2295,train
30100,train
44482,train
49977,train
49756,train
48454,train
38709,train
30564,train
22198,train
46946,train
394,train
29317,train
14029,train
26047,train
31369,train
25017,train
49537,train
8441,train
25700,train
32804,train
20846,train
1516,train
25421,train
26896,train
13783,train
39688,train
35426,train
7567,train
36517,train
11370,train
29819,train
42262,train
4331,train
7813,train
38248,train
35649,train
29760,train
6373,train
36470,train
18092,train
5835,train
20431,train
11819,train
5014,train
47167,train
31852,train
4583,train
32847,train
44333,train
44455,train
44866,train
33023,train
29794,train
36212,train
4979,train
17826,train
46205,train
31466,train
45365,train
36494,train
1426,train
45622,train
746,train
25072,train
36575,train
2281,train
45133,train
22205,train
22850,train
5266,train
252,train
33238,train
43644,train
49257,train
22007,train
20388,train
30634,train
44033,train
48849,train
39350,train
38018,train
46395,train
14890,train
10834,train
19476,train
30837,train
41520,train
6953,train
49689,train
8906,train
23831,train
1400,train
36796,train
29818,train
9289,train
2363,train
27995,train
42579,train
40656,train
48681,train
9808,train
19890,train
37727,train
15731,train
17324,train
23010,train
10297,train
21125,train
34092,train
29844,train
49311,train
17941,train
20840,train
17049,train
292,train
4234,train
28063,train
17803,train
47186,train
1737,train
15657,train
25128,train
31630,train
28756,train
44913,train
2001,train
40244,train
36216,train
35729,train
27528,train
23102,train
31433,train
37000,train
47676,train
39046,train
26455,train
28792,train
35060,train
34791,train
15048,train
49229,train
1408,train
27595,train
5653,train
11560,train
21561,train
19660,train
17380,train
35258,train
13939,train
49168,train
15007,train
20805,train
12106,train
11319,train
29170,train
2859,train
2153,train
19631,train
35676,train
22975,train
36229,train
15541,train
49342,train
48829,train
31471,train
3685,train
26083,train
8061,train
437,train
13264,train
7251,train
28350,train
5281,train
8327,train
3406,train
46641,train
37276,train
34971,train
15603,train
45793,train
33411,train
42041,train
49444,train
29902,train
25513,train
3651,train
25366,train
40847,train
36279,train
23116,train
6997,train
26717,train
29990,train
4556,train
18311,train
12078,train
287,train
4105,train
39622,train
26342,train
33986,train
42760,train
23042,train
14190,train
24139,train
38814,train
31442,train
49116,train
14756,train
47320,train
6241,train
17405,train
21791,train
49919,train
29681,train
13645,train
27482,train
1337,train
41312,train
32739,train
39511,train
19618,train
33361,train
36365,train
28260,train
16577,train
41228,train
38387,train
8673,train
4909,train
23614,train
40196,train
30388,train
40574,train
18791,train
1703,train
5938,train
3874,train
48076,train
28217,train
36969,train
29443,train
16682,train
5369,train
11508,train
40328,train
41854,train
7729,train
14187,train
22851,train
49848,train
34404,train
27210,train
257,train
3993,train
32198,train
1911,train
27392,train
1868,train
11322,train
28848,train
32466,train
22173,train
23792,train
41665,train
47608,train
25188,train
41274,train
46867,train
27263,train
29479,train
43102,train
43036,train
5627,train
48624,train
23376,train
21176,train
3610,train
12910,train
3686,train
16361,train
11801,train
30882,train
36363,train
31506,train
30779,train
19163,train
33044,train
9755,train
21817,train
27961,train
33881,train
37896,train
19020,train
39086,train
48003,train
25253,train
22101,train
28862,train
38317,train
29003,train
7156,train
27306,train
13557,train
3268,train
19057,train
46115,train
7191,train
48115,train
17414,train
7815,train
48407,train
38474,train
10757,train
31729,train
23827,train
42206,train
29678,train
24595,train
33343,train
40846,train
45895,train
27257,train
17416,train
2026,train
3379,train
30534,train
7793,train
2487,train
37172,train
40126,train
42019,train
46855,train
19445,train
13070,train
3607,train
1791,train
23852,train
6562,train
40177,train
9443,train
24184,train
16786,train
7254,train
20818,train
3935,train
28424,train
22648,train
49180,train
20577,train
49981,train
47359,train
37679,train
27806,train
35476,train
10814,train
48512,train
5494,train
35863,train
44475,train
25649,train
43848,train
20551,train
26781,train
13845,train
2343,train
12222,train
5247,train
26516,train
13558,train
21153,train
28690,train
42791,train
42893,train
29125,train
24718,train
34000,train
14434,train
16386,train
31767,train
32477,train
23924,train
11748,train
34317,train
349,train
6091,train
36565,train
30985,train
12460,train
7718,train
20064,train
37708,train
35447,train
28693,train
4926,train
45428,train
11290,train
27658,train
707,train
1974,train
31061,train
15592,train
10779,train
24399,train
1084,train
22526,train
45737,train
18184,train
36199,train
23048,train
12795,train
37225,train
3669,train
25666,train
13087,train
7452,train
44733,train
39455,train
30002,train
40014,train
21247,train
15692,train
45620,train
30912,train
23815,train
35073,train
6977,train
28427,train
24216,train
49297,train
1258,train
40338,train
48985,train
28978,train
27416,train
4478,train
10792,train
38925,train
11936,train
11881,train
4024,train
25719,train
38549,train
41985,train
27125,train
15671,train
42067,train
18454,train
44927,train
27304,train
42239,train
34849,train
13325,train
6859,train
11405,train
1226,train
22717,train
7439,train
42719,train
14129,train
42148,train
504,train
2604,train
39306,train
13352,train
9919,train
27706,train
20367,train
27712,train
44576,train
29383,train
47903,train
2141,train
24654,train
43334,train
30727,train
41669,train
17160,train
43195,train
14785,train
19436,train
15140,train
4655,train
36646,train
3712,train
23843,train
26087,train
26245,train
2837,train
2573,train
22120,train
24410,train
35192,train
47330,train
37713,train
37823,train
45202,train
26232,train
24059,train
41003,train
45515,train
31489,train
27032,train
22555,train
7911,train
27661,train
10360,train
27474,train
29393,train
1044,train
8490,train
16336,train
8547,train
15496,train
19003,train
2280,train
10357,train
26895,train
26567,train
43695,train
18844,train
36088,train
7583,train
16169,train
46650,train
45409,train
24470,train
41015,train
47060,train
14055,train
15883,train
1471,train
20617,train
38419,train
4677,train
44597,train
21524,train
32328,train
27123,train
46056,train
39348,train
32498,train
801,train
16856,train
25265,train
27716,train
47943,train
18467,train
21679,train
3198,train
26338,train
28462,train
31219,train
38037,train
18253,train
12621,train
6705,train
5728,train
26325,train
25686,train
4393,train
9474,train
35381,train
9379,train
8610,train
33812,train
16706,train
30407,train
45462,train
8814,train
9558,train
24440,train
23249,train
9864,train
4679,train
24627,train
1227,train
48321,train
4695,train
19850,train
27212,train
33331,train
40678,train
23642,train
24187,train
41992,train
8241,train
46451,train
16840,train
47886,train
16808,train
30068,train
14425,train
4098,train
18733,train
36537,train
3357,train
28474,train
41224,train
19608,train
27862,train
39615,train
16343,train
22289,train
196,train
12405,train
24826,train
17877,train
47107,train
20275,train
49449,train
30517,train
35930,train
44275,train
33528,train
39970,train
21855,train
31011,train
21766,train
2723,train
48576,train
1122,train
33592,train
11160,train
15625,train
11534,train
10212,train
3205,train
2908,train
30131,train
1401,train
18564,train
2411,train
19843,train
10298,train
30295,train
46564,train
5297,train
15366,train
32806,train
16535,train
17816,train
21471,train
27530,train
19361,train
27342,train
48356,train
22299,train
19221,train
17012,train
43414,train
19784,train
24266,train
16902,train
7493,train
27292,train
21155,train
2296,train
40671,train
49858,train
2418,train
9249,train
44041,train
4000,train
15797,train
24550,train
27864,train
35732,train
9087,train
22160,train
24288,train
28586,train
38411,train
2933,train
8428,train
29036,train
27118,train
15571,train
20652,train
18556,train
49995,train
35094,train
28668,train
21447,train
36086,train
13927,train
37963,train
16053,train
43824,train
43713,train
566,train
24953,train
29692,train
44848,train
39947,train
11502,train
8502,train
23156,train
31335,train
39454,train
16364,train
14935,train
14473,train
20132,train
4083,train
31970,train
37659,train
40685,train
14704,train
12051,train
36485,train
15894,train
28520,train
49538,train
41030,train
49434,train
21860,train
5862,train
32101,train
25088,train
29520,train
14075,train
11628,train
31671,train
8837,train
20630,train
35061,train
6727,train
3125,train
21689,train
21376,train
14193,train
45474,train
19962,train
35331,train
9194,train
34661,train
22373,train
42279,train
34323,train
34562,train
13584,train
21512,train
41920,train
4002,train
31357,train
43699,train
25243,train
16344,train
11570,train
29943,train
31182,train
22854,train
23455,train
43776,train
48355,train
739,train
33508,train
15945,train
48316,train
5208,train
47911,train
20937,train
2753,train
7218,train
6311,train
44744,train
23222,train
31429,train
40881,train
14366,train
22788,train
14780,train
45526,train
8722,train
24014,train
36047,train
34842,train
43513,train
119,train
23719,train
3535,train
34677,train
46560,train
12554,train
26960,train
39722,train
39394,train
11226,train
8608,train
29074,train
16860,train
24642,train
28910,train
35100,train
5944,train
3899,train
7167,train
31535,train
6898,train
48064,train
6250,train
39201,train
14189,train
26238,train
44556,train
25055,train
44287,train
14257,train
46556,train
12276,train
40999,train
36724,train
24869,train
31908,train
24468,train
15704,train
43859,train
16597,train
42263,train
23527,train
6554,train
18698,train
13280,train
28765,train
4933,train
11518,train
14049,train
36536,train
24065,train
15572,train
2880,train
31637,train
1754,train
174,train
39422,train
25800,train
48078,train
20554,train
23475,train
26393,train
43440,train
615,train
43431,train
1606,train
9355,train
39785,train
49066,train
45794,train
25773,train
30508,train
47584,train
35395,train
30492,train
41044,train
8607,train
40418,train
18374,train
41210,train
33552,train
46039,train
42688,train
24808,train
42666,train
48790,train
15585,train
49441,train
32406,train
15164,train
9306,train
5264,train
29248,train
39298,train
25272,train
48408,train
23318,train
18254,train
27271,train
27365,train
34919,train
43368,train
34691,train
41972,train
16033,train
21193,train
2454,train
24038,train
811,train
41709,train
5772,train
13710,train
41503,train
42288,train
8448,train
44956,train
17595,train
38059,train
29276,train
49742,train
38667,train
3162,train
32046,train
14037,train
12363,train
352,train
3953,train
47140,train
41275,train
37453,train
34710,train
31181,train
3896,train
12395,train
38777,train
21903,train
8010,train
12944,train
16805,train
15052,train
44604,train
49942,train
10236,train
30524,train
28351,train
8187,train
7667,train
24561,train
17662,train
45853,train
49713,train
45230,train
40945,train
39799,train
45588,train
15562,train
32006,train
29588,train
34535,train
14958,train
49652,train
27798,train
34699,train
22944,train
37865,train
13368,train
41483,train
49334,train
12019,train
20570,train
46788,train
7950,train
44608,train
5290,train
49856,train
21203,train
3853,train
9270,train
4590,train
41730,train
10774,train
35145,train
44202,train
10487,train
3421,train
35110,train
41611,train
9405,train
23690,train
38619,train
328,train
33189,train
41420,train
44374,train
43533,train
1683,train
24073,train
17860,train
48663,train
7614,train
4699,train
29446,train
24251,train
38701,train
9269,train
29156,train
35302,train
40355,train
36009,train
2137,train
14787,train
15457,train
11259,train
47635,train
11910,train
6127,train
12574,train
47120,train
48686,train
15243,train
7267,train
748,train
16673,train
46120,train
13931,train
562,train
45127,validation
11340,validation
29213,validation
39048,validation
28664,validation
33008,validation
35635,validation
5795,validation
20559,validation
6413,validation
30890,validation
33611,validation
1434,validation
15002,validation
49479,validation
18959,validation
35053,validation
46669,validation
24774,validation
36217,validation
41986,validation
505,validation
42007,validation
4137,validation
42705,validation
10113,validation
10286,validation
28631,validation
45818,validation
43741,validation
12820,validation
47436,validation
21341,validation
34156,validation
1885,validation
12323,validation
5742,validation
24864,validation
31951,validation
36997,validation
1599,validation
14654,validation
12026,validation
30209,validation
8258,validation
38175,validation
41993,validation
5479,validation
10431,validation
48307,validation
22540,validation
26924,validation
42062,validation
16500,validation
47262,validation
44672,validation
21555,validation
47801,validation
37170,validation
49854,validation
47092,validation
3524,validation
513,validation
20500,validation
3461,validation
15936,validation
43604,validation
4165,validation
18961,validation
519,validation
29830,validation
14332,validation
47748,validation
14369,validation
45993,validation
3987,validation
31925,validation
49895,validation
35179,validation
4412,validation
28251,validation
9550,validation
43074,validation
32902,validation
11808,validation
29274,validation
25454,validation
40496,validation
36203,validation
6343,validation
28300,validation
20616,validation
29549,validation
19530,validation
21549,validation
40299,validation
42664,validation
4931,validation
25594,validation
26491,validation
28231,validation
25140,validation
46455,validation
3770,validation
28985,validation
10350,validation
12052,validation
11562,validation
10732,validation
22606,validation
2076,validation
37019,validation
14878,validation
3340,validation
48053,validation
11807,validation
2817,validation
24019,validation
43079,validation
26989,validation
5988,validation
3075,validation
27921,validation
31119,validation
44795,validation
45580,validation
40983,validation
24259,validation
21492,validation
18223,validation
5527,validation
14146,validation
23855,validation
24030,validation
24904,validation
18638,validation
9493,validation
10014,validation
20430,validation
16811,validation
33278,validation
4637,validation
28802,validation
47381,validation
21756,validation
32691,validation
5006,validation
44574,validation
41959,validation
14808,validation
33322,validation
3927,validation
18926,validation
49696,validation
27434,validation
901,validation
24028,validation
1389,validation
43217,validation
37736,validation
8442,validation
24154,validation
26556,validation
45711,validation
39730,validation
31448,validation
25217,validation
45693,validation
46475,validation
48042,validation
3545,validation
28743,validation
5809,validation
26751,validation
18392,validation
1826,validation
37494,validation
27012,validation
377,validation
44915,validation
41221,validation
1634,validation
27506,validation
46598,validation
19893,validation
24418,validation
39696,validation
19765,validation
26862,validation
43260,validation
12279,validation
34612,validation
38210,validation
30240,validation
44659,validation
47537,validation
43783,validation
18477,validation
28906,validation
49267,validation
18923,validation
22436,validation
30548,validation
43338,validation
43065,validation
431,validation
1242,validation
19472,validation
38656,validation
37478,validation
48066,validation
23280,validation
26812,validation
41033,validation
33050,validation
47274,validation
11436,validation
41042,validation
13190,validation
41137,validation
49224,validation
43385,validation
31313,validation
11812,validation
3740,validation
5167,validation
8650,validation
39417,validation
23793,validation
45663,validation
45204,validation
14567,validation
14837,validation
37534,validation
29318,validation
27104,validation
32842,validation
30145,validation
36963,validation
2775,validation
24041,validation
20337,validation
5549,validation
29237,validation
16632,validation
41454,validation
38311,validation
17446,validation
38903,validation
12522,validation
32386,validation
5753,validation
2179,validation
14101,validation
1846,validation
19138,validation
23432,validation
25410,validation
25574,validation
25571,validation
34687,validation
1324,validation
22662,validation
40020,validation
20781,validation
28198,validation
16703,validation
39549,validation
26471,validation
7753,validation
39678,validation
10766,validation
40278,validation
46472,validation
30092,validation
11634,validation
31526,validation
40768,validation
4455,validation
4535,validation
20383,validation
31330,validation
41554,validation
32036,validation
16227,validation
8741,validation
17348,validation
38035,validation
4546,validation
32023,validation
4611,validation
35181,validation
27588,validation
34780,validation
30041,validation
23893,validation
40509,validation
5076,validation
48842,validation
15721,validation
16759,validation
28852,validation
18327,validation
18982,validation
13293,validation
26484,validation
26584,validation
13553,validation
45887,validation
1589,validation
12810,validation
44285,validation
2599,validation
22027,validation
12774,validation
24734,validation
23146,validation
30025,validation
28122,validation
44893,validation
31106,validation
42391,validation
39372,validation
40888,validation
41035,validation
29515,validation
24099,validation
26540,validation
6378,validation
9775,validation
24277,validation
16521,validation
35186,validation
6960,validation
49256,validation
30036,validation
28600,validation
32291,validation
46269,validation
18890,validation
44213,validation
1472,validation
27026,validation
30398,validation
30909,validation
2088,validation
33231,validation
17521,validation
158,validation
8662,validation
18189,validation
10069,validation
33415,validation
9392,validation
3151,validation
2432,validation
9636,validation
3707,validation
22903,validation
21719,validation
28796,validation
29980,validation
33629,validation
14658,validation
19681,validation
48420,validation
30217,validation
33759,validation
35369,validation
3252,validation
25041,validation
18082,validation
33140,validation
37070,validation
4784,validation
30632,validation
39902,validation
48793,validation
787,validation
22361,validation
3724,validation
35415,validation
46288,validation
4404,validation
46398,validation
45255,validation
21773,validation
24673,validation
35434,validation
12996,validation
43978,validation
37744,validation
27444,validation
42587,validation
26511,validation
18195,validation
24435,validation
29695,validation
36244,validation
13444,validation
45352,validation
33,validation
14967,validation
26558,validation
29366,validation
15830,validation
14771,validation
48344,validation
2747,validation
31634,validation
24984,validation
38621,validation
30416,validation
12632,validation
38680,validation
22585,validation
4755,validation
25119,validation
12638,validation
30889,validation
26231,validation
46599,validation
15437,validation
27908,validation
22954,validation
48986,validation
8112,validation
4899,validation
47765,validation
22119,validation
33175,validation
26196,validation
38081,validation
16431,validation
32569,validation
46883,validation
41129,validation
22364,validation
27677,validation
31094,validation
18882,validation
26904,validation
47541,validation
15467,validation
29893,validation
27228,validation
40140,validation
33557,validation
17447,validation
15290,validation
46454,validation
12767,validation
6700,validation
9498,validation
45992,validation
49493,validation
45279,validation
5952,validation
36055,validation
36685,validation
41394,validation
8731,validation
46378,validation
23565,validation
48853,validation
20572,validation
44330,validation
17404,validation
15480,validation
14230,validation
16949,validation
43957,validation
26859,validation
304,validation
41573,validation
24225,validation
37430,validation
9577,validation
33919,validation
42650,validation
38753,validation
44680,validation
48130,validation
14900,validation
8540,validation
38013,validation
41612,validation
13489,validation
22517,validation
42655,validation
44367,validation
12633,validation
28718,validation
17916,validation
19737,validation
42978,validation
36851,validation
1168,validation
29361,validation
6208,validation
37942,validation
9634,validation
24840,validation
45941,validation
36037,validation
45337,validation
39224,validation
19068,validation
6886,validation
13140,validation
17186,validation
19955,validation
993,validation
443,validation
34750,validation
12963,validation
47383,validation
47965,validation
12538,validation
49387,validation
9603,validation
33477,validation
975,validation
39969,validation
30073,validation
49356,validation
21949,validation
1744,validation
13378,validation
18220,validation
321,validation
14298,validation
26625,validation
18071,validation
4068,validation
33309,validation
33764,validation
29619,validation
9581,validation
44981,validation
30958,validation
21094,validation
43257,validation
15739,validation
223,validation
42657,validation
35921,validation
37611,validation
12257,validation
40073,validation
35846,validation
35499,validation
27302,validation
9992,validation
23437,validation
3794,validation
6409,validation
26607,validation
15735,validation
26610,validation
24569,validation
12103,validation
47325,validation
40017,validation
32552,validation
33622,validation
15426,validation
47037,validation
26446,validation
43822,validation
33724,validation
40173,validation
33684,validation
7069,validation
19775,validation
27339,validation
44890,validation
45299,validation
10367,validation
9972,validation
14110,validation
41444,validation
8762,validation
33368,validation
29764,validation
21427,validation
77,validation
39021,validation
6274,validation
23929,validation
47501,validation
9487,validation
23061,validation
28307,validation
8660,validation
4430,validation
16405,validation
21797,validation
12962,validation
24931,validation
8297,validation
6485,validation
22406,validation
12956,validation
49439,validation
26025,validation
41833,validation
30550,validation
47411,validation
3969,validation
826,validation
25758,validation
38843,validation
4370,validation
41842,validation
9165,validation
39395,validation
45330,validation
30102,validation
22262,validation
16249,validation
14873,validation
2479,validation
32114,validation
20157,validation
6390,validation
32044,validation
22103,validation
21826,validation
42362,validation
40787,validation
30880,validation
9901,validation
2700,validation
36825,validation
26911,validation
2526,validation
36406,validation
44939,validation
25568,validation
7987,validation
30066,validation
7024,validation
21944,validation
45962,validation
10238,validation
22301,validation
657,validation
17981,validation
13146,validation
21688,validation
6247,validation
24914,validation
10206,validation
25192,validation
48194,validation
31497,validation
45006,validation
22527,validation
21941,validation
26521,validation
32656,validation
4680,validation
11420,validation
12244,validation
28946,validation
14570,validation
17209,validation
33565,validation
5973,validation
27742,validation
11766,validation
15699,validation
26611,validation
25249,validation
16178,validation
20666,validation
37040,validation
21638,validation
29538,validation
6149,validation
23361,validation
10393,validation
19845,validation
5246,validation
32085,validation
42318,validation
47956,validation
47389,validation
43104,validation
13790,validation
32173,validation
33748,validation
36433,validation
10772,validation
48996,validation
33643,validation
48506,validation
46305,validation
43355,validation
34731,validation
19831,validation
39205,validation
2012,validation
23485,validation
36110,validation
17549,validation
42764,validation
10831,validation
43835,validation
47272,validation
13422,validation
6930,validation
30017,validation
16068,validation
33707,validation
45976,validation
16170,validation
24221,validation
6988,validation
19351,validation
1071,validation
5663,validation
46317,validation
32603,validation
45026,validation
17955,validation
15833,validation
38613,validation
44863,validation
13178,validation
8529,validation
42020,validation
37943,validation
43530,validation
6379,validation
816,validation
37060,validation
20804,validation
908,validation
24001,validation
11088,validation
13903,validation
12157,validation
19018,validation
669,validation
42746,validation
37800,validation
23113,validation
18138,validation
24105,validation
49052,validation
24963,validation
23366,validation
152,validation
37560,validation
15663,validation
2005,validation
28071,validation
7706,validation
30171,validation
4374,validation
49348,validation
18960,validation
49061,validation
30354,validation
12721,validation
44774,validation
41456,validation
19443,validation
30943,validation
10253,validation
42017,validation
49851,validation
40067,validation
16056,validation
42471,validation
49805,validation
46913,validation
25384,validation
15161,validation
19155,validation
17339,validation
13685,validation
33279,validation
2666,validation
4250,validation
22093,validation
17518,validation
24686,validation
14148,validation
15600,validation
29861,validation
9068,validation
22035,validation
28144,validation
28859,validation
44490,validation
44319,validation
28883,validation
17051,validation
26169,validation
35783,validation
22369,validation
2178,validation
14331,validation
45659,validation
8790,validation
44887,validation
16950,validation
22145,validation
34824,validation
22692,validation
36089,validation
2888,validation
39660,validation
25949,validation
18084,validation
23996,validation
16894,validation
632,validation
43757,validation
14959,validation
33468,validation
13237,validation
13768,validation
37323,validation
45412,validation
14691,validation
17302,validation
47772,validation
13415,validation
31582,validation
26022,validation
15710,validation
47459,validation
5929,validation
19928,validation
41480,validation
30187,validation
49735,validation
5352,validation
19718,validation
35217,validation
7349,validation
13049,validation
26076,validation
22189,validation
30111,validation
16006,validation
9526,validation
38659,validation
46131,validation
39883,validation
39974,validation
28349,validation
37511,validation
45483,validation
22442,validation
47135,validation
29343,validation
45124,validation
40222,validation
10917,validation
37952,validation
28248,validation
30577,validation
48204,validation
41581,validation
10359,validation
10398,validation
34968,validation
22077,validation
12042,validation
25569,validation
41426,validation
37120,validation
39052,validation
31040,validation
4515,validation
43501,validation
33010,validation
44010,validation
30438,validation
5138,validation
12822,validation
15419,validation
41754,validation
24676,validation
45414,validation
21754,validation
8487,validation
45364,validation
5750,validation
42534,validation
35267,validation
20584,validation
37443,validation
27388,validation
17942,validation
22423,validation
17200,validation
2745,validation
11397,validation
35025,validation
44016,validation
38117,validation
2466,validation
6674,validation
46634,validation
28224,validation
5706,validation
35808,validation
12434,validation
49208,validation
4020,validation
20378,validation
46529,validation
17093,validation
19090,validation
49158,validation
37186,validation
9767,validation
38689,validation
23552,validation
21681,validation
42918,validation
31876,validation
25811,validation
43458,validation
6909,validation
25397,validation
1554,validation
41153,validation
23599,validation
41461,validation
35111,validation
47273,validation
12037,validation
15463,validation
20758,validation
46683,validation
20904,validation
35099,validation
25441,validation
38721,validation
24162,validation
4229,validation
39580,validation
44379,validation
9371,validation
49425,validation
42885,validation
24995,validation
35101,validation
17759,validation
12266,validation
13753,validation
20746,validation
34930,validation
24534,validation
21572,validation
38877,validation
25380,validation
20924,validation
7570,validation
30527,validation
30114,validation
49361,validation
45037,validation
14372,validation
8599,validation
30695,validation
26438,validation
23656,validation
12191,validation
11233,validation
30663,validation
23498,validation
37837,validation
9965,validation
7966,validation
37062,validation
9549,validation
33478,validation
34065,validation
37096,validation
28100,validation
35127,validation
27020,validation
35670,validation
38529,validation
47606,validation
7527,validation
21951,validation
25692,validation
23891,validation
34529,validation
8046,validation
21783,validation
26340,validation
31365,validation
29452,validation
26817,validation
22003,validation
39367,validation
34108,validation
46376,validation
21762,validation
2165,validation
33921,validation
11042,validation
35616,validation
43389,validation
12064,validation
2654,validation
21935,validation
27693,validation
21936,validation
1387,validation
4865,validation
28007,validation
16410,validation
31244,validation
6411,validation
20907,validation
29224,validation
21853,validation
21920,validation
43433,validation
18586,validation
48371,validation
45292,validation
17591,validation
37117,validation
22224,validation
5950,validation
18271,validation
26636,validation
5881,validation
49578,validation
36799,validation
39645,validation
23698,validation
11368,validation
33167,validation
34103,validation
29810,validation
37048,validation
25713,validation
49695,validation
37577,validation
43064,validation
18157,validation
1653,validation
16947,validation
14238,validation
15333,validation
25757,validation
24079,validation
9891,validation
7302,validation
42347,validation
3463,validation
35957,validation
26225,validation
27000,validation
33464,validation
950,validation
7442,validation
11325,validation
47332,validation
17097,validation
45790,validation
581,validation
24068,validation
29917,validation
48457,validation
44978,validation
45105,validation
8895,validation
23994,validation
7212,validation
40533,validation
13273,validation
23735,validation
11350,validation
8521,validation
25148,validation
10583,validation
23256,validation
11458,validation
37185,validation
14646,validation
18440,validation
31790,validation
10869,validation
18478,validation
23672,validation
39865,validation
32283,validation
10061,validation
8792,validation
27974,validation
34134,validation
19441,validation
4652,validation
2036,validation
27834,validation
7487,validation
2633,validation
25112,validation
23071,validation
5966,validation
40403,validation
12954,validation
25877,validation
11038,validation
22055,validation
99,validation
30614,validation
35056,validation
30272,validation
20885,validation
21278,validation
4414,validation
48590,validation
42712,validation
45159,validation
23800,validation
9206,validation
47857,validation
9889,validation
33957,validation
23811,validation
49293,validation
8066,validation
13093,validation
20297,validation
7063,validation
43258,validation
32228,validation
4419,validation
43580,validation
34190,validation
35003,validation
40239,validation
41243,validation
17658,validation
17694,validation
11505,validation
13972,validation
16469,validation
46902,validation
36671,validation
44768,validation
38132,validation
40453,validation
8391,validation
30399,validation
26871,validation
18666,validation
32119,validation
30786,validation
45341,validation
8466,validation
31155,validation
6214,validation
45901,validation
37546,validation
22817,validation
43630,validation
14694,validation
34852,validation
25365,validation
24787,validation
16297,validation
15241,validation
7115,validation
23235,validation
37959,validation
42063,validation
45919,validation
10437,validation
16784,validation
4287,validation
46784,validation
31927,validation
18298,validation
29946,validation
39855,validation
43103,validation
29323,validation
46300,validation
45489,validation
42342,validation
11759,validation
1424,validation
27673,validation
33022,validation
6117,validation
2194,validation
42406,validation
471,validation
14563,validation
2277,validation
32856,validation
19324,validation
30895,validation
43902,validation
46790,validation
45165,validation
32141,validation
49384,validation
3547,validation
40445,validation
28721,validation
15352,validation
9101,validation
30022,validation
1392,validation
19577,validation
16084,validation
28634,validation
10263,validation
24035,validation
29527,validation
43168,validation
40840,validation
30268,validation
23064,validation
40339,validation
46760,validation
12478,validation
34783,validation
1264,validation
45662,validation
3260,validation
37782,validation
23579,validation
1410,validation
14631,validation
26810,validation
47582,validation
1783,validation
23622,validation
49739,validation
15042,validation
36809,validation
9671,validation
45367,validation
23270,validation
45101,validation
40557,validation
29666,validation
297,validation
1823,validation
20779,validation
13899,validation
34208,validation
24393,validation
6765,validation
49614,validation
43365,validation
9120,validation
30929,validation
45726,validation
41168,validation
15803,validation
7387,validation
49925,validation
22385,validation
21597,validation
16997,validation
4795,validation
48416,validation
32873,validation
41218,validation
26275,validation
40143,validation
42356,validation
8797,validation
37904,validation
7320,validation
6356,validation
45329,validation
26081,validation
42871,validation
13918,validation
40814,validation
29721,validation
34844,validation
29652,validation
17307,validation
4094,validation
23942,validation
37089,validation
32043,validation
43109,validation
22023,validation
18590,validation
32987,validation
41373,validation
20078,validation
43335,validation
35810,validation
11223,validation
18907,validation
34802,validation
37783,validation
13239,validation
11277,validation
46041,validation
37202,validation
14932,validation
49836,validation
25802,validation
7323,validation
44669,validation
22561,validation
27949,validation
39127,validation
14121,validation
23911,validation
8674,validation
20097,validation
8373,validation
31286,validation
39751,validation
31309,validation
19974,validation
16622,validation
21750,validation
39880,validation
12437,validation
39413,validation
27160,validation
48517,validation
14163,validation
37053,validation
24683,validation
26071,validation
33350,validation
27357,validation
28421,validation
36966,validation
42859,validation
26620,validation
34007,validation
37125,validation
7436,validation
47471,validation
25461,validation
28386,validation
14699,validation
3691,validation
837,validation
21262,validation
31323,validation
13334,validation
14558,validation
31823,validation
42765,validation
20635,validation
9714,validation
16628,validation
26775,validation
4072,validation
37238,validation
10544,validation
42904,validation
15295,validation
49975,validation
15834,validation
32618,validation
8445,validation
43893,validation
36579,validation
6059,validation
11943,validation
10791,validation
39027,validation
1270,validation
30046,validation
13765,validation
20728,validation
44400,validation
12969,validation
2528,validation
10265,validation
29522,validation
26927,validation
8522,validation
1513,validation
17412,validation
7850,validation
5923,validation
22069,validation
41073,validation
43123,validation
1249,validation
36693,validation
19012,validation
5831,validation
24677,validation
25181,validation
10967,validation
34002,validation
47016,validation
3368,validation
23134,validation
5849,validation
26041,validation
22885,validation
22400,validation
41666,validation
33108,validation
16977,validation
10575,validation
45078,validation
20357,validation
23049,validation
24500,validation
48892,validation
20686,validation
14727,validation
15318,validation
22937,validation
8429,validation
33325,validation
26889,validation
38409,validation
3479,validation
11303,validation
10368,validation
16348,validation
3962,validation
12881,validation
25895,validation
10124,validation
24892,validation
3058,validation
46853,validation
10771,validation
7086,validation
49543,validation
45554,validation
39070,validation
36827,validation
22515,validation
4144,validation
14422,validation
11700,validation
47142,validation
41150,validation
41259,validation
22988,validation
36668,validation
9510,validation
34152,validation
48427,validation
10049,validation
14005,validation
31686,validation
10573,validation
49388,validation
47763,validation
17912,validation
48442,validation
37864,validation
18256,validation
25496,validation
4974,validation
7433,validation
32535,validation
22652,validation
12322,validation
7519,validation
1251,validation
7051,validation
16691,validation
26622,validation
40680,validation
45383,validation
26132,validation
31114,validation
2584,validation
5445,validation
46465,validation
29969,validation
16332,validation
4843,validation
33135,validation
26705,validation
7,validation
9839,validation
19006,validation
27613,validation
5486,validation
23198,validation
11576,validation
25026,validation
603,validation
28097,validation
47309,validation
28535,validation
16742,validation
43735,validation
49809,validation
17681,validation
29085,validation
16023,validation
48157,validation
7229,validation
40612,validation
19904,validation
2241,validation
37252,validation
49453,validation
15178,validation
40176,validation
29104,validation
34974,validation
33414,validation
2850,validation
48937,validation
7760,validation
20115,validation
26263,validation
46772,validation
13625,validation
11701,validation
2407,validation
820,validation
28185,validation
37652,validation
27905,validation
47200,validation
16838,validation
1896,validation
31063,validation
17476,validation
27972,validation
34998,validation
21954,validation
20883,validation
39591,validation
5248,validation
33640,validation
35253,validation
4181,validation
10273,validation
25327,validation
19839,validation
19287,validation
45562,validation
3521,validation
21522,validation
44197,validation
18435,validation
36035,validation
44611,validation
24438,validation
17924,validation
47990,validation
33887,validation
9588,validation
4285,validation
43408,validation
36414,validation
35238,validation
47395,validation
46160,validation
28130,validation
39603,validation
1063,validation
45560,validation
9562,validation
38766,validation
19449,validation
44909,validation
1102,validation
23586,validation
21691,validation
7604,validation
27505,validation
36302,validation
44593,validation
41749,validation
48172,validation
25601,validation
8269,validation
48138,validation
27214,validation
22473,validation
32976,validation
35915,validation
13964,validation
46671,validation
40364,validation
35944,validation
32001,validation
492,validation
42775,validation
36152,validation
43632,validation
20239,validation
2113,validation
21646,validation
23597,validation
11780,validation
37139,validation
31281,validation
48918,validation
6759,validation
10741,validation
10214,validation
47997,validation
43743,validation
24737,validation
27938,validation
2458,validation
23358,validation
49886,validation
37498,validation
3456,validation
37452,validation
23510,validation
23259,validation
19796,validation
43166,validation
44606,validation
13439,validation
15529,validation
14998,validation
28163,validation
40002,validation
39837,validation
33578,validation
593,validation
12598,validation
3289,validation
3341,validation
8029,validation
16027,validation
46123,validation
2182,validation
1905,validation
31499,validation
11966,validation
22121,validation
2131,validation
14389,validation
17154,validation
13078,validation
38109,validation
39718,validation
35226,validation
1448,validation
27115,validation
145,validation
45729,validation
36181,validation
22981,validation
42912,validation
10639,validation
31204,validation
26838,validation
21433,validation
42867,validation
46778,validation
2274,validation
49669,validation
37690,validation
20593,validation
39389,validation
25314,validation
40838,validation
11150,validation
31716,validation
9266,validation
9760,validation
31479,validation
14476,validation
41349,validation
2273,validation
2484,validation
42639,validation
5719,validation
49221,validation
966,validation
41522,validation
22734,validation
8549,validation
42957,validation
42343,validation
26419,validation
45607,validation
27854,validation
34907,validation
46074,validation
48979,validation
34692,validation
36,validation
11970,validation
16583,validation
9627,validation
38358,validation
13793,validation
46282,validation
21152,validation
17822,validation
48797,validation
17117,validation
37761,validation
25009,validation
13480,validation
14252,validation
9817,validation
42850,validation
35556,validation
46441,validation
48229,validation
33880,validation
1638,validation
5488,validation
5319,validation
41834,validation
11100,validation
34418,validation
48779,validation
9495,validation
44599,validation
19832,validation
15005,validation
20178,validation
31656,validation
40021,validation
7695,validation
45312,validation
46332,validation
15817,validation
4439,validation
37532,validation
24514,validation
37368,validation
20647,validation
27182,validation
17820,validation
16211,validation
30523,validation
38214,validation
44406,validation
32968,validation
27248,validation
25419,validation
6900,validation
18871,validation
13408,validation
27594,validation
34082,validation
39152,validation
41434,validation
44326,validation
23730,validation
2285,validation
11764,validation
14562,validation
31272,validation
44896,validation
12013,validation
4298,validation
48273,validation
44158,validation
5301,validation
2715,validation
36706,validation
16355,validation
15995,validation
17776,validation
47538,validation
41179,validation
32609,validation
17733,validation
43470,validation
6032,validation
31957,validation
37553,validation
38062,validation
48993,validation
13265,validation
37589,validation
32399,validation
33240,validation
43614,validation
10316,validation
7751,validation
15835,validation
44036,validation
37401,validation
1661,validation
9216,validation
40428,validation
23731,validation
30775,validation
8804,validation
22482,validation
39189,validation
1532,validation
17490,validation
42418,validation
46452,validation
30569,validation
45126,validation
49829,validation
24665,validation
25074,validation
9504,validation
41887,validation
4190,validation
27242,validation
29783,validation
10377,validation
8400,validation
18566,validation
47615,validation
32216,validation
31343,validation
40290,validation
11730,validation
28209,validation
36299,validation
41514,validation
1901,validation
11476,validation
43499,validation
12477,validation
29823,validation
21354,validation
45651,validation
37427,validation
44311,validation
13693,validation
13929,validation
314,validation
9961,validation
17760,validation
6707,validation
32211,validation
31378,validation
20933,validation
24245,validation
29625,validation
45819,validation
31987,validation
26442,validation
22560,validation
7907,validation
12623,validation
43205,validation
25156,validation
14516,validation
45595,validation
28075,validation
31669,validation
30125,validation
28665,validation
34158,validation
29168,validation
31060,validation
20720,validation
11554,validation
2455,validation
40862,validation
30103,validation
38322,validation
32199,validation
31882,validation
3337,validation
13279,validation
13912,validation
15445,validation
35278,validation
23620,validation
32440,validation
2813,validation
37695,validation
32454,validation
27018,validation
39546,validation
27810,validation
21674,validation
36516,validation
36119,validation
7917,validation
47591,validation
4189,validation
44447,validation
47157,validation
9261,validation
34866,validation
30906,validation
41158,validation
42691,validation
5829,validation
12113,validation
41368,validation
10147,validation
9404,validation
35712,validation
16539,validation
27360,validation
15925,validation
45377,validation
34712,validation
28952,validation
30039,validation
9042,validation
45484,validation
10403,validation
45913,validation
22236,validation
12367,validation
27553,validation
25075,validation
16179,validation
4854,validation
28342,validation
14972,validation
29009,validation
40058,validation
17989,validation
44886,validation
21103,validation
21234,validation
4689,validation
36222,validation
41458,validation
4475,validation
35064,validation
46476,validation
8290,validation
2018,validation
24050,validation
17940,validation
8427,validation
49478,validation
26289,validation
44772,validation
12301,validation
28659,validation
34805,validation
23571,validation
33055,validation
6552,validation
12626,validation
17315,validation
27213,validation
10139,validation
22181,validation
6477,validation
31626,validation
48336,validation
23915,validation
36928,validation
48045,validation
6776,validation
49120,validation
44800,validation
47026,validation
31706,validation
23441,validation
2097,validation
46076,validation
31529,validation
5256,validation
48125,validation
44884,validation
25189,validation
44151,validation
37995,validation
28909,validation
25425,validation
3233,validation
34781,validation
27676,validation
6949,validation
33714,validation
41019,validation
14703,validation
24171,validation
11121,validation
28708,validation
45221,validation
5473,validation
11335,validation
39144,validation
18232,validation
23070,validation
25408,validation
7084,validation
3347,validation
42514,validation
13626,validation
25465,validation
37148,validation
13145,validation
31083,validation
40532,validation
19786,validation
17367,validation
2430,validation
38414,validation
4889,validation
39000,validation
29010,validation
27502,validation
30811,validation
10395,validation
2781,validation
32952,validation
33100,validation
12036,validation
34124,validation
3217,validation
6145,validation
3017,validation
22640,validation
23040,validation
24206,validation
46546,validation
16832,validation
31115,validation
13637,validation
26433,validation
14816,validation
8941,validation
18833,validation
48924,validation
26222,validation
34547,validation
35862,validation
19937,validation
28922,validation
15430,validation
39336,validation
3531,validation
43423,validation
7635,validation
18433,validation
15993,validation
8181,validation
33443,validation
8160,validation
8623,validation
1690,validation
14235,validation
36564,validation
21538,validation
40343,validation
17131,validation
24218,validation
32995,validation
32765,validation
21056,validation
44278,validation
24969,validation
16444,validation
30337,validation
32903,validation
42929,validation
30201,validation
37724,validation
38985,validation
34809,validation
25780,validation
38761,validation
38020,validation
47794,validation
31075,validation
26560,validation
45713,validation
37984,validation
22632,validation
28879,validation
47679,validation
12022,validation
29426,validation
13058,validation
6458,validation
27427,validation
22819,validation
46412,validation
21696,validation
47305,validation
35019,validation
37595,validation
11756,validation
39387,validation
48024,validation
6288,validation
12625,validation
9952,validation
49473,validation
428,validation
7743,validation
47474,validation
48726,validation
35030,validation
18896,validation
32929,validation
15767,validation
19265,validation
8618,validation
39633,validation
45655,validation
31521,validation
39,validation
15906,validation
9020,validation
31502,validation
12205,validation
20173,validation
1431,validation
49245,validation
3785,validation
32814,validation
33301,validation
27070,validation
13119,validation
45343,validation
30155,validation
12089,validation
27099,validation
23624,validation
45354,validation
16303,validation
47260,validation
43627,validation
30740,validation
18952,validation
27894,validation
13014,validation
42024,validation
5536,validation
39819,validation
48890,validation
26171,validation
39858,validation
35464,validation
36013,validation
13387,validation
20552,validation
18063,validation
25572,validation
6803,validation
4944,validation
40186,validation
40388,validation
14581,validation
8735,validation
29369,validation
46279,validation
14241,validation
35593,validation
7863,validation
28786,validation
9075,validation
5824,validation
3889,validation
33659,validation
6806,validation
10100,validation
2027,validation
11510,validation
7904,validation
25672,validation
37143,validation
26581,validation
17604,validation
29422,validation
45406,validation
31934,validation
45643,validation
45995,validation
40816,validation
19015,validation
39697,validation
6672,validation
8952,validation
11177,validation
36797,validation
10619,validation
37104,validation
34772,validation
9467,validation
40211,validation
6887,validation
23329,validation
18924,validation
31190,validation
20674,validation
22792,validation
14620,validation
49225,validation
38927,validation
28367,validation
10059,validation
18191,validation
33021,validation
2260,validation
47670,validation
42958,validation
24732,validation
16165,validation
17110,validation
10233,validation
21550,validation
39553,validation
8063,validation
47790,validation
34109,validation
5136,validation
25752,validation
14772,validation
46012,validation
35809,validation
11305,validation
36869,validation
41662,validation
27591,validation
5069,validation
23433,validation
20438,validation
4619,validation
5210,validation
31875,validation
35380,validation
48399,validation
47784,validation
34663,validation
42611,validation
32923,validation
7479,validation
6403,validation
29310,validation
15827,validation
10130,validation
47292,validation
30565,validation
17028,validation
22599,validation
23173,validation
32057,validation
26637,validation
32966,validation
44070,validation
7631,validation
17077,validation
4415,validation
7382,validation
19973,validation
20071,validation
22315,validation
45121,validation
47785,validation
45539,validation
21961,validation
14714,validation
35334,validation
48725,validation
37901,validation
27984,validation
38005,validation
36973,validation
10577,validation
36848,validation
14640,validation
15588,validation
7539,validation
14279,validation
6921,validation
43610,validation
31586,validation
23101,validation
22305,validation
44584,validation
22454,validation
105,validation
737,validation
12200,validation
36316,validation
42283,validation
21787,validation
47165,validation
44708,validation
26977,validation
45349,validation
14610,validation
9276,validation
33637,validation
24388,validation
28432,validation
5261,validation
3680,validation
32801,validation
18357,validation
48398,validation
10747,validation
20001,validation
34819,validation
35878,validation
49817,validation
30150,validation
12245,validation
20060,validation
36296,validation
19744,validation
16106,validation
5940,validation
33589,validation
10759,validation
16903,validation
23708,validation
15868,validation
33620,validation
36488,validation
34904,validation
48098,validation
45372,validation
13372,validation
22556,validation
21545,validation
2239,validation
15507,validation
14949,validation
10077,validation
37699,validation
3887,validation
49565,validation
11519,validation
3475,validation
44038,validation
49714,validation
43076,validation
8172,validation
24592,validation
21632,validation
8252,validation
6894,validation
13761,validation
40795,validation
5137,validation
38607,validation
9543,validation
12210,validation
20418,validation
13855,validation
43756,validation
4356,validation
935,validation
34139,validation
15356,validation
33693,validation
36523,validation
44977,validation
16892,validation
11549,validation
11313,validation
33897,validation
13329,validation
25659,validation
41938,validation
43448,validation
46766,validation
6432,validation
46502,validation
10553,validation
33719,validation
42110,validation
38643,validation
14462,validation
1989,validation
18785,validation
10666,validation
21018,validation
8991,validation
19697,validation
27437,validation
36696,validation
15149,validation
37985,validation
43685,validation
35309,validation
12182,validation
46682,validation
22414,validation
19054,validation
12329,validation
38632,validation
21618,validation
37343,validation
4463,validation
39782,validation
6812,validation
3409,validation
30436,validation
24315,validation
2968,validation
3067,validation
32522,validation
42590,validation
23591,validation
23227,validation
25485,validation
23897,validation
41064,validation
32591,validation
36855,validation
35668,validation
19470,validation
26467,validation
42445,validation
49715,validation
46109,validation
21282,validation
33380,validation
15237,validation
14178,validation
22146,validation
34360,validation
36328,validation
32127,validation
15916,validation
28155,validation
16694,validation
34350,validation
26453,validation
14629,validation
46605,validation
5768,validation
36297,validation
27423,validation
48515,validation
23429,validation
16181,validation
42707,validation
4248,validation
10870,validation
43625,validation
19556,validation
18133,validation
3934,validation
6422,validation
30926,validation
24971,validation
49064,validation
37384,validation
43928,validation
24053,validation
6888,validation
35558,validation
24046,validation
45268,validation
41390,validation
32191,validation
15996,validation
4541,validation
29759,validation
41004,validation
24636,validation
26553,validation
2896,validation
17081,validation
43052,validation
24882,validation
9582,validation
40178,validation
29820,validation
14232,validation
35970,validation
20582,validation
48802,validation
12612,validation
12126,validation
38064,validation
4146,validation
41719,validation
7717,validation
3912,validation
35865,validation
38160,validation
8331,validation
19059,validation
15547,validation
25688,validation
7199,validation
11648,validation
6308,validation
40584,validation
9728,validation
13132,validation
13946,validation
11830,validation
7508,validation
27711,validation
49868,validation
33152,validation
13443,validation
26439,validation
41781,validation
41766,validation
5188,validation
49172,validation
37201,validation
24346,validation
45496,validation
32430,validation
28003,validation
45088,validation
9299,validation
17257,validation
17998,validation
132,validation
14663,validation
11872,validation
46479,validation
22566,validation
29336,validation
6224,validation
7478,validation
27924,validation
11544,validation
17501,validation
20513,validation
7470,validation
44020,validation
26701,validation
20165,validation
9112,validation
40677,validation
30962,validation
25115,validation
21330,validation
34465,validation
46510,validation
22768,validation
24898,validation
9585,validation
8130,validation
3457,validation
25171,validation
12592,validation
32314,validation
47375,validation
23500,validation
37738,validation
33374,validation
44897,validation
17055,validation
40539,validation
44179,validation
41748,validation
17742,validation
45338,validation
20993,validation
42269,validation
15517,validation
19752,validation
39407,validation
22871,validation
32451,validation
30287,validation
19575,validation
10198,validation
35699,validation
49906,validation
34833,validation
32646,validation
1560,validation
9179,validation
16639,validation
49114,validation
40129,validation
30469,validation
15958,validation
2387,validation
32131,validation
17463,validation
11173,validation
41386,validation
48709,validation
6016,validation
37965,validation
41301,validation
702,validation
1402,validation
33820,validation
30260,validation
25462,validation
42778,validation
17306,validation
45014,validation
7426,validation
7080,validation
32744,validation
21117,validation
8974,validation
14759,validation
40806,validation
30239,validation
46942,validation
48935,validation
40095,validation
18677,validation
49946,validation
1978,validation
35750,validation
529,validation
20072,validation
38063,validation
5595,validation
36226,validation
44200,validation
46552,validation
18346,validation
1962,validation
4071,validation
27935,validation
39690,validation
35540,validation
31171,validation
10444,validation
29583,validation
46673,validation
28441,validation
25106,validation
20041,validation
37762,validation
35320,validation
26473,validation
38566,validation
16631,validation
37884,validation
27341,validation
30366,validation
16681,validation
48846,validation
38012,validation
26969,validation
30432,validation
7076,validation
2231,validation
15618,validation
16610,validation
31327,validation
8784,validation
42464,validation
38774,validation
15441,validation
2117,validation
45371,validation
47011,validation
21678,validation
16089,validation
1988,validation
9905,validation
33178,validation
49383,validation
31921,validation
26152,validation
39167,validation
4482,validation
5148,validation
24284,validation
27688,validation
31258,validation
47457,validation
27632,validation
26176,validation
48386,validation
30868,validation
33947,validation
640,validation
40873,validation
10923,validation
30661,validation
48999,validation
13724,validation
4362,validation
1274,validation
28433,validation
1583,validation
32050,validation
9874,validation
46099,validation
10651,validation
10394,validation
37417,validation
17244,validation
47519,validation
25118,validation
39251,validation
10960,validation
24088,validation
45306,validation
16652,validation
5539,validation
30369,validation
6075,validation
49252,validation
5489,validation
13136,validation
47535,validation
16309,validation
30425,validation
29570,validation
9432,validation
3189,validation
30283,validation
44907,validation
20568,validation
26200,validation
36219,validation
13388,validation
45475,validation
2405,validation
1897,validation
9752,validation
27547,validation
17266,validation
38579,validation
48528,validation
26410,validation
48015,validation
21875,validation
36913,validation
25402,validation
44399,validation
19356,validation
20088,validation
24253,validation
88,validation
7880,validation
38734,validation
10000,validation
14549,validation
24488,validation
32373,validation
20607,validation
8260,validation
36134,validation
8426,validation
17095,validation
6641,validation
24441,validation
6520,validation
25429,validation
40044,validation
32048,validation
11157,validation
38767,validation
37521,validation
4693,validation
18017,validation
21202,validation
6944,validation
11957,validation
11163,validation
653,validation
30433,validation
44214,validation
8239,validation
49096,validation
662,validation
20813,validation
14347,validation
26902,validation
43340,validation
36016,validation
6971,validation
1909,validation
34440,validation
37391,validation
30769,validation
10731,validation
19234,validation
43773,validation
29201,validation
7707,validation
9204,validation
3553,validation
10566,validation
39845,validation
34935,validation
10448,validation
38923,validation
20723,validation
43272,validation
46077,validation
16574,validation
36561,validation
34961,validation
26942,validation
30261,validation
42170,validation
684,validation
38349,validation
4483,validation
6757,validation
14033,validation
35675,validation
31285,validation
4840,validation
18976,validation
16397,validation
39270,validation
7919,validation
20886,validation
21976,validation
30323,validation
46833,validation
15923,validation
5998,validation
36874,validation
27535,validation
42405,validation
15650,validation
10159,validation
28904,validation
41714,validation
2746,validation
44698,validation
30589,validation
28420,validation
31220,validation
13658,validation
6132,validation
30839,validation
12124,validation
22976,validation
2758,validation
22945,validation
18352,validation
40713,validation
24837,validation
19592,validation
14000,validation
35236,validation
1555,validation
31874,validation
18822,validation
37882,validation
27872,validation
11294,validation
5866,validation
1766,validation
38465,validation
33494,validation
23346,validation
13767,validation
5320,validation
39337,validation
40788,validation
11925,validation
27962,validation
1185,validation
3591,validation
21007,validation
43995,validation
10742,validation
33822,validation
43477,validation
5435,validation
10833,validation
37269,validation
40993,validation
5586,validation
16801,validation
11839,validation
48676,validation
40125,validation
13338,validation
7444,validation
13593,validation
48827,validation
2006,validation
28025,validation
7984,validation
7149,validation
18403,validation
18738,validation
16532,validation
16640,validation
12662,validation
8778,validation
32148,validation
25737,validation
49220,validation
24295,validation
40877,validation
23115,validation
28548,validation
1622,validation
16914,validation
39747,validation
32394,validation
26951,validation
6925,validation
4359,validation
47413,validation
24602,validation
13496,validation
48147,validation
36866,validation
22363,validation
37646,validation
36362,validation
49940,validation
47539,validation
19790,validation
38633,validation
41423,validation
20354,validation
13186,validation
15854,validation
44175,validation
15346,validation
43949,validation
10319,validation
42834,validation
10588,validation
3317,validation
14490,validation
10641,validation
10481,validation
15377,validation
21743,validation
32433,validation
10152,validation
43968,validation
19662,validation
3715,validation
11696,validation
23394,validation
8646,validation
49462,validation
5366,validation
44271,validation
47717,validation
7414,validation
19914,validation
19365,validation
1224,validation
35715,validation
42851,validation
637,validation
20171,validation
21937,validation
39464,validation
40926,validation
46353,validation
12618,validation
12228,validation
11422,validation
12622,validation
17265,validation
39299,validation
5079,validation
5528,validation
46812,validation
10594,validation
35387,validation
44348,validation
38811,validation
17648,validation
4867,validation
4333,validation
21229,validation
14359,validation
40942,validation
37057,validation
33396,validation
39649,validation
38413,validation
34520,validation
7867,validation
36610,validation
44478,validation
37732,validation
41007,validation
43071,validation
39892,validation
16233,validation
8534,validation
19347,validation
2730,validation
18209,validation
1385,validation
25323,validation
20139,validation
6246,validation
26648,validation
30506,validation
7910,validation
10421,validation
30317,validation
2077,validation
17645,validation
3526,validation
41931,validation
13262,validation
22544,validation
1939,validation
32670,validation
17587,validation
47379,validation
17699,validation
38685,validation
16260,validation
47908,validation
40600,validation
16425,validation
16954,validation
32220,validation
19913,validation
26092,validation
44879,validation
9342,validation
47030,validation
3188,validation
35754,validation
29901,validation
25385,validation
24192,validation
10548,validation
45709,validation
48150,validation
3930,validation
5193,validation
39356,validation
30851,validation
30410,validation
45670,validation
26864,validation
11174,validation
19757,validation
47348,validation
13107,validation
6441,validation
24717,validation
43063,validation
16679,validation
18655,validation
33618,validation
24712,validation
19113,validation
41755,validation
9794,validation
47766,validation
8641,validation
32985,validation
46122,validation
44746,validation
21886,validation
48687,validation
16896,validation
19366,validation
44491,validation
11915,validation
8706,validation
32551,validation
17130,validation
49547,validation
34932,validation
49199,validation
32259,validation
20722,validation
19398,validation
44513,validation
1390,validation
40878,validation
9097,validation
32674,validation
7101,validation
34914,validation
13794,validation
20291,validation
18353,validation
13774,validation
29270,validation
22337,validation
10924,validation
32288,validation
31635,validation
17138,validation
45084,validation
37542,validation
32393,validation
25550,validation
37990,validation
32703,validation
17163,validation
34044,validation
32022,validation
18606,validation
41763,validation
23530,validation
15602,validation
8402,validation
26233,validation
34829,validation
18212,validation
6003,validation
16642,validation
35059,validation
24136,validation
26110,validation
3919,validation
11183,validation
40041,validation
34269,validation
6546,validation
13968,validation
10292,validation
29285,validation
20959,validation
2645,validation
39302,validation
25028,validation
49593,validation
19515,validation
5677,validation
19593,validation
23209,validation
16852,validation
23900,validation
19165,validation
15387,validation
21486,validation
42941,validation
35233,validation
34518,validation
4086,validation
32582,validation
28366,validation
11769,validation
14227,validation
22022,validation
32186,validation
23848,validation
31391,validation
11375,validation
25869,validation
35363,validation
3955,validation
28687,validation
49631,validation
49575,validation
25157,validation
12607,validation
47020,validation
28704,validation
49272,validation
14527,validation
27309,validation
27546,validation
26502,validation
39661,validation
32152,validation
34487,validation
5817,validation
38301,validation
20344,validation
27162,validation
2414,validation
27700,validation
29189,validation
36526,validation
48581,validation
33289,validation
9128,validation
2767,validation
23009,validation
10429,validation
12177,validation
26597,validation
202,validation
9780,validation
40026,validation
27934,validation
12973,validation
42413,validation
7146,validation
26651,validation
35311,validation
17270,validation
30486,validation
45493,validation
27110,validation
8727,validation
44591,validation
38979,validation
5362,validation
18578,validation
941,validation
17035,validation
22962,validation
10599,validation
34319,validation
41521,validation
8767,validation
35772,validation
13522,validation
26250,validation
37171,validation
26383,validation
2844,validation
15221,validation
11666,validation
5251,validation
24446,validation
44888,validation
10129,validation
38432,validation
46534,validation
11148,validation
14812,validation
36876,validation
5239,validation
15206,validation
14583,validation
46121,validation
3315,validation
46035,validation
47085,validation
29512,validation
37018,validation
22602,validation
11718,validation
3414,validation
38970,validation
22366,validation
11681,validation
49320,validation
23664,validation
40272,validation
6827,validation
46611,validation
5177,validation
38232,validation
43246,validation
14697,validation
33052,validation
36164,validation
6220,validation
5075,validation
29107,validation
10898,validation
12843,validation
12412,validation
34614,validation
46885,validation
7416,validation
38199,validation
10947,validation
15525,validation
19508,validation
48696,validation
45131,validation
31146,validation
8096,validation
19939,validation
8986,validation
43169,validation
18462,validation
34511,validation
5846,validation
39787,validation
44173,validation
3257,validation
18931,validation
7083,validation
32482,validation
12207,validation
47954,validation
19376,validation
6834,validation
38256,validation
10689,validation
9980,validation
37636,validation
11424,validation
21379,validation
31202,validation
31390,validation
47038,validation
7322,validation
35185,validation
42995,validation
15471,validation
2858,validation
24924,validation
27836,validation
49972,validation
43567,validation
37769,validation
22177,validation
29252,validation
16761,validation
8600,validation
15408,validation
6194,validation
2609,validation
11984,validation
26524,validation
20129,validation
2545,validation
42682,validation
3348,validation
30147,validation
46126,validation
23611,validation
14726,validation
7521,validation
49986,validation
30530,validation
6126,validation
42848,validation
3036,validation
5118,validation
10156,validation
854,validation
46334,validation
535,validation
25798,validation
3902,validation
41238,validation
41452,validation
33786,validation
38546,validation
44526,validation
7949,validation
18259,validation
13157,validation
41407,validation
28119,validation
32109,validation
29416,validation
16273,validation
43881,validation
30862,validation
29971,validation
46390,validation
14094,validation
17242,validation
46670,validation
39896,validation
27722,validation
35443,validation
48970,validation
34732,validation
47367,validation
23496,validation
24347,validation
35592,validation
11660,validation
274,validation
26146,validation
36747,validation
31581,validation
41574,validation
27975,validation
27996,validation
4424,validation
3901,validation
41332,validation
39636,validation
43683,validation
41925,validation
42341,validation
44695,validation
36215,validation
36185,validation
37949,validation
32566,validation
47695,validation
45498,validation
9883,validation
38934,validation
21769,validation
25473,validation
6551,validation
7779,validation
41403,validation
48630,validation
29244,validation
37174,validation
44540,validation
49973,validation
40714,validation
37041,validation
8939,validation
8606,validation
14544,validation
42249,validation
15245,validation
10658,validation
33204,validation
40423,validation
9338,validation
17468,validation
41415,validation
40257,validation
6143,validation
42014,validation
29380,validation
10085,validation
19437,validation
46899,validation
30620,validation
14132,validation
49515,validation
16064,validation
12491,validation
40018,validation
6259,validation
40330,validation
46822,validation
20134,validation
20653,validation
24008,validation
44632,validation
43214,validation
9476,validation
39818,validation
32236,validation
1087,validation
23464,validation
8859,validation
31844,validation
24307,validation
40545,validation
39255,validation
11742,validation
1,validation
38508,validation
48530,validation
15256,validation
9653,validation
27732,validation
24463,validation
43147,validation
49990,validation
45791,validation
6273,validation
33929,validation
3134,validation
29226,validation
15472,validation
44925,validation
40120,validation
40839,validation
13859,validation
26824,validation
22096,validation
8709,validation
45399,validation
12617,validation
37199,validation
15857,validation
4988,validation
3175,validation
1820,validation
45774,validation
22759,validation
5602,validation
29059,validation
8234,validation
10611,validation
25952,validation
43922,validation
242,validation
853,validation
44078,validation
6104,validation
10709,validation
20919,validation
16643,validation
20145,validation
21707,validation
20787,validation
28864,validation
23545,validation
33048,validation
6582,validation
48173,validation
2376,validation
48757,validation
31524,validation
41144,validation
19998,validation
23481,validation
37031,validation
2800,validation
34512,validation
28717,validation
1002,validation
4458,validation
47805,validation
29567,validation
5642,validation
38781,validation
31213,validation
33520,validation
22948,validation
46533,validation
24608,validation
13529,validation
48991,validation
7548,validation
13840,validation
32844,validation
28463,validation
42374,validation
47845,validation
29593,validation
33623,validation
24573,validation
16409,validation
31947,validation
30873,validation
14952,validation
44516,validation
26672,validation
9781,validation
7440,validation
41346,validation
1145,validation
40154,validation
15498,validation
965,validation
28277,validation
13151,validation
24113,validation
16400,validation
32780,validation
20801,validation
34412,validation
1960,validation
27937,validation
3061,validation
15918,validation
49047,validation
31512,validation
6107,validation
19403,validation
46427,validation
20288,validation
34931,validation
18075,validation
31095,validation
5156,validation
10859,validation
18100,validation
30008,validation
17529,validation
19620,validation
48329,validation
34234,validation
14168,validation
39202,validation
45495,validation
41527,validation
45430,validation
24833,validation
21871,validation
33366,validation
13614,validation
11602,validation
46359,validation
28417,validation
43666,validation
12915,validation
44589,validation
1290,validation
45469,validation
12396,validation
37017,validation
3800,validation
5464,validation
34630,validation
24640,validation
15226,validation
42809,validation
40467,validation
17303,validation
15298,validation
6883,validation
31504,validation
30691,validation
42675,validation
21858,validation
3103,validation
15127,validation
18124,validation
4235,validation
11478,validation
25183,validation
1236,validation
43330,validation
48470,validation
7715,validation
30282,validation
13161,validation
17061,validation
14494,validation
10650,validation
33597,validation
41062,validation
14066,validation
44849,validation
40188,validation
46690,validation
39773,validation
20346,validation
33280,validation
13421,validation
7996,validation
677,validation
23085,validation
41021,validation
39568,validation
22172,validation
32311,validation
33418,validation
35591,validation
24613,validation
2557,validation
1775,validation
42330,validation
25018,validation
31149,validation
7870,validation
41281,validation
38588,validation
25815,validation
5455,validation
9796,validation
2423,validation
16226,validation
12189,validation
36412,validation
18709,validation
3048,validation
1845,validation
37503,validation
33709,validation
47803,validation
28610,validation
5522,validation
38573,validation
7008,validation
43936,validation
35510,validation
43745,validation
38198,validation
15494,validation
45390,validation
35883,validation
1799,validation
24749,validation
14612,validation
103,validation
43782,validation
2643,validation
22663,validation
31890,validation
31276,validation
28954,validation
19658,validation
12404,validation
30226,validation
48778,validation
28081,validation
35651,validation
40466,validation
43827,validation
29856,validation
23683,validation
13218,validation
40779,validation
39564,validation
44940,validation
14924,validation
47735,validation
25578,validation
33572,validation
34948,validation
27460,validation
27531,validation
20987,validation
10501,validation
15289,validation
12349,validation
40579,validation
29319,validation
38337,validation
18870,validation
37678,validation
46795,validation
5155,validation
4488,validation
23468,validation
22335,validation
17547,validation
43613,validation
12590,validation
27464,validation
44331,validation
44945,validation
7273,validation
12016,validation
4554,validation
44274,validation
24798,validation
44814,validation
23535,validation
31058,validation
18036,validation
49788,validation
10410,validation
32459,validation
30157,validation
17372,validation
619,validation
14247,validation
10179,validation
42307,validation
28219,validation
11497,validation
9685,validation
10836,validation
7921,validation
38690,validation
15944,validation
19267,validation
27524,validation
11347,validation
21186,validation
29546,validation
26692,validation
46996,validation
17624,validation
41609,validation
11339,validation
41870,validation
2825,validation
48992,validation
42290,validation
7500,validation
17988,validation
27889,validation
392,validation
39807,validation
47355,validation
13386,validation
38112,validation
17686,validation
40778,validation
11729,validation
15499,validation
44822,validation
890,validation
41104,validation
43802,validation
33117,validation
9953,validation
27794,validation
43331,validation
49373,validation
49169,validation
10430,validation
4231,validation
20382,validation
21472,validation
5673,validation
21421,validation
19290,validation
5384,validation
14063,validation
11318,validation
19258,validation
17011,validation
7016,validation
27350,validation
41802,validation
33744,validation
42513,validation
6056,validation
39211,validation
44184,validation
18333,validation
40915,validation
18742,validation
36653,validation
7622,validation
13236,validation
17697,validation
43791,validation
26873,validation
9762,validation
34771,validation
45881,validation
11710,validation
14821,validation
20085,validation
4009,validation
28380,validation
34113,validation
37505,validation
41360,validation
45904,validation
14598,validation
34624,validation
7457,validation
11613,validation
39703,validation
35523,validation
33600,validation
16392,validation
16055,validation
38795,validation
814,validation
11737,validation
7623,validation
38180,validation
4502,validation
33029,validation
14863,validation
9539,validation
10965,validation
20599,validation
40234,validation
815,validation
49800,validation
28525,validation
29185,validation
37429,validation
17821,validation
10983,validation
15477,validation
23399,validation
6979,validation
14569,validation
26639,validation
8972,validation
28789,validation
20750,validation
720,validation
42015,validation
20604,validation
14638,validation
41202,validation
14219,validation
10975,validation
29836,validation
33964,validation
29698,validation
21291,validation
7255,validation
29753,validation
45060,validation
45616,validation
365,validation
15267,validation
41820,validation
3470,validation
33612,validation
18702,validation
43675,validation
36402,validation
15712,validation
48874,validation
31707,validation
9525,validation
46483,validation
16408,validation
32376,validation
222,validation
36336,validation
30349,validation
47248,validation
2760,validation
2504,validation
24704,validation
4754,validation
48266,validation
28622,validation
39096,validation
20427,validation
6040,validation
33658,validation
44023,validation
45825,validation
43033,validation
6719,validation
14775,validation
42213,validation
45679,validation
4869,validation
1805,validation
11049,validation
48219,validation
35781,validation
17904,validation
36271,validation
17206,validation
28744,validation
568,validation
47204,validation
21927,validation
25415,validation
33606,validation
25267,validation
24427,validation
5912,validation
10535,validation
6553,validation
36640,validation
17693,validation
29242,validation
48342,validation
25500,validation
31398,validation
28212,validation
33546,validation
11285,validation
897,validation
47564,validation
26115,validation
11384,validation
7295,validation
41539,validation
33823,validation
18679,validation
13856,validation
1928,validation
5796,validation
23909,validation
183,validation
19135,validation
16835,validation
9051,validation
45108,validation
46701,validation
13718,validation
2037,validation
10607,validation
36166,validation
25836,validation
31123,validation
6685,validation
49488,validation
29263,validation
473,validation
32154,validation
32592,validation
35496,validation
44284,validation
1878,validation
46513,validation
4286,validation
30921,validation
6745,validation
36619,validation
2042,validation
10039,validation
1801,validation
2220,validation
22537,validation
22878,validation
42232,validation
28837,validation
29610,validation
24140,validation
21164,validation
20353,validation
1704,validation
46040,validation
46907,validation
19947,validation
11867,validation
20499,validation
33904,validation
8470,validation
36985,validation
26730,validation
9716,validation
38521,validation
43927,validation
16591,validation
19289,validation
6502,validation
4818,validation
32689,validation
40859,validation
5226,validation
28670,validation
25559,validation
7913,validation
43645,validation
22799,validation
24201,validation
4636,validation
31692,validation
8922,validation
45682,validation
39103,validation
42200,validation
18770,validation
3511,validation
42191,validation
18675,validation
31545,validation
13142,validation
22334,validation
34314,validation
10569,validation
30823,validation
29161,validation
2381,validation
49410,validation
21651,validation
7278,validation
37520,validation
8593,validation
10980,validation
40136,validation
25772,validation
5498,validation
11599,validation
8852,validation
6939,validation
10904,validation
48527,validation
34788,validation
48662,validation
49142,validation
33424,validation
34987,validation
20206,validation
48464,validation
41861,validation
2562,validation
35485,validation
40891,validation
35445,validation
9635,validation
26761,validation
2695,validation
32269,validation
17646,validation
5874,validation
20081,validation
49825,validation
28375,validation
13664,validation
49966,validation
45379,validation
750,validation
8262,validation
47529,validation
29430,validation
15395,validation
25848,validation
34724,validation
26685,validation
7542,validation
5683,validation
34940,validation
2306,validation
19099,validation
15836,validation
11850,validation
41112,validation
6094,validation
27822,validation
8516,validation
2763,validation
40966,validation
12600,validation
18963,validation
46195,validation
10883,validation
31425,validation
33774,validation
37645,validation
5815,validation
8751,validation
21780,validation
44236,validation
31858,validation
3447,validation
10185,validation
8892,validation
17990,validation
1017,validation
25971,validation
17858,validation
43721,validation
43999,validation
10256,validation
12894,validation
21879,validation
38884,validation
41417,validation
43890,validation
1795,validation
49855,validation
18852,validation
17181,validation
8366,validation
29602,validation
31628,validation
24517,validation
49877,validation
49924,validation
12674,validation
6609,validation
7081,validation
18160,validation
38120,validation
35688,validation
29872,validation
11459,validation
12811,validation
35967,validation
46860,validation
45211,validation
35564,validation
23813,validation
33689,validation
1336,validation
30522,validation
9788,validation
44506,validation
823,validation
14977,validation
8992,validation
42888,validation
42039,validation
11255,validation
47144,validation
46498,validation
37625,validation
6974,validation
22136,validation
1019,validation
7314,validation
20523,validation
33988,validation
553,validation
12169,validation
48404,validation
672,validation
10327,validation
42401,validation
38234,validation
29900,validation
25890,validation
41375,validation
46755,validation
8514,validation
21728,validation
6177,validation
2245,validation
29379,validation
29680,validation
31605,validation
15890,validation
34277,validation
34698,validation
38472,validation
3821,validation
45759,validation
23331,validation
37994,validation
37359,validation
11677,validation
26907,validation
47179,validation
35624,validation
30639,validation
34282,validation
23333,validation
43179,validation
37502,validation
16061,validation
31460,validation
7761,validation
11755,validation
26822,validation
3792,validation
11267,validation
28726,validation
44147,validation
28431,validation
11563,validation
10271,validation
29976,validation
48030,validation
19041,validation
3009,validation
7534,validation
48425,validation
5690,validation
34973,validation
17462,validation
45685,validation
27411,validation
46437,validation
8677,validation
22371,validation
39434,validation
31559,validation
5462,validation
49675,validation
20639,validation
40824,validation
42162,validation
20661,validation
23384,validation
21090,validation
10730,validation
42713,validation
47919,validation
43719,validation
37064,validation
38745,validation
17550,validation
29028,validation
47087,validation
9488,validation
26476,validation
29103,validation
13838,validation
48685,validation
14317,validation
49963,validation
39036,validation
23876,validation
37531,validation
36721,validation
42500,validation
39462,validation
12878,validation
21233,validation
7784,validation
12927,validation
21198,validation
40959,validation
15604,validation
20654,validation
15747,validation
16817,validation
42855,validation
19531,validation
26299,validation
42114,validation
6494,validation
39296,validation
2497,validation
27708,validation
6800,validation
246,validation
41878,validation
42571,validation
30883,validation
39811,validation
38687,validation
33766,validation
596,validation
38597,validation
27095,validation
32675,validation
1029,validation
31173,validation
31748,validation
21779,validation
14459,validation
8009,validation
20345,validation
34306,validation
30113,validation
9676,validation
28853,validation
6932,validation
5580,validation
10702,validation
46553,validation
6623,validation
39889,validation
2064,validation
2928,validation
48226,validation
30696,validation
32492,validation
20700,validation
17534,validation
4628,validation
16665,validation
16825,validation
26395,validation
47071,validation
18545,validation
26089,validation
32181,validation
5278,validation
35270,validation
22130,validation
30248,validation
10853,validation
39264,validation
18626,validation
31863,validation
37208,validation
36680,validation
38456,validation
18779,validation
17894,validation
14632,validation
24525,validation
15736,validation
27105,validation
29154,validation
9428,validation
30654,validation
14439,validation
47168,validation
36967,validation
25987,validation
44454,validation
27218,validation
14604,validation
44875,validation
46058,validation
3614,validation
47639,validation
27857,validation
43287,validation
1713,validation
39765,validation
48210,validation
38343,validation
8799,validation
5147,validation
35086,validation
8881,validation
21987,validation
39094,validation
49953,validation
5110,validation
14207,validation
2056,validation
26603,validation
3448,validation
9066,validation
38011,validation
37962,validation
3278,validation
16849,validation
30742,validation
10110,validation
16688,validation
47145,validation
1493,validation
17506,validation
14104,validation
48559,validation
14141,validation
21352,validation
31781,validation
29979,validation
23454,validation
12925,validation
29714,validation
1529,validation
28752,validation
49127,validation
45511,validation
49962,validation
20420,validation
32585,validation
11734,validation
19852,validation
48921,validation
37809,validation
12281,validation
44101,validation
19793,validation
8070,validation
17811,validation
19725,validation
48360,validation
22795,validation
18287,validation
34060,validation
37450,validation
10703,validation
20752,validation
15239,validation
3717,validation
44924,validation
24460,validation
22440,validation
6686,validation
27440,validation
37084,validation
41705,validation
36760,validation
46601,validation
45676,validation
2577,validation
43996,validation
28202,validation
47828,validation
3118,validation
543,validation
28739,validation
46706,validation
17929,validation
35771,validation
37810,validation
42136,validation
41289,validation
49923,validation
19612,validation
3418,validation
1341,validation
46298,validation
9534,validation
48710,validation
11649,validation
25004,validation
19544,validation
45687,validation
37489,validation
33895,validation
19043,validation
42197,validation
40675,validation
33750,validation
2797,validation
9848,validation
9997,validation
1368,validation
29831,validation
15252,validation
10432,validation
31969,validation
27016,validation
26001,validation
2934,validation
31493,validation
41475,validation
29514,validation
31602,validation
45253,validation
49841,validation
43005,validation
10182,validation
22502,validation
5646,validation
31763,validation
6691,validation
8275,validation
9489,validation
32549,validation
4217,validation
45875,validation
25202,validation
12425,validation
48383,validation
20471,validation
49649,validation
23063,validation
42516,validation
28290,validation
23317,validation
807,validation
44751,validation
37969,validation
6670,validation
10753,validation
5961,validation
5585,validation
22110,validation
25846,validation
11367,validation
35696,validation
273,validation
14568,validation
41960,validation
544,validation
35417,validation
49658,validation
39240,validation
12979,validation
14272,validation
24554,validation
6571,validation
25803,validation
38764,validation
36015,validation
45407,validation
14314,validation
3826,validation
33006,validation
23641,validation
42438,validation
34801,validation
20895,validation
9185,validation
30364,validation
44272,validation
3042,validation
21971,validation
37913,validation
7770,validation
23486,validation
39442,validation
39755,validation
3520,validation
48536,validation
42111,validation
45275,validation
2729,validation
11431,validation
30884,validation
3743,validation
26247,validation
21293,validation
49911,validation
13623,validation
45696,validation
8791,validation
23962,validation
49679,validation
23810,validation
4119,validation
7926,validation
36174,validation
47420,validation
43352,validation
11072,validation
39474,validation
17632,validation
10160,validation
6405,validation
30875,validation
5029,validation
38661,validation
49394,validation
7419,validation
17386,validation
18690,validation
18684,validation
1303,validation
33797,validation
34820,validation
36994,validation
38815,validation
36617,validation
21938,validation
30568,validation
500,validation
49862,validation
25624,validation
36111,validation
38693,validation
28016,validation
43529,validation
34056,validation
17128,validation
32117,validation
47141,validation
20794,validation
10653,validation
1195,validation
14965,validation
33082,validation
18173,validation
22570,validation
29502,validation
28872,validation
11403,validation
38603,validation
47421,validation
7093,validation
3587,validation
25356,validation
46480,validation
35280,validation
17127,validation
22459,validation
23526,validation
2304,validation
34432,validation
1223,validation
27589,validation
40544,validation
37319,validation
8594,validation
4835,validation
22865,validation
16371,validation
45298,validation
49472,validation
41643,validation
19393,validation
26772,validation
39208,validation
37734,validation
32948,validation
25861,validation
19370,validation
40740,validation
35518,validation
37544,validation
48324,validation
6215,validation
41154,validation
8535,validation
14211,validation
48103,validation
48695,validation
42928,validation
3178,validation
46360,validation
39650,validation
23284,validation
22323,validation
40540,validation
29004,validation
28186,validation
40594,validation
3135,validation
40581,validation
12585,validation
5209,validation
5587,validation
9737,validation
19792,validation
22705,validation
2044,validation
10878,validation
26849,validation
48618,validation
1959,validation
38203,validation
7596,validation
36079,validation
9231,validation
33039,validation
14127,validation
7810,validation
25621,validation
29779,validation
36778,validation
1061,validation
27694,validation
18244,validation
32797,validation
891,validation
23169,validation
27901,validation
44527,validation
10803,validation
4882,validation
8057,validation
43196,validation
33668,validation
28846,validation
47977,validation
2162,validation
46585,validation
6357,validation
31807,validation
27609,validation
35907,validation
35074,validation
17044,validation
19706,validation
25076,validation
48811,validation
3583,validation
38374,validation
18201,validation
34112,validation
40238,validation
27047,validation
19581,validation
3031,validation
29320,validation
16329,validation
40220,validation
6720,validation
11012,validation
29846,validation
49183,validation
45624,validation
41046,validation
8457,validation
40661,validation
45433,validation
29197,validation
12849,validation
6201,validation
49891,validation
37931,validation
23700,validation
20237,validation
41817,validation
9674,validation
19420,validation
15771,validation
23292,validation
49849,validation
9209,validation
42254,validation
36656,validation
15473,validation
43514,validation
46135,validation
32097,validation
29058,validation
7809,validation
20079,validation
21084,validation
26111,validation
9511,validation
41227,validation
12846,validation
219,validation
38544,validation
24290,validation
28754,validation
40700,validation
14877,validation
28059,validation
33680,validation
28870,validation
25530,validation
45888,validation
8822,validation
34503,validation
15155,validation
4257,validation
31236,validation
37940,validation
26013,validation
11779,validation
40135,validation
12561,validation
17362,validation
38580,validation
31054,validation
47479,validation
46914,validation
44115,validation
14974,validation
29811,validation
27776,validation
30099,validation
38385,validation
32969,validation
39323,validation
4886,validation
16295,validation
17832,validation
48982,validation
8027,validation
5662,validation
30471,validation
47998,validation
17999,validation
16463,validation
4810,validation
30137,validation
8990,validation
5387,validation
32860,validation
29176,validation
9118,validation
17787,validation
45540,validation
16865,validation
1418,validation
1672,validation
49032,validation
16634,validation
42031,validation
8583,validation
49471,validation
46507,validation
11372,validation
45417,validation
5175,validation
42488,validation
45561,validation
11000,validation
46779,validation
10559,validation
48171,validation
46986,validation
25747,validation
40479,validation
36501,validation
39020,validation
12542,validation
968,validation
10500,validation
25593,validation
35088,validation
34522,validation
32327,validation
27550,validation
44157,validation
8456,validation
7281,validation
49369,validation
3565,validation
23420,validation
31278,validation
45533,validation
42202,validation
29435,validation
45771,validation
23991,validation
41904,validation
39191,validation
29550,validation
2990,validation
43623,validation
27183,validation
28542,validation
8125,validation
2681,validation
22233,validation
33291,validation
45214,validation
3394,validation
3153,validation
46170,validation
9814,validation
23689,validation
11434,validation
14030,validation
36833,validation
35831,validation
15527,validation
34018,validation
14368,validation
42489,validation
31742,validation
4591,validation
45890,validation
19646,validation
8511,validation
11024,validation
654,validation
234,validation
26028,validation
23963,validation
45512,validation
24657,validation
3811,validation
47477,validation
29785,validation
47915,validation
1802,validation
8728,validation
30611,validation
17684,validation
31510,validation
23606,validation
10778,validation
26399,validation
3841,validation
45491,validation
16818,validation
43313,validation
3557,validation
21312,validation
41134,validation
1575,validation
13574,validation
25682,validation
49827,validation
48211,validation
38741,validation
79,validation
38192,validation
6393,validation
31555,validation
48286,validation
6131,validation
24321,validation
8713,validation
5201,validation
12923,validation
33395,validation
197,validation
40083,validation
3880,validation
25063,validation
19880,validation
45617,validation
43030,validation
16275,validation
47966,validation
45681,validation
39241,validation
5791,validation
4276,validation
47317,validation
26170,validation
9660,validation
45964,validation
4957,validation
33783,validation
30507,validation
46664,validation
25626,validation
8298,validation
29938,validation
15818,validation
49282,validation
12700,validation
44338,validation
10932,validation
7661,validation
33755,validation
38951,validation
44671,validation
42195,validation
2631,validation
10625,validation
8684,validation
24878,validation
37980,validation
8687,validation
33114,validation
580,validation
1182,validation
46228,validation
40883,validation
27876,validation
11274,validation
36126,validation
43558,validation
20489,validation
39842,validation
27659,validation
48702,validation
38962,validation
40515,validation
49738,validation
37934,validation
4585,validation
25504,validation
33495,validation
27264,validation
37964,validation
12186,validation
35773,validation
29737,validation
29373,validation
8819,validation
19675,validation
23838,validation
4398,validation
35103,validation
18885,validation
34534,validation
35935,validation
13209,validation
38354,validation
998,validation
2316,validation
6205,validation
25208,validation
1778,validation
13720,validation
18103,validation
41982,validation
29745,validation
25302,validation
39729,validation
0,test
1,test
2,test
3,test
4,test
5,test
6,test
7,test
8,test
9,test
10,test
11,test
12,test
13,test
14,test
15,test
16,test
17,test
18,test
19,test
20,test
21,test
22,test
23,test
24,test
25,test
26,test
27,test
28,test
29,test
30,test
31,test
32,test
33,test
34,test
35,test
36,test
37,test
38,test
39,test
40,test
41,test
42,test
43,test
44,test
45,test
46,test
47,test
48,test
49,test
50,test
51,test
52,test
53,test
54,test
55,test
56,test
57,test
58,test
59,test
60,test
61,test
62,test
63,test
64,test
65,test
66,test
67,test
68,test
69,test
70,test
71,test
72,test
73,test
74,test
75,test
76,test
77,test
78,test
79,test
80,test
81,test
82,test
83,test
84,test
85,test
86,test
87,test
88,test
89,test
90,test
91,test
92,test
93,test
94,test
95,test
96,test
97,test
98,test
99,test
100,test
101,test
102,test
103,test
104,test
105,test
106,test
107,test
108,test
109,test
110,test
111,test
112,test
113,test
114,test
115,test
116,test
117,test
118,test
119,test
120,test
121,test
122,test
123,test
124,test
125,test
126,test
127,test
128,test
129,test
130,test
131,test
132,test
133,test
134,test
135,test
136,test
137,test
138,test
139,test
140,test
141,test
142,test
143,test
144,test
145,test
146,test
147,test
148,test
149,test
150,test
151,test
152,test
153,test
154,test
155,test
156,test
157,test
158,test
159,test
160,test
161,test
162,test
163,test
164,test
165,test
166,test
167,test
168,test
169,test
170,test
171,test
172,test
173,test
174,test
175,test
176,test
177,test
178,test
179,test
180,test
181,test
182,test
183,test
184,test
185,test
186,test
187,test
188,test
189,test
190,test
191,test
192,test
193,test
194,test
195,test
196,test
197,test
198,test
199,test
200,test
201,test
202,test
203,test
204,test
205,test
206,test
207,test
208,test
209,test
210,test
211,test
212,test
213,test
214,test
215,test
216,test
217,test
218,test
219,test
220,test
221,test
222,test
223,test
224,test
225,test
226,test
227,test
228,test
229,test
230,test
231,test
232,test
233,test
234,test
235,test
236,test
237,test
238,test
239,test
240,test
241,test
242,test
243,test
244,test
245,test
246,test
247,test
248,test
249,test
250,test
251,test
252,test
253,test
254,test
255,test
256,test
257,test
258,test
259,test
260,test
261,test
262,test
263,test
264,test
265,test
266,test
267,test
268,test
269,test
270,test
271,test
272,test
273,test
274,test
275,test
276,test
277,test
278,test
279,test
280,test
281,test
282,test
283,test
284,test
285,test
286,test
287,test
288,test
289,test
290,test
291,test
292,test
293,test
294,test
295,test
296,test
297,test
298,test
299,test
300,test
301,test
302,test
303,test
304,test
305,test
306,test
307,test
308,test
309,test
310,test
311,test
312,test
313,test
314,test
315,test
316,test
317,test
318,test
319,test
320,test
321,test
322,test
323,test
324,test
325,test
326,test
327,test
328,test
329,test
330,test
331,test
332,test
333,test
334,test
335,test
336,test
337,test
338,test
339,test
340,test
341,test
342,test
343,test
344,test
345,test
346,test
347,test
348,test
349,test
350,test
351,test
352,test
353,test
354,test
355,test
356,test
357,test
358,test
359,test
360,test
361,test
362,test
363,test
364,test
365,test
366,test
367,test
368,test
369,test
370,test
371,test
372,test
373,test
374,test
375,test
376,test
377,test
378,test
379,test
380,test
381,test
382,test
383,test
384,test
385,test
386,test
387,test
388,test
389,test
390,test
391,test
392,test
393,test
394,test
395,test
396,test
397,test
398,test
399,test
400,test
401,test
402,test
403,test
404,test
405,test
406,test
407,test
408,test
409,test
410,test
411,test
412,test
413,test
414,test
415,test
416,test
417,test
418,test
419,test
420,test
421,test
422,test
423,test
424,test
425,test
426,test
427,test
428,test
429,test
430,test
431,test
432,test
433,test
434,test
435,test
436,test
437,test
438,test
439,test
440,test
441,test
442,test
443,test
444,test
445,test
446,test
447,test
448,test
449,test
450,test
451,test
452,test
453,test
454,test
455,test
456,test
457,test
458,test
459,test
460,test
461,test
462,test
463,test
464,test
465,test
466,test
467,test
468,test
469,test
470,test
471,test
472,test
473,test
474,test
475,test
476,test
477,test
478,test
479,test
480,test
481,test
482,test
483,test
484,test
485,test
486,test
487,test
488,test
489,test
490,test
491,test
492,test
493,test
494,test
495,test
496,test
497,test
498,test
499,test
500,test
501,test
502,test
503,test
504,test
505,test
506,test
507,test
508,test
509,test
510,test
511,test
512,test
513,test
514,test
515,test
516,test
517,test
518,test
519,test
520,test
521,test
522,test
523,test
524,test
525,test
526,test
527,test
528,test
529,test
530,test
531,test
532,test
533,test
534,test
535,test
536,test
537,test
538,test
539,test
540,test
541,test
542,test
543,test
544,test
545,test
546,test
547,test
548,test
549,test
550,test
551,test
552,test
553,test
554,test
555,test
556,test
557,test
558,test
559,test
560,test
561,test
562,test
563,test
564,test
565,test
566,test
567,test
568,test
569,test
570,test
571,test
572,test
573,test
574,test
575,test
576,test
577,test
578,test
579,test
580,test
581,test
582,test
583,test
584,test
585,test
586,test
587,test
588,test
589,test
590,test
591,test
592,test
593,test
594,test
595,test
596,test
597,test
598,test
599,test
600,test
601,test
602,test
603,test
604,test
605,test
606,test
607,test
608,test
609,test
610,test
611,test
612,test
613,test
614,test
615,test
616,test
617,test
618,test
619,test
620,test
621,test
622,test
623,test
624,test
625,test
626,test
627,test
628,test
629,test
630,test
631,test
632,test
633,test
634,test
635,test
636,test
637,test
638,test
639,test
640,test
641,test
642,test
643,test
644,test
645,test
646,test
647,test
648,test
649,test
650,test
651,test
652,test
653,test
654,test
655,test
656,test
657,test
658,test
659,test
660,test
661,test
662,test
663,test
664,test
665,test
666,test
667,test
668,test
669,test
670,test
671,test
672,test
673,test
674,test
675,test
676,test
677,test
678,test
679,test
680,test
681,test
682,test
683,test
684,test
685,test
686,test
687,test
688,test
689,test
690,test
691,test
692,test
693,test
694,test
695,test
696,test
697,test
698,test
699,test
700,test
701,test
702,test
703,test
704,test
705,test
706,test
707,test
708,test
709,test
710,test
711,test
712,test
713,test
714,test
715,test
716,test
717,test
718,test
719,test
720,test
721,test
722,test
723,test
724,test
725,test
726,test
727,test
728,test
729,test
730,test
731,test
732,test
733,test
734,test
735,test
736,test
737,test
738,test
739,test
740,test
741,test
742,test
743,test
744,test
745,test
746,test
747,test
748,test
749,test
750,test
751,test
752,test
753,test
754,test
755,test
756,test
757,test
758,test
759,test
760,test
761,test
762,test
763,test
764,test
765,test
766,test
767,test
768,test
769,test
770,test
771,test
772,test
773,test
774,test
775,test
776,test
777,test
778,test
779,test
780,test
781,test
782,test
783,test
784,test
785,test
786,test
787,test
788,test
789,test
790,test
791,test
792,test
793,test
794,test
795,test
796,test
797,test
798,test
799,test
800,test
801,test
802,test
803,test
804,test
805,test
806,test
807,test
808,test
809,test
810,test
811,test
812,test
813,test
814,test
815,test
816,test
817,test
818,test
819,test
820,test
821,test
822,test
823,test
824,test
825,test
826,test
827,test
828,test
829,test
830,test
831,test
832,test
833,test
834,test
835,test
836,test
837,test
838,test
839,test
840,test
841,test
842,test
843,test
844,test
845,test
846,test
847,test
848,test
849,test
850,test
851,test
852,test
853,test
854,test
855,test
856,test
857,test
858,test
859,test
860,test
861,test
862,test
863,test
864,test
865,test
866,test
867,test
868,test
869,test
870,test
871,test
872,test
873,test
874,test
875,test
876,test
877,test
878,test
879,test
880,test
881,test
882,test
883,test
884,test
885,test
886,test
887,test
888,test
889,test
890,test
891,test
892,test
893,test
894,test
895,test
896,test
897,test
898,test
899,test
900,test
901,test
902,test
903,test
904,test
905,test
906,test
907,test
908,test
909,test
910,test
911,test
912,test
913,test
914,test
915,test
916,test
917,test
918,test
919,test
920,test
921,test
922,test
923,test
924,test
925,test
926,test
927,test
928,test
929,test
930,test
931,test
932,test
933,test
934,test
935,test
936,test
937,test
938,test
939,test
940,test
941,test
942,test
943,test
944,test
945,test
946,test
947,test
948,test
949,test
950,test
951,test
952,test
953,test
954,test
955,test
956,test
957,test
958,test
959,test
960,test
961,test
962,test
963,test
964,test
965,test
966,test
967,test
968,test
969,test
970,test
971,test
972,test
973,test
974,test
975,test
976,test
977,test
978,test
979,test
980,test
981,test
982,test
983,test
984,test
985,test
986,test
987,test
988,test
989,test
990,test
991,test
992,test
993,test
994,test
995,test
996,test
997,test
998,test
999,test
1000,test
1001,test
1002,test
1003,test
1004,test
1005,test
1006,test
1007,test
1008,test
1009,test
1010,test
1011,test
1012,test
1013,test
1014,test
1015,test
1016,test
1017,test
1018,test
1019,test
1020,test
1021,test
1022,test
1023,test
1024,test
1025,test
1026,test
1027,test
1028,test
1029,test
1030,test
1031,test
1032,test
1033,test
1034,test
1035,test
1036,test
1037,test
1038,test
1039,test
1040,test
1041,test
1042,test
1043,test
1044,test
1045,test
1046,test
1047,test
1048,test
1049,test
1050,test
1051,test
1052,test
1053,test
1054,test
1055,test
1056,test
1057,test
1058,test
1059,test
1060,test
1061,test
1062,test
1063,test
1064,test
1065,test
1066,test
1067,test
1068,test
1069,test
1070,test
1071,test
1072,test
1073,test
1074,test
1075,test
1076,test
1077,test
1078,test
1079,test
1080,test
1081,test
1082,test
1083,test
1084,test
1085,test
1086,test
1087,test
1088,test
1089,test
1090,test
1091,test
1092,test
1093,test
1094,test
1095,test
1096,test
1097,test
1098,test
1099,test
1100,test
1101,test
1102,test
1103,test
1104,test
1105,test
1106,test
1107,test
1108,test
1109,test
1110,test
1111,test
1112,test
1113,test
1114,test
1115,test
1116,test
1117,test
1118,test
1119,test
1120,test
1121,test
1122,test
1123,test
1124,test
1125,test
1126,test
1127,test
1128,test
1129,test
1130,test
1131,test
1132,test
1133,test
1134,test
1135,test
1136,test
1137,test
1138,test
1139,test
1140,test
1141,test
1142,test
1143,test
1144,test
1145,test
1146,test
1147,test
1148,test
1149,test
1150,test
1151,test
1152,test
1153,test
1154,test
1155,test
1156,test
1157,test
1158,test
1159,test
1160,test
1161,test
1162,test
1163,test
1164,test
1165,test
1166,test
1167,test
1168,test
1169,test
1170,test
1171,test
1172,test
1173,test
1174,test
1175,test
1176,test
1177,test
1178,test
1179,test
1180,test
1181,test
1182,test
1183,test
1184,test
1185,test
1186,test
1187,test
1188,test
1189,test
1190,test
1191,test
1192,test
1193,test
1194,test
1195,test
1196,test
1197,test
1198,test
1199,test
1200,test
1201,test
1202,test
1203,test
1204,test
1205,test
1206,test
1207,test
1208,test
1209,test
1210,test
1211,test
1212,test
1213,test
1214,test
1215,test
1216,test
1217,test
1218,test
1219,test
1220,test
1221,test
1222,test
1223,test
1224,test
1225,test
1226,test
1227,test
1228,test
1229,test
1230,test
1231,test
1232,test
1233,test
1234,test
1235,test
1236,test
1237,test
1238,test
1239,test
1240,test
1241,test
1242,test
1243,test
1244,test
1245,test
1246,test
1247,test
1248,test
1249,test
1250,test
1251,test
1252,test
1253,test
1254,test
1255,test
1256,test
1257,test
1258,test
1259,test
1260,test
1261,test
1262,test
1263,test
1264,test
1265,test
1266,test
1267,test
1268,test
1269,test
1270,test
1271,test
1272,test
1273,test
1274,test
1275,test
1276,test
1277,test
1278,test
1279,test
1280,test
1281,test
1282,test
1283,test
1284,test
1285,test
1286,test
1287,test
1288,test
1289,test
1290,test
1291,test
1292,test
1293,test
1294,test
1295,test
1296,test
1297,test
1298,test
1299,test
1300,test
1301,test
1302,test
1303,test
1304,test
1305,test
1306,test
1307,test
1308,test
1309,test
1310,test
1311,test
1312,test
1313,test
1314,test
1315,test
1316,test
1317,test
1318,test
1319,test
1320,test
1321,test
1322,test
1323,test
1324,test
1325,test
1326,test
1327,test
1328,test
1329,test
1330,test
1331,test
1332,test
1333,test
1334,test
1335,test
1336,test
1337,test
1338,test
1339,test
1340,test
1341,test
1342,test
1343,test
1344,test
1345,test
1346,test
1347,test
1348,test
1349,test
1350,test
1351,test
1352,test
1353,test
1354,test
1355,test
1356,test
1357,test
1358,test
1359,test
1360,test
1361,test
1362,test
1363,test
1364,test
1365,test
1366,test
1367,test
1368,test
1369,test
1370,test
1371,test
1372,test
1373,test
1374,test
1375,test
1376,test
1377,test
1378,test
1379,test
1380,test
1381,test
1382,test
1383,test
1384,test
1385,test
1386,test
1387,test
1388,test
1389,test
1390,test
1391,test
1392,test
1393,test
1394,test
1395,test
1396,test
1397,test
1398,test
1399,test
1400,test
1401,test
1402,test
1403,test
1404,test
1405,test
1406,test
1407,test
1408,test
1409,test
1410,test
1411,test
1412,test
1413,test
1414,test
1415,test
1416,test
1417,test
1418,test
1419,test
1420,test
1421,test
1422,test
1423,test
1424,test
1425,test
1426,test
1427,test
1428,test
1429,test
1430,test
1431,test
1432,test
1433,test
1434,test
1435,test
1436,test
1437,test
1438,test
1439,test
1440,test
1441,test
1442,test
1443,test
1444,test
1445,test
1446,test
1447,test
1448,test
1449,test
1450,test
1451,test
1452,test
1453,test
1454,test
1455,test
1456,test
1457,test
1458,test
1459,test
1460,test
1461,test
1462,test
1463,test
1464,test
1465,test
1466,test
1467,test
1468,test
1469,test
1470,test
1471,test
1472,test
1473,test
1474,test
1475,test
1476,test
1477,test
1478,test
1479,test
1480,test
1481,test
1482,test
1483,test
1484,test
1485,test
1486,test
1487,test
1488,test
1489,test
1490,test
1491,test
1492,test
1493,test
1494,test
1495,test
1496,test
1497,test
1498,test
1499,test
1500,test
1501,test
1502,test
1503,test
1504,test
1505,test
1506,test
1507,test
1508,test
1509,test
1510,test
1511,test
1512,test
1513,test
1514,test
1515,test
1516,test
1517,test
1518,test
1519,test
1520,test
1521,test
1522,test
1523,test
1524,test
1525,test
1526,test
1527,test
1528,test
1529,test
1530,test
1531,test
1532,test
1533,test
1534,test
1535,test
1536,test
1537,test
1538,test
1539,test
1540,test
1541,test
1542,test
1543,test
1544,test
1545,test
1546,test
1547,test
1548,test
1549,test
1550,test
1551,test
1552,test
1553,test
1554,test
1555,test
1556,test
1557,test
1558,test
1559,test
1560,test
1561,test
1562,test
1563,test
1564,test
1565,test
1566,test
1567,test
1568,test
1569,test
1570,test
1571,test
1572,test
1573,test
1574,test
1575,test
1576,test
1577,test
1578,test
1579,test
1580,test
1581,test
1582,test
1583,test
1584,test
1585,test
1586,test
1587,test
1588,test
1589,test
1590,test
1591,test
1592,test
1593,test
1594,test
1595,test
1596,test
1597,test
1598,test
1599,test
1600,test
1601,test
1602,test
1603,test
1604,test
1605,test
1606,test
1607,test
1608,test
1609,test
1610,test
1611,test
1612,test
1613,test
1614,test
1615,test
1616,test
1617,test
1618,test
1619,test
1620,test
1621,test
1622,test
1623,test
1624,test
1625,test
1626,test
1627,test
1628,test
1629,test
1630,test
1631,test
1632,test
1633,test
1634,test
1635,test
1636,test
1637,test
1638,test
1639,test
1640,test
1641,test
1642,test
1643,test
1644,test
1645,test
1646,test
1647,test
1648,test
1649,test
1650,test
1651,test
1652,test
1653,test
1654,test
1655,test
1656,test
1657,test
1658,test
1659,test
1660,test
1661,test
1662,test
1663,test
1664,test
1665,test
1666,test
1667,test
1668,test
1669,test
1670,test
1671,test
1672,test
1673,test
1674,test
1675,test
1676,test
1677,test
1678,test
1679,test
1680,test
1681,test
1682,test
1683,test
1684,test
1685,test
1686,test
1687,test
1688,test
1689,test
1690,test
1691,test
1692,test
1693,test
1694,test
1695,test
1696,test
1697,test
1698,test
1699,test
1700,test
1701,test
1702,test
1703,test
1704,test
1705,test
1706,test
1707,test
1708,test
1709,test
1710,test
1711,test
1712,test
1713,test
1714,test
1715,test
1716,test
1717,test
1718,test
1719,test
1720,test
1721,test
1722,test
1723,test
1724,test
1725,test
1726,test
1727,test
1728,test
1729,test
1730,test
1731,test
1732,test
1733,test
1734,test
1735,test
1736,test
1737,test
1738,test
1739,test
1740,test
1741,test
1742,test
1743,test
1744,test
1745,test
1746,test
1747,test
1748,test
1749,test
1750,test
1751,test
1752,test
1753,test
1754,test
1755,test
1756,test
1757,test
1758,test
1759,test
1760,test
1761,test
1762,test
1763,test
1764,test
1765,test
1766,test
1767,test
1768,test
1769,test
1770,test
1771,test
1772,test
1773,test
1774,test
1775,test
1776,test
1777,test
1778,test
1779,test
1780,test
1781,test
1782,test
1783,test
1784,test
1785,test
1786,test
1787,test
1788,test
1789,test
1790,test
1791,test
1792,test
1793,test
1794,test
1795,test
1796,test
1797,test
1798,test
1799,test
1800,test
1801,test
1802,test
1803,test
1804,test
1805,test
1806,test
1807,test
1808,test
1809,test
1810,test
1811,test
1812,test
1813,test
1814,test
1815,test
1816,test
1817,test
1818,test
1819,test
1820,test
1821,test
1822,test
1823,test
1824,test
1825,test
1826,test
1827,test
1828,test
1829,test
1830,test
1831,test
1832,test
1833,test
1834,test
1835,test
1836,test
1837,test
1838,test
1839,test
1840,test
1841,test
1842,test
1843,test
1844,test
1845,test
1846,test
1847,test
1848,test
1849,test
1850,test
1851,test
1852,test
1853,test
1854,test
1855,test
1856,test
1857,test
1858,test
1859,test
1860,test
1861,test
1862,test
1863,test
1864,test
1865,test
1866,test
1867,test
1868,test
1869,test
1870,test
1871,test
1872,test
1873,test
1874,test
1875,test
1876,test
1877,test
1878,test
1879,test
1880,test
1881,test
1882,test
1883,test
1884,test
1885,test
1886,test
1887,test
1888,test
1889,test
1890,test
1891,test
1892,test
1893,test
1894,test
1895,test
1896,test
1897,test
1898,test
1899,test
1900,test
1901,test
1902,test
1903,test
1904,test
1905,test
1906,test
1907,test
1908,test
1909,test
1910,test
1911,test
1912,test
1913,test
1914,test
1915,test
1916,test
1917,test
1918,test
1919,test
1920,test
1921,test
1922,test
1923,test
1924,test
1925,test
1926,test
1927,test
1928,test
1929,test
1930,test
1931,test
1932,test
1933,test
1934,test
1935,test
1936,test
1937,test
1938,test
1939,test
1940,test
1941,test
1942,test
1943,test
1944,test
1945,test
1946,test
1947,test
1948,test
1949,test
1950,test
1951,test
1952,test
1953,test
1954,test
1955,test
1956,test
1957,test
1958,test
1959,test
1960,test
1961,test
1962,test
1963,test
1964,test
1965,test
1966,test
1967,test
1968,test
1969,test
1970,test
1971,test
1972,test
1973,test
1974,test
1975,test
1976,test
1977,test
1978,test
1979,test
1980,test
1981,test
1982,test
1983,test
1984,test
1985,test
1986,test
1987,test
1988,test
1989,test
1990,test
1991,test
1992,test
1993,test
1994,test
1995,test
1996,test
1997,test
1998,test
1999,test
2000,test
2001,test
2002,test
2003,test
2004,test
2005,test
2006,test
2007,test
2008,test
2009,test
2010,test
2011,test
2012,test
2013,test
2014,test
2015,test
2016,test
2017,test
2018,test
2019,test
2020,test
2021,test
2022,test
2023,test
2024,test
2025,test
2026,test
2027,test
2028,test
2029,test
2030,test
2031,test
2032,test
2033,test
2034,test
2035,test
2036,test
2037,test
2038,test
2039,test
2040,test
2041,test
2042,test
2043,test
2044,test
2045,test
2046,test
2047,test
2048,test
2049,test
2050,test
2051,test
2052,test
2053,test
2054,test
2055,test
2056,test
2057,test
2058,test
2059,test
2060,test
2061,test
2062,test
2063,test
2064,test
2065,test
2066,test
2067,test
2068,test
2069,test
2070,test
2071,test
2072,test
2073,test
2074,test
2075,test
2076,test
2077,test
2078,test
2079,test
2080,test
2081,test
2082,test
2083,test
2084,test
2085,test
2086,test
2087,test
2088,test
2089,test
2090,test
2091,test
2092,test
2093,test
2094,test
2095,test
2096,test
2097,test
2098,test
2099,test
2100,test
2101,test
2102,test
2103,test
2104,test
2105,test
2106,test
2107,test
2108,test
2109,test
2110,test
2111,test
2112,test
2113,test
2114,test
2115,test
2116,test
2117,test
2118,test
2119,test
2120,test
2121,test
2122,test
2123,test
2124,test
2125,test
2126,test
2127,test
2128,test
2129,test
2130,test
2131,test
2132,test
2133,test
2134,test
2135,test
2136,test
2137,test
2138,test
2139,test
2140,test
2141,test
2142,test
2143,test
2144,test
2145,test
2146,test
2147,test
2148,test
2149,test
2150,test
2151,test
2152,test
2153,test
2154,test
2155,test
2156,test
2157,test
2158,test
2159,test
2160,test
2161,test
2162,test
2163,test
2164,test
2165,test
2166,test
2167,test
2168,test
2169,test
2170,test
2171,test
2172,test
2173,test
2174,test
2175,test
2176,test
2177,test
2178,test
2179,test
2180,test
2181,test
2182,test
2183,test
2184,test
2185,test
2186,test
2187,test
2188,test
2189,test
2190,test
2191,test
2192,test
2193,test
2194,test
2195,test
2196,test
2197,test
2198,test
2199,test
2200,test
2201,test
2202,test
2203,test
2204,test
2205,test
2206,test
2207,test
2208,test
2209,test
2210,test
2211,test
2212,test
2213,test
2214,test
2215,test
2216,test
2217,test
2218,test
2219,test
2220,test
2221,test
2222,test
2223,test
2224,test
2225,test
2226,test
2227,test
2228,test
2229,test
2230,test
2231,test
2232,test
2233,test
2234,test
2235,test
2236,test
2237,test
2238,test
2239,test
2240,test
2241,test
2242,test
2243,test
2244,test
2245,test
2246,test
2247,test
2248,test
2249,test
2250,test
2251,test
2252,test
2253,test
2254,test
2255,test
2256,test
2257,test
2258,test
2259,test
2260,test
2261,test
2262,test
2263,test
2264,test
2265,test
2266,test
2267,test
2268,test
2269,test
2270,test
2271,test
2272,test
2273,test
2274,test
2275,test
2276,test
2277,test
2278,test
2279,test
2280,test
2281,test
2282,test
2283,test
2284,test
2285,test
2286,test
2287,test
2288,test
2289,test
2290,test
2291,test
2292,test
2293,test
2294,test
2295,test
2296,test
2297,test
2298,test
2299,test
2300,test
2301,test
2302,test
2303,test
2304,test
2305,test
2306,test
2307,test
2308,test
2309,test
2310,test
2311,test
2312,test
2313,test
2314,test
2315,test
2316,test
2317,test
2318,test
2319,test
2320,test
2321,test
2322,test
2323,test
2324,test
2325,test
2326,test
2327,test
2328,test
2329,test
2330,test
2331,test
2332,test
2333,test
2334,test
2335,test
2336,test
2337,test
2338,test
2339,test
2340,test
2341,test
2342,test
2343,test
2344,test
2345,test
2346,test
2347,test
2348,test
2349,test
2350,test
2351,test
2352,test
2353,test
2354,test
2355,test
2356,test
2357,test
2358,test
2359,test
2360,test
2361,test
2362,test
2363,test
2364,test
2365,test
2366,test
2367,test
2368,test
2369,test
2370,test
2371,test
2372,test
2373,test
2374,test
2375,test
2376,test
2377,test
2378,test
2379,test
2380,test
2381,test
2382,test
2383,test
2384,test
2385,test
2386,test
2387,test
2388,test
2389,test
2390,test
2391,test
2392,test
2393,test
2394,test
2395,test
2396,test
2397,test
2398,test
2399,test
2400,test
2401,test
2402,test
2403,test
2404,test
2405,test
2406,test
2407,test
2408,test
2409,test
2410,test
2411,test
2412,test
2413,test
2414,test
2415,test
2416,test
2417,test
2418,test
2419,test
2420,test
2421,test
2422,test
2423,test
2424,test
2425,test
2426,test
2427,test
2428,test
2429,test
2430,test
2431,test
2432,test
2433,test
2434,test
2435,test
2436,test
2437,test
2438,test
2439,test
2440,test
2441,test
2442,test
2443,test
2444,test
2445,test
2446,test
2447,test
2448,test
2449,test
2450,test
2451,test
2452,test
2453,test
2454,test
2455,test
2456,test
2457,test
2458,test
2459,test
2460,test
2461,test
2462,test
2463,test
2464,test
2465,test
2466,test
2467,test
2468,test
2469,test
2470,test
2471,test
2472,test
2473,test
2474,test
2475,test
2476,test
2477,test
2478,test
2479,test
2480,test
2481,test
2482,test
2483,test
2484,test
2485,test
2486,test
2487,test
2488,test
2489,test
2490,test
2491,test
2492,test
2493,test
2494,test
2495,test
2496,test
2497,test
2498,test
2499,test
2500,test
2501,test
2502,test
2503,test
2504,test
2505,test
2506,test
2507,test
2508,test
2509,test
2510,test
2511,test
2512,test
2513,test
2514,test
2515,test
2516,test
2517,test
2518,test
2519,test
2520,test
2521,test
2522,test
2523,test
2524,test
2525,test
2526,test
2527,test
2528,test
2529,test
2530,test
2531,test
2532,test
2533,test
2534,test
2535,test
2536,test
2537,test
2538,test
2539,test
2540,test
2541,test
2542,test
2543,test
2544,test
2545,test
2546,test
2547,test
2548,test
2549,test
2550,test
2551,test
2552,test
2553,test
2554,test
2555,test
2556,test
2557,test
2558,test
2559,test
2560,test
2561,test
2562,test
2563,test
2564,test
2565,test
2566,test
2567,test
2568,test
2569,test
2570,test
2571,test
2572,test
2573,test
2574,test
2575,test
2576,test
2577,test
2578,test
2579,test
2580,test
2581,test
2582,test
2583,test
2584,test
2585,test
2586,test
2587,test
2588,test
2589,test
2590,test
2591,test
2592,test
2593,test
2594,test
2595,test
2596,test
2597,test
2598,test
2599,test
2600,test
2601,test
2602,test
2603,test
2604,test
2605,test
2606,test
2607,test
2608,test
2609,test
2610,test
2611,test
2612,test
2613,test
2614,test
2615,test
2616,test
2617,test
2618,test
2619,test
2620,test
2621,test
2622,test
2623,test
2624,test
2625,test
2626,test
2627,test
2628,test
2629,test
2630,test
2631,test
2632,test
2633,test
2634,test
2635,test
2636,test
2637,test
2638,test
2639,test
2640,test
2641,test
2642,test
2643,test
2644,test
2645,test
2646,test
2647,test
2648,test
2649,test
2650,test
2651,test
2652,test
2653,test
2654,test
2655,test
2656,test
2657,test
2658,test
2659,test
2660,test
2661,test
2662,test
2663,test
2664,test
2665,test
2666,test
2667,test
2668,test
2669,test
2670,test
2671,test
2672,test
2673,test
2674,test
2675,test
2676,test
2677,test
2678,test
2679,test
2680,test
2681,test
2682,test
2683,test
2684,test
2685,test
2686,test
2687,test
2688,test
2689,test
2690,test
2691,test
2692,test
2693,test
2694,test
2695,test
2696,test
2697,test
2698,test
2699,test
2700,test
2701,test
2702,test
2703,test
2704,test
2705,test
2706,test
2707,test
2708,test
2709,test
2710,test
2711,test
2712,test
2713,test
2714,test
2715,test
2716,test
2717,test
2718,test
2719,test
2720,test
2721,test
2722,test
2723,test
2724,test
2725,test
2726,test
2727,test
2728,test
2729,test
2730,test
2731,test
2732,test
2733,test
2734,test
2735,test
2736,test
2737,test
2738,test
2739,test
2740,test
2741,test
2742,test
2743,test
2744,test
2745,test
2746,test
2747,test
2748,test
2749,test
2750,test
2751,test
2752,test
2753,test
2754,test
2755,test
2756,test
2757,test
2758,test
2759,test
2760,test
2761,test
2762,test
2763,test
2764,test
2765,test
2766,test
2767,test
2768,test
2769,test
2770,test
2771,test
2772,test
2773,test
2774,test
2775,test
2776,test
2777,test
2778,test
2779,test
2780,test
2781,test
2782,test
2783,test
2784,test
2785,test
2786,test
2787,test
2788,test
2789,test
2790,test
2791,test
2792,test
2793,test
2794,test
2795,test
2796,test
2797,test
2798,test
2799,test
2800,test
2801,test
2802,test
2803,test
2804,test
2805,test
2806,test
2807,test
2808,test
2809,test
2810,test
2811,test
2812,test
2813,test
2814,test
2815,test
2816,test
2817,test
2818,test
2819,test
2820,test
2821,test
2822,test
2823,test
2824,test
2825,test
2826,test
2827,test
2828,test
2829,test
2830,test
2831,test
2832,test
2833,test
2834,test
2835,test
2836,test
2837,test
2838,test
2839,test
2840,test
2841,test
2842,test
2843,test
2844,test
2845,test
2846,test
2847,test
2848,test
2849,test
2850,test
2851,test
2852,test
2853,test
2854,test
2855,test
2856,test
2857,test
2858,test
2859,test
2860,test
2861,test
2862,test
2863,test
2864,test
2865,test
2866,test
2867,test
2868,test
2869,test
2870,test
2871,test
2872,test
2873,test
2874,test
2875,test
2876,test
2877,test
2878,test
2879,test
2880,test
2881,test
2882,test
2883,test
2884,test
2885,test
2886,test
2887,test
2888,test
2889,test
2890,test
2891,test
2892,test
2893,test
2894,test
2895,test
2896,test
2897,test
2898,test
2899,test
2900,test
2901,test
2902,test
2903,test
2904,test
2905,test
2906,test
2907,test
2908,test
2909,test
2910,test
2911,test
2912,test
2913,test
2914,test
2915,test
2916,test
2917,test
2918,test
2919,test
2920,test
2921,test
2922,test
2923,test
2924,test
2925,test
2926,test
2927,test
2928,test
2929,test
2930,test
2931,test
2932,test
2933,test
2934,test
2935,test
2936,test
2937,test
2938,test
2939,test
2940,test
2941,test
2942,test
2943,test
2944,test
2945,test
2946,test
2947,test
2948,test
2949,test
2950,test
2951,test
2952,test
2953,test
2954,test
2955,test
2956,test
2957,test
2958,test
2959,test
2960,test
2961,test
2962,test
2963,test
2964,test
2965,test
2966,test
2967,test
2968,test
2969,test
2970,test
2971,test
2972,test
2973,test
2974,test
2975,test
2976,test
2977,test
2978,test
2979,test
2980,test
2981,test
2982,test
2983,test
2984,test
2985,test
2986,test
2987,test
2988,test
2989,test
2990,test
2991,test
2992,test
2993,test
2994,test
2995,test
2996,test
2997,test
2998,test
2999,test
3000,test
3001,test
3002,test
3003,test
3004,test
3005,test
3006,test
3007,test
3008,test
3009,test
3010,test
3011,test
3012,test
3013,test
3014,test
3015,test
3016,test
3017,test
3018,test
3019,test
3020,test
3021,test
3022,test
3023,test
3024,test
3025,test
3026,test
3027,test
3028,test
3029,test
3030,test
3031,test
3032,test
3033,test
3034,test
3035,test
3036,test
3037,test
3038,test
3039,test
3040,test
3041,test
3042,test
3043,test
3044,test
3045,test
3046,test
3047,test
3048,test
3049,test
3050,test
3051,test
3052,test
3053,test
3054,test
3055,test
3056,test
3057,test
3058,test
3059,test
3060,test
3061,test
3062,test
3063,test
3064,test
3065,test
3066,test
3067,test
3068,test
3069,test
3070,test
3071,test
3072,test
3073,test
3074,test
3075,test
3076,test
3077,test
3078,test
3079,test
3080,test
3081,test
3082,test
3083,test
3084,test
3085,test
3086,test
3087,test
3088,test
3089,test
3090,test
3091,test
3092,test
3093,test
3094,test
3095,test
3096,test
3097,test
3098,test
3099,test
3100,test
3101,test
3102,test
3103,test
3104,test
3105,test
3106,test
3107,test
3108,test
3109,test
3110,test
3111,test
3112,test
3113,test
3114,test
3115,test
3116,test
3117,test
3118,test
3119,test
3120,test
3121,test
3122,test
3123,test
3124,test
3125,test
3126,test
3127,test
3128,test
3129,test
3130,test
3131,test
3132,test
3133,test
3134,test
3135,test
3136,test
3137,test
3138,test
3139,test
3140,test
3141,test
3142,test
3143,test
3144,test
3145,test
3146,test
3147,test
3148,test
3149,test
3150,test
3151,test
3152,test
3153,test
3154,test
3155,test
3156,test
3157,test
3158,test
3159,test
3160,test
3161,test
3162,test
3163,test
3164,test
3165,test
3166,test
3167,test
3168,test
3169,test
3170,test
3171,test
3172,test
3173,test
3174,test
3175,test
3176,test
3177,test
3178,test
3179,test
3180,test
3181,test
3182,test
3183,test
3184,test
3185,test
3186,test
3187,test
3188,test
3189,test
3190,test
3191,test
3192,test
3193,test
3194,test
3195,test
3196,test
3197,test
3198,test
3199,test
3200,test
3201,test
3202,test
3203,test
3204,test
3205,test
3206,test
3207,test
3208,test
3209,test
3210,test
3211,test
3212,test
3213,test
3214,test
3215,test
3216,test
3217,test
3218,test
3219,test
3220,test
3221,test
3222,test
3223,test
3224,test
3225,test
3226,test
3227,test
3228,test
3229,test
3230,test
3231,test
3232,test
3233,test
3234,test
3235,test
3236,test
3237,test
3238,test
3239,test
3240,test
3241,test
3242,test
3243,test
3244,test
3245,test
3246,test
3247,test
3248,test
3249,test
3250,test
3251,test
3252,test
3253,test
3254,test
3255,test
3256,test
3257,test
3258,test
3259,test
3260,test
3261,test
3262,test
3263,test
3264,test
3265,test
3266,test
3267,test
3268,test
3269,test
3270,test
3271,test
3272,test
3273,test
3274,test
3275,test
3276,test
3277,test
3278,test
3279,test
3280,test
3281,test
3282,test
3283,test
3284,test
3285,test
3286,test
3287,test
3288,test
3289,test
3290,test
3291,test
3292,test
3293,test
3294,test
3295,test
3296,test
3297,test
3298,test
3299,test
3300,test
3301,test
3302,test
3303,test
3304,test
3305,test
3306,test
3307,test
3308,test
3309,test
3310,test
3311,test
3312,test
3313,test
3314,test
3315,test
3316,test
3317,test
3318,test
3319,test
3320,test
3321,test
3322,test
3323,test
3324,test
3325,test
3326,test
3327,test
3328,test
3329,test
3330,test
3331,test
3332,test
3333,test
3334,test
3335,test
3336,test
3337,test
3338,test
3339,test
3340,test
3341,test
3342,test
3343,test
3344,test
3345,test
3346,test
3347,test
3348,test
3349,test
3350,test
3351,test
3352,test
3353,test
3354,test
3355,test
3356,test
3357,test
3358,test
3359,test
3360,test
3361,test
3362,test
3363,test
3364,test
3365,test
3366,test
3367,test
3368,test
3369,test
3370,test
3371,test
3372,test
3373,test
3374,test
3375,test
3376,test
3377,test
3378,test
3379,test
3380,test
3381,test
3382,test
3383,test
3384,test
3385,test
3386,test
3387,test
3388,test
3389,test
3390,test
3391,test
3392,test
3393,test
3394,test
3395,test
3396,test
3397,test
3398,test
3399,test
3400,test
3401,test
3402,test
3403,test
3404,test
3405,test
3406,test
3407,test
3408,test
3409,test
3410,test
3411,test
3412,test
3413,test
3414,test
3415,test
3416,test
3417,test
3418,test
3419,test
3420,test
3421,test
3422,test
3423,test
3424,test
3425,test
3426,test
3427,test
3428,test
3429,test
3430,test
3431,test
3432,test
3433,test
3434,test
3435,test
3436,test
3437,test
3438,test
3439,test
3440,test
3441,test
3442,test
3443,test
3444,test
3445,test
3446,test
3447,test
3448,test
3449,test
3450,test
3451,test
3452,test
3453,test
3454,test
3455,test
3456,test
3457,test
3458,test
3459,test
3460,test
3461,test
3462,test
3463,test
3464,test
3465,test
3466,test
3467,test
3468,test
3469,test
3470,test
3471,test
3472,test
3473,test
3474,test
3475,test
3476,test
3477,test
3478,test
3479,test
3480,test
3481,test
3482,test
3483,test
3484,test
3485,test
3486,test
3487,test
3488,test
3489,test
3490,test
3491,test
3492,test
3493,test
3494,test
3495,test
3496,test
3497,test
3498,test
3499,test
3500,test
3501,test
3502,test
3503,test
3504,test
3505,test
3506,test
3507,test
3508,test
3509,test
3510,test
3511,test
3512,test
3513,test
3514,test
3515,test
3516,test
3517,test
3518,test
3519,test
3520,test
3521,test
3522,test
3523,test
3524,test
3525,test
3526,test
3527,test
3528,test
3529,test
3530,test
3531,test
3532,test
3533,test
3534,test
3535,test
3536,test
3537,test
3538,test
3539,test
3540,test
3541,test
3542,test
3543,test
3544,test
3545,test
3546,test
3547,test
3548,test
3549,test
3550,test
3551,test
3552,test
3553,test
3554,test
3555,test
3556,test
3557,test
3558,test
3559,test
3560,test
3561,test
3562,test
3563,test
3564,test
3565,test
3566,test
3567,test
3568,test
3569,test
3570,test
3571,test
3572,test
3573,test
3574,test
3575,test
3576,test
3577,test
3578,test
3579,test
3580,test
3581,test
3582,test
3583,test
3584,test
3585,test
3586,test
3587,test
3588,test
3589,test
3590,test
3591,test
3592,test
3593,test
3594,test
3595,test
3596,test
3597,test
3598,test
3599,test
3600,test
3601,test
3602,test
3603,test
3604,test
3605,test
3606,test
3607,test
3608,test
3609,test
3610,test
3611,test
3612,test
3613,test
3614,test
3615,test
3616,test
3617,test
3618,test
3619,test
3620,test
3621,test
3622,test
3623,test
3624,test
3625,test
3626,test
3627,test
3628,test
3629,test
3630,test
3631,test
3632,test
3633,test
3634,test
3635,test
3636,test
3637,test
3638,test
3639,test
3640,test
3641,test
3642,test
3643,test
3644,test
3645,test
3646,test
3647,test
3648,test
3649,test
3650,test
3651,test
3652,test
3653,test
3654,test
3655,test
3656,test
3657,test
3658,test
3659,test
3660,test
3661,test
3662,test
3663,test
3664,test
3665,test
3666,test
3667,test
3668,test
3669,test
3670,test
3671,test
3672,test
3673,test
3674,test
3675,test
3676,test
3677,test
3678,test
3679,test
3680,test
3681,test
3682,test
3683,test
3684,test
3685,test
3686,test
3687,test
3688,test
3689,test
3690,test
3691,test
3692,test
3693,test
3694,test
3695,test
3696,test
3697,test
3698,test
3699,test
3700,test
3701,test
3702,test
3703,test
3704,test
3705,test
3706,test
3707,test
3708,test
3709,test
3710,test
3711,test
3712,test
3713,test
3714,test
3715,test
3716,test
3717,test
3718,test
3719,test
3720,test
3721,test
3722,test
3723,test
3724,test
3725,test
3726,test
3727,test
3728,test
3729,test
3730,test
3731,test
3732,test
3733,test
3734,test
3735,test
3736,test
3737,test
3738,test
3739,test
3740,test
3741,test
3742,test
3743,test
3744,test
3745,test
3746,test
3747,test
3748,test
3749,test
3750,test
3751,test
3752,test
3753,test
3754,test
3755,test
3756,test
3757,test
3758,test
3759,test
3760,test
3761,test
3762,test
3763,test
3764,test
3765,test
3766,test
3767,test
3768,test
3769,test
3770,test
3771,test
3772,test
3773,test
3774,test
3775,test
3776,test
3777,test
3778,test
3779,test
3780,test
3781,test
3782,test
3783,test
3784,test
3785,test
3786,test
3787,test
3788,test
3789,test
3790,test
3791,test
3792,test
3793,test
3794,test
3795,test
3796,test
3797,test
3798,test
3799,test
3800,test
3801,test
3802,test
3803,test
3804,test
3805,test
3806,test
3807,test
3808,test
3809,test
3810,test
3811,test
3812,test
3813,test
3814,test
3815,test
3816,test
3817,test
3818,test
3819,test
3820,test
3821,test
3822,test
3823,test
3824,test
3825,test
3826,test
3827,test
3828,test
3829,test
3830,test
3831,test
3832,test
3833,test
3834,test
3835,test
3836,test
3837,test
3838,test
3839,test
3840,test
3841,test
3842,test
3843,test
3844,test
3845,test
3846,test
3847,test
3848,test
3849,test
3850,test
3851,test
3852,test
3853,test
3854,test
3855,test
3856,test
3857,test
3858,test
3859,test
3860,test
3861,test
3862,test
3863,test
3864,test
3865,test
3866,test
3867,test
3868,test
3869,test
3870,test
3871,test
3872,test
3873,test
3874,test
3875,test
3876,test
3877,test
3878,test
3879,test
3880,test
3881,test
3882,test
3883,test
3884,test
3885,test
3886,test
3887,test
3888,test
3889,test
3890,test
3891,test
3892,test
3893,test
3894,test
3895,test
3896,test
3897,test
3898,test
3899,test
3900,test
3901,test
3902,test
3903,test
3904,test
3905,test
3906,test
3907,test
3908,test
3909,test
3910,test
3911,test
3912,test
3913,test
3914,test
3915,test
3916,test
3917,test
3918,test
3919,test
3920,test
3921,test
3922,test
3923,test
3924,test
3925,test
3926,test
3927,test
3928,test
3929,test
3930,test
3931,test
3932,test
3933,test
3934,test
3935,test
3936,test
3937,test
3938,test
3939,test
3940,test
3941,test
3942,test
3943,test
3944,test
3945,test
3946,test
3947,test
3948,test
3949,test
3950,test
3951,test
3952,test
3953,test
3954,test
3955,test
3956,test
3957,test
3958,test
3959,test
3960,test
3961,test
3962,test
3963,test
3964,test
3965,test
3966,test
3967,test
3968,test
3969,test
3970,test
3971,test
3972,test
3973,test
3974,test
3975,test
3976,test
3977,test
3978,test
3979,test
3980,test
3981,test
3982,test
3983,test
3984,test
3985,test
3986,test
3987,test
3988,test
3989,test
3990,test
3991,test
3992,test
3993,test
3994,test
3995,test
3996,test
3997,test
3998,test
3999,test
4000,test
4001,test
4002,test
4003,test
4004,test
4005,test
4006,test
4007,test
4008,test
4009,test
4010,test
4011,test
4012,test
4013,test
4014,test
4015,test
4016,test
4017,test
4018,test
4019,test
4020,test
4021,test
4022,test
4023,test
4024,test
4025,test
4026,test
4027,test
4028,test
4029,test
4030,test
4031,test
4032,test
4033,test
4034,test
4035,test
4036,test
4037,test
4038,test
4039,test
4040,test
4041,test
4042,test
4043,test
4044,test
4045,test
4046,test
4047,test
4048,test
4049,test
4050,test
4051,test
4052,test
4053,test
4054,test
4055,test
4056,test
4057,test
4058,test
4059,test
4060,test
4061,test
4062,test
4063,test
4064,test
4065,test
4066,test
4067,test
4068,test
4069,test
4070,test
4071,test
4072,test
4073,test
4074,test
4075,test
4076,test
4077,test
4078,test
4079,test
4080,test
4081,test
4082,test
4083,test
4084,test
4085,test
4086,test
4087,test
4088,test
4089,test
4090,test
4091,test
4092,test
4093,test
4094,test
4095,test
4096,test
4097,test
4098,test
4099,test
4100,test
4101,test
4102,test
4103,test
4104,test
4105,test
4106,test
4107,test
4108,test
4109,test
4110,test
4111,test
4112,test
4113,test
4114,test
4115,test
4116,test
4117,test
4118,test
4119,test
4120,test
4121,test
4122,test
4123,test
4124,test
4125,test
4126,test
4127,test
4128,test
4129,test
4130,test
4131,test
4132,test
4133,test
4134,test
4135,test
4136,test
4137,test
4138,test
4139,test
4140,test
4141,test
4142,test
4143,test
4144,test
4145,test
4146,test
4147,test
4148,test
4149,test
4150,test
4151,test
4152,test
4153,test
4154,test
4155,test
4156,test
4157,test
4158,test
4159,test
4160,test
4161,test
4162,test
4163,test
4164,test
4165,test
4166,test
4167,test
4168,test
4169,test
4170,test
4171,test
4172,test
4173,test
4174,test
4175,test
4176,test
4177,test
4178,test
4179,test
4180,test
4181,test
4182,test
4183,test
4184,test
4185,test
4186,test
4187,test
4188,test
4189,test
4190,test
4191,test
4192,test
4193,test
4194,test
4195,test
4196,test
4197,test
4198,test
4199,test
4200,test
4201,test
4202,test
4203,test
4204,test
4205,test
4206,test
4207,test
4208,test
4209,test
4210,test
4211,test
4212,test
4213,test
4214,test
4215,test
4216,test
4217,test
4218,test
4219,test
4220,test
4221,test
4222,test
4223,test
4224,test
4225,test
4226,test
4227,test
4228,test
4229,test
4230,test
4231,test
4232,test
4233,test
4234,test
4235,test
4236,test
4237,test
4238,test
4239,test
4240,test
4241,test
4242,test
4243,test
4244,test
4245,test
4246,test
4247,test
4248,test
4249,test
4250,test
4251,test
4252,test
4253,test
4254,test
4255,test
4256,test
4257,test
4258,test
4259,test
4260,test
4261,test
4262,test
4263,test
4264,test
4265,test
4266,test
4267,test
4268,test
4269,test
4270,test
4271,test
4272,test
4273,test
4274,test
4275,test
4276,test
4277,test
4278,test
4279,test
4280,test
4281,test
4282,test
4283,test
4284,test
4285,test
4286,test
4287,test
4288,test
4289,test
4290,test
4291,test
4292,test
4293,test
4294,test
4295,test
4296,test
4297,test
4298,test
4299,test
4300,test
4301,test
4302,test
4303,test
4304,test
4305,test
4306,test
4307,test
4308,test
4309,test
4310,test
4311,test
4312,test
4313,test
4314,test
4315,test
4316,test
4317,test
4318,test
4319,test
4320,test
4321,test
4322,test
4323,test
4324,test
4325,test
4326,test
4327,test
4328,test
4329,test
4330,test
4331,test
4332,test
4333,test
4334,test
4335,test
4336,test
4337,test
4338,test
4339,test
4340,test
4341,test
4342,test
4343,test
4344,test
4345,test
4346,test
4347,test
4348,test
4349,test
4350,test
4351,test
4352,test
4353,test
4354,test
4355,test
4356,test
4357,test
4358,test
4359,test
4360,test
4361,test
4362,test
4363,test
4364,test
4365,test
4366,test
4367,test
4368,test
4369,test
4370,test
4371,test
4372,test
4373,test
4374,test
4375,test
4376,test
4377,test
4378,test
4379,test
4380,test
4381,test
4382,test
4383,test
4384,test
4385,test
4386,test
4387,test
4388,test
4389,test
4390,test
4391,test
4392,test
4393,test
4394,test
4395,test
4396,test
4397,test
4398,test
4399,test
4400,test
4401,test
4402,test
4403,test
4404,test
4405,test
4406,test
4407,test
4408,test
4409,test
4410,test
4411,test
4412,test
4413,test
4414,test
4415,test
4416,test
4417,test
4418,test
4419,test
4420,test
4421,test
4422,test
4423,test
4424,test
4425,test
4426,test
4427,test
4428,test
4429,test
4430,test
4431,test
4432,test
4433,test
4434,test
4435,test
4436,test
4437,test
4438,test
4439,test
4440,test
4441,test
4442,test
4443,test
4444,test
4445,test
4446,test
4447,test
4448,test
4449,test
4450,test
4451,test
4452,test
4453,test
4454,test
4455,test
4456,test
4457,test
4458,test
4459,test
4460,test
4461,test
4462,test
4463,test
4464,test
4465,test
4466,test
4467,test
4468,test
4469,test
4470,test
4471,test
4472,test
4473,test
4474,test
4475,test
4476,test
4477,test
4478,test
4479,test
4480,test
4481,test
4482,test
4483,test
4484,test
4485,test
4486,test
4487,test
4488,test
4489,test
4490,test
4491,test
4492,test
4493,test
4494,test
4495,test
4496,test
4497,test
4498,test
4499,test
4500,test
4501,test
4502,test
4503,test
4504,test
4505,test
4506,test
4507,test
4508,test
4509,test
4510,test
4511,test
4512,test
4513,test
4514,test
4515,test
4516,test
4517,test
4518,test
4519,test
4520,test
4521,test
4522,test
4523,test
4524,test
4525,test
4526,test
4527,test
4528,test
4529,test
4530,test
4531,test
4532,test
4533,test
4534,test
4535,test
4536,test
4537,test
4538,test
4539,test
4540,test
4541,test
4542,test
4543,test
4544,test
4545,test
4546,test
4547,test
4548,test
4549,test
4550,test
4551,test
4552,test
4553,test
4554,test
4555,test
4556,test
4557,test
4558,test
4559,test
4560,test
4561,test
4562,test
4563,test
4564,test
4565,test
4566,test
4567,test
4568,test
4569,test
4570,test
4571,test
4572,test
4573,test
4574,test
4575,test
4576,test
4577,test
4578,test
4579,test
4580,test
4581,test
4582,test
4583,test
4584,test
4585,test
4586,test
4587,test
4588,test
4589,test
4590,test
4591,test
4592,test
4593,test
4594,test
4595,test
4596,test
4597,test
4598,test
4599,test
4600,test
4601,test
4602,test
4603,test
4604,test
4605,test
4606,test
4607,test
4608,test
4609,test
4610,test
4611,test
4612,test
4613,test
4614,test
4615,test
4616,test
4617,test
4618,test
4619,test
4620,test
4621,test
4622,test
4623,test
4624,test
4625,test
4626,test
4627,test
4628,test
4629,test
4630,test
4631,test
4632,test
4633,test
4634,test
4635,test
4636,test
4637,test
4638,test
4639,test
4640,test
4641,test
4642,test
4643,test
4644,test
4645,test
4646,test
4647,test
4648,test
4649,test
4650,test
4651,test
4652,test
4653,test
4654,test
4655,test
4656,test
4657,test
4658,test
4659,test
4660,test
4661,test
4662,test
4663,test
4664,test
4665,test
4666,test
4667,test
4668,test
4669,test
4670,test
4671,test
4672,test
4673,test
4674,test
4675,test
4676,test
4677,test
4678,test
4679,test
4680,test
4681,test
4682,test
4683,test
4684,test
4685,test
4686,test
4687,test
4688,test
4689,test
4690,test
4691,test
4692,test
4693,test
4694,test
4695,test
4696,test
4697,test
4698,test
4699,test
4700,test
4701,test
4702,test
4703,test
4704,test
4705,test
4706,test
4707,test
4708,test
4709,test
4710,test
4711,test
4712,test
4713,test
4714,test
4715,test
4716,test
4717,test
4718,test
4719,test
4720,test
4721,test
4722,test
4723,test
4724,test
4725,test
4726,test
4727,test
4728,test
4729,test
4730,test
4731,test
4732,test
4733,test
4734,test
4735,test
4736,test
4737,test
4738,test
4739,test
4740,test
4741,test
4742,test
4743,test
4744,test
4745,test
4746,test
4747,test
4748,test
4749,test
4750,test
4751,test
4752,test
4753,test
4754,test
4755,test
4756,test
4757,test
4758,test
4759,test
4760,test
4761,test
4762,test
4763,test
4764,test
4765,test
4766,test
4767,test
4768,test
4769,test
4770,test
4771,test
4772,test
4773,test
4774,test
4775,test
4776,test
4777,test
4778,test
4779,test
4780,test
4781,test
4782,test
4783,test
4784,test
4785,test
4786,test
4787,test
4788,test
4789,test
4790,test
4791,test
4792,test
4793,test
4794,test
4795,test
4796,test
4797,test
4798,test
4799,test
4800,test
4801,test
4802,test
4803,test
4804,test
4805,test
4806,test
4807,test
4808,test
4809,test
4810,test
4811,test
4812,test
4813,test
4814,test
4815,test
4816,test
4817,test
4818,test
4819,test
4820,test
4821,test
4822,test
4823,test
4824,test
4825,test
4826,test
4827,test
4828,test
4829,test
4830,test
4831,test
4832,test
4833,test
4834,test
4835,test
4836,test
4837,test
4838,test
4839,test
4840,test
4841,test
4842,test
4843,test
4844,test
4845,test
4846,test
4847,test
4848,test
4849,test
4850,test
4851,test
4852,test
4853,test
4854,test
4855,test
4856,test
4857,test
4858,test
4859,test
4860,test
4861,test
4862,test
4863,test
4864,test
4865,test
4866,test
4867,test
4868,test
4869,test
4870,test
4871,test
4872,test
4873,test
4874,test
4875,test
4876,test
4877,test
4878,test
4879,test
4880,test
4881,test
4882,test
4883,test
4884,test
4885,test
4886,test
4887,test
4888,test
4889,test
4890,test
4891,test
4892,test
4893,test
4894,test
4895,test
4896,test
4897,test
4898,test
4899,test
4900,test
4901,test
4902,test
4903,test
4904,test
4905,test
4906,test
4907,test
4908,test
4909,test
4910,test
4911,test
4912,test
4913,test
4914,test
4915,test
4916,test
4917,test
4918,test
4919,test
4920,test
4921,test
4922,test
4923,test
4924,test
4925,test
4926,test
4927,test
4928,test
4929,test
4930,test
4931,test
4932,test
4933,test
4934,test
4935,test
4936,test
4937,test
4938,test
4939,test
4940,test
4941,test
4942,test
4943,test
4944,test
4945,test
4946,test
4947,test
4948,test
4949,test
4950,test
4951,test
4952,test
4953,test
4954,test
4955,test
4956,test
4957,test
4958,test
4959,test
4960,test
4961,test
4962,test
4963,test
4964,test
4965,test
4966,test
4967,test
4968,test
4969,test
4970,test
4971,test
4972,test
4973,test
4974,test
4975,test
4976,test
4977,test
4978,test
4979,test
4980,test
4981,test
4982,test
4983,test
4984,test
4985,test
4986,test
4987,test
4988,test
4989,test
4990,test
4991,test
4992,test
4993,test
4994,test
4995,test
4996,test
4997,test
4998,test
4999,test
5000,test
5001,test
5002,test
5003,test
5004,test
5005,test
5006,test
5007,test
5008,test
5009,test
5010,test
5011,test
5012,test
5013,test
5014,test
5015,test
5016,test
5017,test
5018,test
5019,test
5020,test
5021,test
5022,test
5023,test
5024,test
5025,test
5026,test
5027,test
5028,test
5029,test
5030,test
5031,test
5032,test
5033,test
5034,test
5035,test
5036,test
5037,test
5038,test
5039,test
5040,test
5041,test
5042,test
5043,test
5044,test
5045,test
5046,test
5047,test
5048,test
5049,test
5050,test
5051,test
5052,test
5053,test
5054,test
5055,test
5056,test
5057,test
5058,test
5059,test
5060,test
5061,test
5062,test
5063,test
5064,test
5065,test
5066,test
5067,test
5068,test
5069,test
5070,test
5071,test
5072,test
5073,test
5074,test
5075,test
5076,test
5077,test
5078,test
5079,test
5080,test
5081,test
5082,test
5083,test
5084,test
5085,test
5086,test
5087,test
5088,test
5089,test
5090,test
5091,test
5092,test
5093,test
5094,test
5095,test
5096,test
5097,test
5098,test
5099,test
5100,test
5101,test
5102,test
5103,test
5104,test
5105,test
5106,test
5107,test
5108,test
5109,test
5110,test
5111,test
5112,test
5113,test
5114,test
5115,test
5116,test
5117,test
5118,test
5119,test
5120,test
5121,test
5122,test
5123,test
5124,test
5125,test
5126,test
5127,test
5128,test
5129,test
5130,test
5131,test
5132,test
5133,test
5134,test
5135,test
5136,test
5137,test
5138,test
5139,test
5140,test
5141,test
5142,test
5143,test
5144,test
5145,test
5146,test
5147,test
5148,test
5149,test
5150,test
5151,test
5152,test
5153,test
5154,test
5155,test
5156,test
5157,test
5158,test
5159,test
5160,test
5161,test
5162,test
5163,test
5164,test
5165,test
5166,test
5167,test
5168,test
5169,test
5170,test
5171,test
5172,test
5173,test
5174,test
5175,test
5176,test
5177,test
5178,test
5179,test
5180,test
5181,test
5182,test
5183,test
5184,test
5185,test
5186,test
5187,test
5188,test
5189,test
5190,test
5191,test
5192,test
5193,test
5194,test
5195,test
5196,test
5197,test
5198,test
5199,test
5200,test
5201,test
5202,test
5203,test
5204,test
5205,test
5206,test
5207,test
5208,test
5209,test
5210,test
5211,test
5212,test
5213,test
5214,test
5215,test
5216,test
5217,test
5218,test
5219,test
5220,test
5221,test
5222,test
5223,test
5224,test
5225,test
5226,test
5227,test
5228,test
5229,test
5230,test
5231,test
5232,test
5233,test
5234,test
5235,test
5236,test
5237,test
5238,test
5239,test
5240,test
5241,test
5242,test
5243,test
5244,test
5245,test
5246,test
5247,test
5248,test
5249,test
5250,test
5251,test
5252,test
5253,test
5254,test
5255,test
5256,test
5257,test
5258,test
5259,test
5260,test
5261,test
5262,test
5263,test
5264,test
5265,test
5266,test
5267,test
5268,test
5269,test
5270,test
5271,test
5272,test
5273,test
5274,test
5275,test
5276,test
5277,test
5278,test
5279,test
5280,test
5281,test
5282,test
5283,test
5284,test
5285,test
5286,test
5287,test
5288,test
5289,test
5290,test
5291,test
5292,test
5293,test
5294,test
5295,test
5296,test
5297,test
5298,test
5299,test
5300,test
5301,test
5302,test
5303,test
5304,test
5305,test
5306,test
5307,test
5308,test
5309,test
5310,test
5311,test
5312,test
5313,test
5314,test
5315,test
5316,test
5317,test
5318,test
5319,test
5320,test
5321,test
5322,test
5323,test
5324,test
5325,test
5326,test
5327,test
5328,test
5329,test
5330,test
5331,test
5332,test
5333,test
5334,test
5335,test
5336,test
5337,test
5338,test
5339,test
5340,test
5341,test
5342,test
5343,test
5344,test
5345,test
5346,test
5347,test
5348,test
5349,test
5350,test
5351,test
5352,test
5353,test
5354,test
5355,test
5356,test
5357,test
5358,test
5359,test
5360,test
5361,test
5362,test
5363,test
5364,test
5365,test
5366,test
5367,test
5368,test
5369,test
5370,test
5371,test
5372,test
5373,test
5374,test
5375,test
5376,test
5377,test
5378,test
5379,test
5380,test
5381,test
5382,test
5383,test
5384,test
5385,test
5386,test
5387,test
5388,test
5389,test
5390,test
5391,test
5392,test
5393,test
5394,test
5395,test
5396,test
5397,test
5398,test
5399,test
5400,test
5401,test
5402,test
5403,test
5404,test
5405,test
5406,test
5407,test
5408,test
5409,test
5410,test
5411,test
5412,test
5413,test
5414,test
5415,test
5416,test
5417,test
5418,test
5419,test
5420,test
5421,test
5422,test
5423,test
5424,test
5425,test
5426,test
5427,test
5428,test
5429,test
5430,test
5431,test
5432,test
5433,test
5434,test
5435,test
5436,test
5437,test
5438,test
5439,test
5440,test
5441,test
5442,test
5443,test
5444,test
5445,test
5446,test
5447,test
5448,test
5449,test
5450,test
5451,test
5452,test
5453,test
5454,test
5455,test
5456,test
5457,test
5458,test
5459,test
5460,test
5461,test
5462,test
5463,test
5464,test
5465,test
5466,test
5467,test
5468,test
5469,test
5470,test
5471,test
5472,test
5473,test
5474,test
5475,test
5476,test
5477,test
5478,test
5479,test
5480,test
5481,test
5482,test
5483,test
5484,test
5485,test
5486,test
5487,test
5488,test
5489,test
5490,test
5491,test
5492,test
5493,test
5494,test
5495,test
5496,test
5497,test
5498,test
5499,test
5500,test
5501,test
5502,test
5503,test
5504,test
5505,test
5506,test
5507,test
5508,test
5509,test
5510,test
5511,test
5512,test
5513,test
5514,test
5515,test
5516,test
5517,test
5518,test
5519,test
5520,test
5521,test
5522,test
5523,test
5524,test
5525,test
5526,test
5527,test
5528,test
5529,test
5530,test
5531,test
5532,test
5533,test
5534,test
5535,test
5536,test
5537,test
5538,test
5539,test
5540,test
5541,test
5542,test
5543,test
5544,test
5545,test
5546,test
5547,test
5548,test
5549,test
5550,test
5551,test
5552,test
5553,test
5554,test
5555,test
5556,test
5557,test
5558,test
5559,test
5560,test
5561,test
5562,test
5563,test
5564,test
5565,test
5566,test
5567,test
5568,test
5569,test
5570,test
5571,test
5572,test
5573,test
5574,test
5575,test
5576,test
5577,test
5578,test
5579,test
5580,test
5581,test
5582,test
5583,test
5584,test
5585,test
5586,test
5587,test
5588,test
5589,test
5590,test
5591,test
5592,test
5593,test
5594,test
5595,test
5596,test
5597,test
5598,test
5599,test
5600,test
5601,test
5602,test
5603,test
5604,test
5605,test
5606,test
5607,test
5608,test
5609,test
5610,test
5611,test
5612,test
5613,test
5614,test
5615,test
5616,test
5617,test
5618,test
5619,test
5620,test
5621,test
5622,test
5623,test
5624,test
5625,test
5626,test
5627,test
5628,test
5629,test
5630,test
5631,test
5632,test
5633,test
5634,test
5635,test
5636,test
5637,test
5638,test
5639,test
5640,test
5641,test
5642,test
5643,test
5644,test
5645,test
5646,test
5647,test
5648,test
5649,test
5650,test
5651,test
5652,test
5653,test
5654,test
5655,test
5656,test
5657,test
5658,test
5659,test
5660,test
5661,test
5662,test
5663,test
5664,test
5665,test
5666,test
5667,test
5668,test
5669,test
5670,test
5671,test
5672,test
5673,test
5674,test
5675,test
5676,test
5677,test
5678,test
5679,test
5680,test
5681,test
5682,test
5683,test
5684,test
5685,test
5686,test
5687,test
5688,test
5689,test
5690,test
5691,test
5692,test
5693,test
5694,test
5695,test
5696,test
5697,test
5698,test
5699,test
5700,test
5701,test
5702,test
5703,test
5704,test
5705,test
5706,test
5707,test
5708,test
5709,test
5710,test
5711,test
5712,test
5713,test
5714,test
5715,test
5716,test
5717,test
5718,test
5719,test
5720,test
5721,test
5722,test
5723,test
5724,test
5725,test
5726,test
5727,test
5728,test
5729,test
5730,test
5731,test
5732,test
5733,test
5734,test
5735,test
5736,test
5737,test
5738,test
5739,test
5740,test
5741,test
5742,test
5743,test
5744,test
5745,test
5746,test
5747,test
5748,test
5749,test
5750,test
5751,test
5752,test
5753,test
5754,test
5755,test
5756,test
5757,test
5758,test
5759,test
5760,test
5761,test
5762,test
5763,test
5764,test
5765,test
5766,test
5767,test
5768,test
5769,test
5770,test
5771,test
5772,test
5773,test
5774,test
5775,test
5776,test
5777,test
5778,test
5779,test
5780,test
5781,test
5782,test
5783,test
5784,test
5785,test
5786,test
5787,test
5788,test
5789,test
5790,test
5791,test
5792,test
5793,test
5794,test
5795,test
5796,test
5797,test
5798,test
5799,test
5800,test
5801,test
5802,test
5803,test
5804,test
5805,test
5806,test
5807,test
5808,test
5809,test
5810,test
5811,test
5812,test
5813,test
5814,test
5815,test
5816,test
5817,test
5818,test
5819,test
5820,test
5821,test
5822,test
5823,test
5824,test
5825,test
5826,test
5827,test
5828,test
5829,test
5830,test
5831,test
5832,test
5833,test
5834,test
5835,test
5836,test
5837,test
5838,test
5839,test
5840,test
5841,test
5842,test
5843,test
5844,test
5845,test
5846,test
5847,test
5848,test
5849,test
5850,test
5851,test
5852,test
5853,test
5854,test
5855,test
5856,test
5857,test
5858,test
5859,test
5860,test
5861,test
5862,test
5863,test
5864,test
5865,test
5866,test
5867,test
5868,test
5869,test
5870,test
5871,test
5872,test
5873,test
5874,test
5875,test
5876,test
5877,test
5878,test
5879,test
5880,test
5881,test
5882,test
5883,test
5884,test
5885,test
5886,test
5887,test
5888,test
5889,test
5890,test
5891,test
5892,test
5893,test
5894,test
5895,test
5896,test
5897,test
5898,test
5899,test
5900,test
5901,test
5902,test
5903,test
5904,test
5905,test
5906,test
5907,test
5908,test
5909,test
5910,test
5911,test
5912,test
5913,test
5914,test
5915,test
5916,test
5917,test
5918,test
5919,test
5920,test
5921,test
5922,test
5923,test
5924,test
5925,test
5926,test
5927,test
5928,test
5929,test
5930,test
5931,test
5932,test
5933,test
5934,test
5935,test
5936,test
5937,test
5938,test
5939,test
5940,test
5941,test
5942,test
5943,test
5944,test
5945,test
5946,test
5947,test
5948,test
5949,test
5950,test
5951,test
5952,test
5953,test
5954,test
5955,test
5956,test
5957,test
5958,test
5959,test
5960,test
5961,test
5962,test
5963,test
5964,test
5965,test
5966,test
5967,test
5968,test
5969,test
5970,test
5971,test
5972,test
5973,test
5974,test
5975,test
5976,test
5977,test
5978,test
5979,test
5980,test
5981,test
5982,test
5983,test
5984,test
5985,test
5986,test
5987,test
5988,test
5989,test
5990,test
5991,test
5992,test
5993,test
5994,test
5995,test
5996,test
5997,test
5998,test
5999,test
6000,test
6001,test
6002,test
6003,test
6004,test
6005,test
6006,test
6007,test
6008,test
6009,test
6010,test
6011,test
6012,test
6013,test
6014,test
6015,test
6016,test
6017,test
6018,test
6019,test
6020,test
6021,test
6022,test
6023,test
6024,test
6025,test
6026,test
6027,test
6028,test
6029,test
6030,test
6031,test
6032,test
6033,test
6034,test
6035,test
6036,test
6037,test
6038,test
6039,test
6040,test
6041,test
6042,test
6043,test
6044,test
6045,test
6046,test
6047,test
6048,test
6049,test
6050,test
6051,test
6052,test
6053,test
6054,test
6055,test
6056,test
6057,test
6058,test
6059,test
6060,test
6061,test
6062,test
6063,test
6064,test
6065,test
6066,test
6067,test
6068,test
6069,test
6070,test
6071,test
6072,test
6073,test
6074,test
6075,test
6076,test
6077,test
6078,test
6079,test
6080,test
6081,test
6082,test
6083,test
6084,test
6085,test
6086,test
6087,test
6088,test
6089,test
6090,test
6091,test
6092,test
6093,test
6094,test
6095,test
6096,test
6097,test
6098,test
6099,test
6100,test
6101,test
6102,test
6103,test
6104,test
6105,test
6106,test
6107,test
6108,test
6109,test
6110,test
6111,test
6112,test
6113,test
6114,test
6115,test
6116,test
6117,test
6118,test
6119,test
6120,test
6121,test
6122,test
6123,test
6124,test
6125,test
6126,test
6127,test
6128,test
6129,test
6130,test
6131,test
6132,test
6133,test
6134,test
6135,test
6136,test
6137,test
6138,test
6139,test
6140,test
6141,test
6142,test
6143,test
6144,test
6145,test
6146,test
6147,test
6148,test
6149,test
6150,test
6151,test
6152,test
6153,test
6154,test
6155,test
6156,test
6157,test
6158,test
6159,test
6160,test
6161,test
6162,test
6163,test
6164,test
6165,test
6166,test
6167,test
6168,test
6169,test
6170,test
6171,test
6172,test
6173,test
6174,test
6175,test
6176,test
6177,test
6178,test
6179,test
6180,test
6181,test
6182,test
6183,test
6184,test
6185,test
6186,test
6187,test
6188,test
6189,test
6190,test
6191,test
6192,test
6193,test
6194,test
6195,test
6196,test
6197,test
6198,test
6199,test
6200,test
6201,test
6202,test
6203,test
6204,test
6205,test
6206,test
6207,test
6208,test
6209,test
6210,test
6211,test
6212,test
6213,test
6214,test
6215,test
6216,test
6217,test
6218,test
6219,test
6220,test
6221,test
6222,test
6223,test
6224,test
6225,test
6226,test
6227,test
6228,test
6229,test
6230,test
6231,test
6232,test
6233,test
6234,test
6235,test
6236,test
6237,test
6238,test
6239,test
6240,test
6241,test
6242,test
6243,test
6244,test
6245,test
6246,test
6247,test
6248,test
6249,test
6250,test
6251,test
6252,test
6253,test
6254,test
6255,test
6256,test
6257,test
6258,test
6259,test
6260,test
6261,test
6262,test
6263,test
6264,test
6265,test
6266,test
6267,test
6268,test
6269,test
6270,test
6271,test
6272,test
6273,test
6274,test
6275,test
6276,test
6277,test
6278,test
6279,test
6280,test
6281,test
6282,test
6283,test
6284,test
6285,test
6286,test
6287,test
6288,test
6289,test
6290,test
6291,test
6292,test
6293,test
6294,test
6295,test
6296,test
6297,test
6298,test
6299,test
6300,test
6301,test
6302,test
6303,test
6304,test
6305,test
6306,test
6307,test
6308,test
6309,test
6310,test
6311,test
6312,test
6313,test
6314,test
6315,test
6316,test
6317,test
6318,test
6319,test
6320,test
6321,test
6322,test
6323,test
6324,test
6325,test
6326,test
6327,test
6328,test
6329,test
6330,test
6331,test
6332,test
6333,test
6334,test
6335,test
6336,test
6337,test
6338,test
6339,test
6340,test
6341,test
6342,test
6343,test
6344,test
6345,test
6346,test
6347,test
6348,test
6349,test
6350,test
6351,test
6352,test
6353,test
6354,test
6355,test
6356,test
6357,test
6358,test
6359,test
6360,test
6361,test
6362,test
6363,test
6364,test
6365,test
6366,test
6367,test
6368,test
6369,test
6370,test
6371,test
6372,test
6373,test
6374,test
6375,test
6376,test
6377,test
6378,test
6379,test
6380,test
6381,test
6382,test
6383,test
6384,test
6385,test
6386,test
6387,test
6388,test
6389,test
6390,test
6391,test
6392,test
6393,test
6394,test
6395,test
6396,test
6397,test
6398,test
6399,test
6400,test
6401,test
6402,test
6403,test
6404,test
6405,test
6406,test
6407,test
6408,test
6409,test
6410,test
6411,test
6412,test
6413,test
6414,test
6415,test
6416,test
6417,test
6418,test
6419,test
6420,test
6421,test
6422,test
6423,test
6424,test
6425,test
6426,test
6427,test
6428,test
6429,test
6430,test
6431,test
6432,test
6433,test
6434,test
6435,test
6436,test
6437,test
6438,test
6439,test
6440,test
6441,test
6442,test
6443,test
6444,test
6445,test
6446,test
6447,test
6448,test
6449,test
6450,test
6451,test
6452,test
6453,test
6454,test
6455,test
6456,test
6457,test
6458,test
6459,test
6460,test
6461,test
6462,test
6463,test
6464,test
6465,test
6466,test
6467,test
6468,test
6469,test
6470,test
6471,test
6472,test
6473,test
6474,test
6475,test
6476,test
6477,test
6478,test
6479,test
6480,test
6481,test
6482,test
6483,test
6484,test
6485,test
6486,test
6487,test
6488,test
6489,test
6490,test
6491,test
6492,test
6493,test
6494,test
6495,test
6496,test
6497,test
6498,test
6499,test
6500,test
6501,test
6502,test
6503,test
6504,test
6505,test
6506,test
6507,test
6508,test
6509,test
6510,test
6511,test
6512,test
6513,test
6514,test
6515,test
6516,test
6517,test
6518,test
6519,test
6520,test
6521,test
6522,test
6523,test
6524,test
6525,test
6526,test
6527,test
6528,test
6529,test
6530,test
6531,test
6532,test
6533,test
6534,test
6535,test
6536,test
6537,test
6538,test
6539,test
6540,test
6541,test
6542,test
6543,test
6544,test
6545,test
6546,test
6547,test
6548,test
6549,test
6550,test
6551,test
6552,test
6553,test
6554,test
6555,test
6556,test
6557,test
6558,test
6559,test
6560,test
6561,test
6562,test
6563,test
6564,test
6565,test
6566,test
6567,test
6568,test
6569,test
6570,test
6571,test
6572,test
6573,test
6574,test
6575,test
6576,test
6577,test
6578,test
6579,test
6580,test
6581,test
6582,test
6583,test
6584,test
6585,test
6586,test
6587,test
6588,test
6589,test
6590,test
6591,test
6592,test
6593,test
6594,test
6595,test
6596,test
6597,test
6598,test
6599,test
6600,test
6601,test
6602,test
6603,test
6604,test
6605,test
6606,test
6607,test
6608,test
6609,test
6610,test
6611,test
6612,test
6613,test
6614,test
6615,test
6616,test
6617,test
6618,test
6619,test
6620,test
6621,test
6622,test
6623,test
6624,test
6625,test
6626,test
6627,test
6628,test
6629,test
6630,test
6631,test
6632,test
6633,test
6634,test
6635,test
6636,test
6637,test
6638,test
6639,test
6640,test
6641,test
6642,test
6643,test
6644,test
6645,test
6646,test
6647,test
6648,test
6649,test
6650,test
6651,test
6652,test
6653,test
6654,test
6655,test
6656,test
6657,test
6658,test
6659,test
6660,test
6661,test
6662,test
6663,test
6664,test
6665,test
6666,test
6667,test
6668,test
6669,test
6670,test
6671,test
6672,test
6673,test
6674,test
6675,test
6676,test
6677,test
6678,test
6679,test
6680,test
6681,test
6682,test
6683,test
6684,test
6685,test
6686,test
6687,test
6688,test
6689,test
6690,test
6691,test
6692,test
6693,test
6694,test
6695,test
6696,test
6697,test
6698,test
6699,test
6700,test
6701,test
6702,test
6703,test
6704,test
6705,test
6706,test
6707,test
6708,test
6709,test
6710,test
6711,test
6712,test
6713,test
6714,test
6715,test
6716,test
6717,test
6718,test
6719,test
6720,test
6721,test
6722,test
6723,test
6724,test
6725,test
6726,test
6727,test
6728,test
6729,test
6730,test
6731,test
6732,test
6733,test
6734,test
6735,test
6736,test
6737,test
6738,test
6739,test
6740,test
6741,test
6742,test
6743,test
6744,test
6745,test
6746,test
6747,test
6748,test
6749,test
6750,test
6751,test
6752,test
6753,test
6754,test
6755,test
6756,test
6757,test
6758,test
6759,test
6760,test
6761,test
6762,test
6763,test
6764,test
6765,test
6766,test
6767,test
6768,test
6769,test
6770,test
6771,test
6772,test
6773,test
6774,test
6775,test
6776,test
6777,test
6778,test
6779,test
6780,test
6781,test
6782,test
6783,test
6784,test
6785,test
6786,test
6787,test
6788,test
6789,test
6790,test
6791,test
6792,test
6793,test
6794,test
6795,test
6796,test
6797,test
6798,test
6799,test
6800,test
6801,test
6802,test
6803,test
6804,test
6805,test
6806,test
6807,test
6808,test
6809,test
6810,test
6811,test
6812,test
6813,test
6814,test
6815,test
6816,test
6817,test
6818,test
6819,test
6820,test
6821,test
6822,test
6823,test
6824,test
6825,test
6826,test
6827,test
6828,test
6829,test
6830,test
6831,test
6832,test
6833,test
6834,test
6835,test
6836,test
6837,test
6838,test
6839,test
6840,test
6841,test
6842,test
6843,test
6844,test
6845,test
6846,test
6847,test
6848,test
6849,test
6850,test
6851,test
6852,test
6853,test
6854,test
6855,test
6856,test
6857,test
6858,test
6859,test
6860,test
6861,test
6862,test
6863,test
6864,test
6865,test
6866,test
6867,test
6868,test
6869,test
6870,test
6871,test
6872,test
6873,test
6874,test
6875,test
6876,test
6877,test
6878,test
6879,test
6880,test
6881,test
6882,test
6883,test
6884,test
6885,test
6886,test
6887,test
6888,test
6889,test
6890,test
6891,test
6892,test
6893,test
6894,test
6895,test
6896,test
6897,test
6898,test
6899,test
6900,test
6901,test
6902,test
6903,test
6904,test
6905,test
6906,test
6907,test
6908,test
6909,test
6910,test
6911,test
6912,test
6913,test
6914,test
6915,test
6916,test
6917,test
6918,test
6919,test
6920,test
6921,test
6922,test
6923,test
6924,test
6925,test
6926,test
6927,test
6928,test
6929,test
6930,test
6931,test
6932,test
6933,test
6934,test
6935,test
6936,test
6937,test
6938,test
6939,test
6940,test
6941,test
6942,test
6943,test
6944,test
6945,test
6946,test
6947,test
6948,test
6949,test
6950,test
6951,test
6952,test
6953,test
6954,test
6955,test
6956,test
6957,test
6958,test
6959,test
6960,test
6961,test
6962,test
6963,test
6964,test
6965,test
6966,test
6967,test
6968,test
6969,test
6970,test
6971,test
6972,test
6973,test
6974,test
6975,test
6976,test
6977,test
6978,test
6979,test
6980,test
6981,test
6982,test
6983,test
6984,test
6985,test
6986,test
6987,test
6988,test
6989,test
6990,test
6991,test
6992,test
6993,test
6994,test
6995,test
6996,test
6997,test
6998,test
6999,test
7000,test
7001,test
7002,test
7003,test
7004,test
7005,test
7006,test
7007,test
7008,test
7009,test
7010,test
7011,test
7012,test
7013,test
7014,test
7015,test
7016,test
7017,test
7018,test
7019,test
7020,test
7021,test
7022,test
7023,test
7024,test
7025,test
7026,test
7027,test
7028,test
7029,test
7030,test
7031,test
7032,test
7033,test
7034,test
7035,test
7036,test
7037,test
7038,test
7039,test
7040,test
7041,test
7042,test
7043,test
7044,test
7045,test
7046,test
7047,test
7048,test
7049,test
7050,test
7051,test
7052,test
7053,test
7054,test
7055,test
7056,test
7057,test
7058,test
7059,test
7060,test
7061,test
7062,test
7063,test
7064,test
7065,test
7066,test
7067,test
7068,test
7069,test
7070,test
7071,test
7072,test
7073,test
7074,test
7075,test
7076,test
7077,test
7078,test
7079,test
7080,test
7081,test
7082,test
7083,test
7084,test
7085,test
7086,test
7087,test
7088,test
7089,test
7090,test
7091,test
7092,test
7093,test
7094,test
7095,test
7096,test
7097,test
7098,test
7099,test
7100,test
7101,test
7102,test
7103,test
7104,test
7105,test
7106,test
7107,test
7108,test
7109,test
7110,test
7111,test
7112,test
7113,test
7114,test
7115,test
7116,test
7117,test
7118,test
7119,test
7120,test
7121,test
7122,test
7123,test
7124,test
7125,test
7126,test
7127,test
7128,test
7129,test
7130,test
7131,test
7132,test
7133,test
7134,test
7135,test
7136,test
7137,test
7138,test
7139,test
7140,test
7141,test
7142,test
7143,test
7144,test
7145,test
7146,test
7147,test
7148,test
7149,test
7150,test
7151,test
7152,test
7153,test
7154,test
7155,test
7156,test
7157,test
7158,test
7159,test
7160,test
7161,test
7162,test
7163,test
7164,test
7165,test
7166,test
7167,test
7168,test
7169,test
7170,test
7171,test
7172,test
7173,test
7174,test
7175,test
7176,test
7177,test
7178,test
7179,test
7180,test
7181,test
7182,test
7183,test
7184,test
7185,test
7186,test
7187,test
7188,test
7189,test
7190,test
7191,test
7192,test
7193,test
7194,test
7195,test
7196,test
7197,test
7198,test
7199,test
7200,test
7201,test
7202,test
7203,test
7204,test
7205,test
7206,test
7207,test
7208,test
7209,test
7210,test
7211,test
7212,test
7213,test
7214,test
7215,test
7216,test
7217,test
7218,test
7219,test
7220,test
7221,test
7222,test
7223,test
7224,test
7225,test
7226,test
7227,test
7228,test
7229,test
7230,test
7231,test
7232,test
7233,test
7234,test
7235,test
7236,test
7237,test
7238,test
7239,test
7240,test
7241,test
7242,test
7243,test
7244,test
7245,test
7246,test
7247,test
7248,test
7249,test
7250,test
7251,test
7252,test
7253,test
7254,test
7255,test
7256,test
7257,test
7258,test
7259,test
7260,test
7261,test
7262,test
7263,test
7264,test
7265,test
7266,test
7267,test
7268,test
7269,test
7270,test
7271,test
7272,test
7273,test
7274,test
7275,test
7276,test
7277,test
7278,test
7279,test
7280,test
7281,test
7282,test
7283,test
7284,test
7285,test
7286,test
7287,test
7288,test
7289,test
7290,test
7291,test
7292,test
7293,test
7294,test
7295,test
7296,test
7297,test
7298,test
7299,test
7300,test
7301,test
7302,test
7303,test
7304,test
7305,test
7306,test
7307,test
7308,test
7309,test
7310,test
7311,test
7312,test
7313,test
7314,test
7315,test
7316,test
7317,test
7318,test
7319,test
7320,test
7321,test
7322,test
7323,test
7324,test
7325,test
7326,test
7327,test
7328,test
7329,test
7330,test
7331,test
7332,test
7333,test
7334,test
7335,test
7336,test
7337,test
7338,test
7339,test
7340,test
7341,test
7342,test
7343,test
7344,test
7345,test
7346,test
7347,test
7348,test
7349,test
7350,test
7351,test
7352,test
7353,test
7354,test
7355,test
7356,test
7357,test
7358,test
7359,test
7360,test
7361,test
7362,test
7363,test
7364,test
7365,test
7366,test
7367,test
7368,test
7369,test
7370,test
7371,test
7372,test
7373,test
7374,test
7375,test
7376,test
7377,test
7378,test
7379,test
7380,test
7381,test
7382,test
7383,test
7384,test
7385,test
7386,test
7387,test
7388,test
7389,test
7390,test
7391,test
7392,test
7393,test
7394,test
7395,test
7396,test
7397,test
7398,test
7399,test
7400,test
7401,test
7402,test
7403,test
7404,test
7405,test
7406,test
7407,test
7408,test
7409,test
7410,test
7411,test
7412,test
7413,test
7414,test
7415,test
7416,test
7417,test
7418,test
7419,test
7420,test
7421,test
7422,test
7423,test
7424,test
7425,test
7426,test
7427,test
7428,test
7429,test
7430,test
7431,test
7432,test
7433,test
7434,test
7435,test
7436,test
7437,test
7438,test
7439,test
7440,test
7441,test
7442,test
7443,test
7444,test
7445,test
7446,test
7447,test
7448,test
7449,test
7450,test
7451,test
7452,test
7453,test
7454,test
7455,test
7456,test
7457,test
7458,test
7459,test
7460,test
7461,test
7462,test
7463,test
7464,test
7465,test
7466,test
7467,test
7468,test
7469,test
7470,test
7471,test
7472,test
7473,test
7474,test
7475,test
7476,test
7477,test
7478,test
7479,test
7480,test
7481,test
7482,test
7483,test
7484,test
7485,test
7486,test
7487,test
7488,test
7489,test
7490,test
7491,test
7492,test
7493,test
7494,test
7495,test
7496,test
7497,test
7498,test
7499,test
7500,test
7501,test
7502,test
7503,test
7504,test
7505,test
7506,test
7507,test
7508,test
7509,test
7510,test
7511,test
7512,test
7513,test
7514,test
7515,test
7516,test
7517,test
7518,test
7519,test
7520,test
7521,test
7522,test
7523,test
7524,test
7525,test
7526,test
7527,test
7528,test
7529,test
7530,test
7531,test
7532,test
7533,test
7534,test
7535,test
7536,test
7537,test
7538,test
7539,test
7540,test
7541,test
7542,test
7543,test
7544,test
7545,test
7546,test
7547,test
7548,test
7549,test
7550,test
7551,test
7552,test
7553,test
7554,test
7555,test
7556,test
7557,test
7558,test
7559,test
7560,test
7561,test
7562,test
7563,test
7564,test
7565,test
7566,test
7567,test
7568,test
7569,test
7570,test
7571,test
7572,test
7573,test
7574,test
7575,test
7576,test
7577,test
7578,test
7579,test
7580,test
7581,test
7582,test
7583,test
7584,test
7585,test
7586,test
7587,test
7588,test
7589,test
7590,test
7591,test
7592,test
7593,test
7594,test
7595,test
7596,test
7597,test
7598,test
7599,test
7600,test
7601,test
7602,test
7603,test
7604,test
7605,test
7606,test
7607,test
7608,test
7609,test
7610,test
7611,test
7612,test
7613,test
7614,test
7615,test
7616,test
7617,test
7618,test
7619,test
7620,test
7621,test
7622,test
7623,test
7624,test
7625,test
7626,test
7627,test
7628,test
7629,test
7630,test
7631,test
7632,test
7633,test
7634,test
7635,test
7636,test
7637,test
7638,test
7639,test
7640,test
7641,test
7642,test
7643,test
7644,test
7645,test
7646,test
7647,test
7648,test
7649,test
7650,test
7651,test
7652,test
7653,test
7654,test
7655,test
7656,test
7657,test
7658,test
7659,test
7660,test
7661,test
7662,test
7663,test
7664,test
7665,test
7666,test
7667,test
7668,test
7669,test
7670,test
7671,test
7672,test
7673,test
7674,test
7675,test
7676,test
7677,test
7678,test
7679,test
7680,test
7681,test
7682,test
7683,test
7684,test
7685,test
7686,test
7687,test
7688,test
7689,test
7690,test
7691,test
7692,test
7693,test
7694,test
7695,test
7696,test
7697,test
7698,test
7699,test
7700,test
7701,test
7702,test
7703,test
7704,test
7705,test
7706,test
7707,test
7708,test
7709,test
7710,test
7711,test
7712,test
7713,test
7714,test
7715,test
7716,test
7717,test
7718,test
7719,test
7720,test
7721,test
7722,test
7723,test
7724,test
7725,test
7726,test
7727,test
7728,test
7729,test
7730,test
7731,test
7732,test
7733,test
7734,test
7735,test
7736,test
7737,test
7738,test
7739,test
7740,test
7741,test
7742,test
7743,test
7744,test
7745,test
7746,test
7747,test
7748,test
7749,test
7750,test
7751,test
7752,test
7753,test
7754,test
7755,test
7756,test
7757,test
7758,test
7759,test
7760,test
7761,test
7762,test
7763,test
7764,test
7765,test
7766,test
7767,test
7768,test
7769,test
7770,test
7771,test
7772,test
7773,test
7774,test
7775,test
7776,test
7777,test
7778,test
7779,test
7780,test
7781,test
7782,test
7783,test
7784,test
7785,test
7786,test
7787,test
7788,test
7789,test
7790,test
7791,test
7792,test
7793,test
7794,test
7795,test
7796,test
7797,test
7798,test
7799,test
7800,test
7801,test
7802,test
7803,test
7804,test
7805,test
7806,test
7807,test
7808,test
7809,test
7810,test
7811,test
7812,test
7813,test
7814,test
7815,test
7816,test
7817,test
7818,test
7819,test
7820,test
7821,test
7822,test
7823,test
7824,test
7825,test
7826,test
7827,test
7828,test
7829,test
7830,test
7831,test
7832,test
7833,test
7834,test
7835,test
7836,test
7837,test
7838,test
7839,test
7840,test
7841,test
7842,test
7843,test
7844,test
7845,test
7846,test
7847,test
7848,test
7849,test
7850,test
7851,test
7852,test
7853,test
7854,test
7855,test
7856,test
7857,test
7858,test
7859,test
7860,test
7861,test
7862,test
7863,test
7864,test
7865,test
7866,test
7867,test
7868,test
7869,test
7870,test
7871,test
7872,test
7873,test
7874,test
7875,test
7876,test
7877,test
7878,test
7879,test
7880,test
7881,test
7882,test
7883,test
7884,test
7885,test
7886,test
7887,test
7888,test
7889,test
7890,test
7891,test
7892,test
7893,test
7894,test
7895,test
7896,test
7897,test
7898,test
7899,test
7900,test
7901,test
7902,test
7903,test
7904,test
7905,test
7906,test
7907,test
7908,test
7909,test
7910,test
7911,test
7912,test
7913,test
7914,test
7915,test
7916,test
7917,test
7918,test
7919,test
7920,test
7921,test
7922,test
7923,test
7924,test
7925,test
7926,test
7927,test
7928,test
7929,test
7930,test
7931,test
7932,test
7933,test
7934,test
7935,test
7936,test
7937,test
7938,test
7939,test
7940,test
7941,test
7942,test
7943,test
7944,test
7945,test
7946,test
7947,test
7948,test
7949,test
7950,test
7951,test
7952,test
7953,test
7954,test
7955,test
7956,test
7957,test
7958,test
7959,test
7960,test
7961,test
7962,test
7963,test
7964,test
7965,test
7966,test
7967,test
7968,test
7969,test
7970,test
7971,test
7972,test
7973,test
7974,test
7975,test
7976,test
7977,test
7978,test
7979,test
7980,test
7981,test
7982,test
7983,test
7984,test
7985,test
7986,test
7987,test
7988,test
7989,test
7990,test
7991,test
7992,test
7993,test
7994,test
7995,test
7996,test
7997,test
7998,test
7999,test
8000,test
8001,test
8002,test
8003,test
8004,test
8005,test
8006,test
8007,test
8008,test
8009,test
8010,test
8011,test
8012,test
8013,test
8014,test
8015,test
8016,test
8017,test
8018,test
8019,test
8020,test
8021,test
8022,test
8023,test
8024,test
8025,test
8026,test
8027,test
8028,test
8029,test
8030,test
8031,test
8032,test
8033,test
8034,test
8035,test
8036,test
8037,test
8038,test
8039,test
8040,test
8041,test
8042,test
8043,test
8044,test
8045,test
8046,test
8047,test
8048,test
8049,test
8050,test
8051,test
8052,test
8053,test
8054,test
8055,test
8056,test
8057,test
8058,test
8059,test
8060,test
8061,test
8062,test
8063,test
8064,test
8065,test
8066,test
8067,test
8068,test
8069,test
8070,test
8071,test
8072,test
8073,test
8074,test
8075,test
8076,test
8077,test
8078,test
8079,test
8080,test
8081,test
8082,test
8083,test
8084,test
8085,test
8086,test
8087,test
8088,test
8089,test
8090,test
8091,test
8092,test
8093,test
8094,test
8095,test
8096,test
8097,test
8098,test
8099,test
8100,test
8101,test
8102,test
8103,test
8104,test
8105,test
8106,test
8107,test
8108,test
8109,test
8110,test
8111,test
8112,test
8113,test
8114,test
8115,test
8116,test
8117,test
8118,test
8119,test
8120,test
8121,test
8122,test
8123,test
8124,test
8125,test
8126,test
8127,test
8128,test
8129,test
8130,test
8131,test
8132,test
8133,test
8134,test
8135,test
8136,test
8137,test
8138,test
8139,test
8140,test
8141,test
8142,test
8143,test
8144,test
8145,test
8146,test
8147,test
8148,test
8149,test
8150,test
8151,test
8152,test
8153,test
8154,test
8155,test
8156,test
8157,test
8158,test
8159,test
8160,test
8161,test
8162,test
8163,test
8164,test
8165,test
8166,test
8167,test
8168,test
8169,test
8170,test
8171,test
8172,test
8173,test
8174,test
8175,test
8176,test
8177,test
8178,test
8179,test
8180,test
8181,test
8182,test
8183,test
8184,test
8185,test
8186,test
8187,test
8188,test
8189,test
8190,test
8191,test
8192,test
8193,test
8194,test
8195,test
8196,test
8197,test
8198,test
8199,test
8200,test
8201,test
8202,test
8203,test
8204,test
8205,test
8206,test
8207,test
8208,test
8209,test
8210,test
8211,test
8212,test
8213,test
8214,test
8215,test
8216,test
8217,test
8218,test
8219,test
8220,test
8221,test
8222,test
8223,test
8224,test
8225,test
8226,test
8227,test
8228,test
8229,test
8230,test
8231,test
8232,test
8233,test
8234,test
8235,test
8236,test
8237,test
8238,test
8239,test
8240,test
8241,test
8242,test
8243,test
8244,test
8245,test
8246,test
8247,test
8248,test
8249,test
8250,test
8251,test
8252,test
8253,test
8254,test
8255,test
8256,test
8257,test
8258,test
8259,test
8260,test
8261,test
8262,test
8263,test
8264,test
8265,test
8266,test
8267,test
8268,test
8269,test
8270,test
8271,test
8272,test
8273,test
8274,test
8275,test
8276,test
8277,test
8278,test
8279,test
8280,test
8281,test
8282,test
8283,test
8284,test
8285,test
8286,test
8287,test
8288,test
8289,test
8290,test
8291,test
8292,test
8293,test
8294,test
8295,test
8296,test
8297,test
8298,test
8299,test
8300,test
8301,test
8302,test
8303,test
8304,test
8305,test
8306,test
8307,test
8308,test
8309,test
8310,test
8311,test
8312,test
8313,test
8314,test
8315,test
8316,test
8317,test
8318,test
8319,test
8320,test
8321,test
8322,test
8323,test
8324,test
8325,test
8326,test
8327,test
8328,test
8329,test
8330,test
8331,test
8332,test
8333,test
8334,test
8335,test
8336,test
8337,test
8338,test
8339,test
8340,test
8341,test
8342,test
8343,test
8344,test
8345,test
8346,test
8347,test
8348,test
8349,test
8350,test
8351,test
8352,test
8353,test
8354,test
8355,test
8356,test
8357,test
8358,test
8359,test
8360,test
8361,test
8362,test
8363,test
8364,test
8365,test
8366,test
8367,test
8368,test
8369,test
8370,test
8371,test
8372,test
8373,test
8374,test
8375,test
8376,test
8377,test
8378,test
8379,test
8380,test
8381,test
8382,test
8383,test
8384,test
8385,test
8386,test
8387,test
8388,test
8389,test
8390,test
8391,test
8392,test
8393,test
8394,test
8395,test
8396,test
8397,test
8398,test
8399,test
8400,test
8401,test
8402,test
8403,test
8404,test
8405,test
8406,test
8407,test
8408,test
8409,test
8410,test
8411,test
8412,test
8413,test
8414,test
8415,test
8416,test
8417,test
8418,test
8419,test
8420,test
8421,test
8422,test
8423,test
8424,test
8425,test
8426,test
8427,test
8428,test
8429,test
8430,test
8431,test
8432,test
8433,test
8434,test
8435,test
8436,test
8437,test
8438,test
8439,test
8440,test
8441,test
8442,test
8443,test
8444,test
8445,test
8446,test
8447,test
8448,test
8449,test
8450,test
8451,test
8452,test
8453,test
8454,test
8455,test
8456,test
8457,test
8458,test
8459,test
8460,test
8461,test
8462,test
8463,test
8464,test
8465,test
8466,test
8467,test
8468,test
8469,test
8470,test
8471,test
8472,test
8473,test
8474,test
8475,test
8476,test
8477,test
8478,test
8479,test
8480,test
8481,test
8482,test
8483,test
8484,test
8485,test
8486,test
8487,test
8488,test
8489,test
8490,test
8491,test
8492,test
8493,test
8494,test
8495,test
8496,test
8497,test
8498,test
8499,test
8500,test
8501,test
8502,test
8503,test
8504,test
8505,test
8506,test
8507,test
8508,test
8509,test
8510,test
8511,test
8512,test
8513,test
8514,test
8515,test
8516,test
8517,test
8518,test
8519,test
8520,test
8521,test
8522,test
8523,test
8524,test
8525,test
8526,test
8527,test
8528,test
8529,test
8530,test
8531,test
8532,test
8533,test
8534,test
8535,test
8536,test
8537,test
8538,test
8539,test
8540,test
8541,test
8542,test
8543,test
8544,test
8545,test
8546,test
8547,test
8548,test
8549,test
8550,test
8551,test
8552,test
8553,test
8554,test
8555,test
8556,test
8557,test
8558,test
8559,test
8560,test
8561,test
8562,test
8563,test
8564,test
8565,test
8566,test
8567,test
8568,test
8569,test
8570,test
8571,test
8572,test
8573,test
8574,test
8575,test
8576,test
8577,test
8578,test
8579,test
8580,test
8581,test
8582,test
8583,test
8584,test
8585,test
8586,test
8587,test
8588,test
8589,test
8590,test
8591,test
8592,test
8593,test
8594,test
8595,test
8596,test
8597,test
8598,test
8599,test
8600,test
8601,test
8602,test
8603,test
8604,test
8605,test
8606,test
8607,test
8608,test
8609,test
8610,test
8611,test
8612,test
8613,test
8614,test
8615,test
8616,test
8617,test
8618,test
8619,test
8620,test
8621,test
8622,test
8623,test
8624,test
8625,test
8626,test
8627,test
8628,test
8629,test
8630,test
8631,test
8632,test
8633,test
8634,test
8635,test
8636,test
8637,test
8638,test
8639,test
8640,test
8641,test
8642,test
8643,test
8644,test
8645,test
8646,test
8647,test
8648,test
8649,test
8650,test
8651,test
8652,test
8653,test
8654,test
8655,test
8656,test
8657,test
8658,test
8659,test
8660,test
8661,test
8662,test
8663,test
8664,test
8665,test
8666,test
8667,test
8668,test
8669,test
8670,test
8671,test
8672,test
8673,test
8674,test
8675,test
8676,test
8677,test
8678,test
8679,test
8680,test
8681,test
8682,test
8683,test
8684,test
8685,test
8686,test
8687,test
8688,test
8689,test
8690,test
8691,test
8692,test
8693,test
8694,test
8695,test
8696,test
8697,test
8698,test
8699,test
8700,test
8701,test
8702,test
8703,test
8704,test
8705,test
8706,test
8707,test
8708,test
8709,test
8710,test
8711,test
8712,test
8713,test
8714,test
8715,test
8716,test
8717,test
8718,test
8719,test
8720,test
8721,test
8722,test
8723,test
8724,test
8725,test
8726,test
8727,test
8728,test
8729,test
8730,test
8731,test
8732,test
8733,test
8734,test
8735,test
8736,test
8737,test
8738,test
8739,test
8740,test
8741,test
8742,test
8743,test
8744,test
8745,test
8746,test
8747,test
8748,test
8749,test
8750,test
8751,test
8752,test
8753,test
8754,test
8755,test
8756,test
8757,test
8758,test
8759,test
8760,test
8761,test
8762,test
8763,test
8764,test
8765,test
8766,test
8767,test
8768,test
8769,test
8770,test
8771,test
8772,test
8773,test
8774,test
8775,test
8776,test
8777,test
8778,test
8779,test
8780,test
8781,test
8782,test
8783,test
8784,test
8785,test
8786,test
8787,test
8788,test
8789,test
8790,test
8791,test
8792,test
8793,test
8794,test
8795,test
8796,test
8797,test
8798,test
8799,test
8800,test
8801,test
8802,test
8803,test
8804,test
8805,test
8806,test
8807,test
8808,test
8809,test
8810,test
8811,test
8812,test
8813,test
8814,test
8815,test
8816,test
8817,test
8818,test
8819,test
8820,test
8821,test
8822,test
8823,test
8824,test
8825,test
8826,test
8827,test
8828,test
8829,test
8830,test
8831,test
8832,test
8833,test
8834,test
8835,test
8836,test
8837,test
8838,test
8839,test
8840,test
8841,test
8842,test
8843,test
8844,test
8845,test
8846,test
8847,test
8848,test
8849,test
8850,test
8851,test
8852,test
8853,test
8854,test
8855,test
8856,test
8857,test
8858,test
8859,test
8860,test
8861,test
8862,test
8863,test
8864,test
8865,test
8866,test
8867,test
8868,test
8869,test
8870,test
8871,test
8872,test
8873,test
8874,test
8875,test
8876,test
8877,test
8878,test
8879,test
8880,test
8881,test
8882,test
8883,test
8884,test
8885,test
8886,test
8887,test
8888,test
8889,test
8890,test
8891,test
8892,test
8893,test
8894,test
8895,test
8896,test
8897,test
8898,test
8899,test
8900,test
8901,test
8902,test
8903,test
8904,test
8905,test
8906,test
8907,test
8908,test
8909,test
8910,test
8911,test
8912,test
8913,test
8914,test
8915,test
8916,test
8917,test
8918,test
8919,test
8920,test
8921,test
8922,test
8923,test
8924,test
8925,test
8926,test
8927,test
8928,test
8929,test
8930,test
8931,test
8932,test
8933,test
8934,test
8935,test
8936,test
8937,test
8938,test
8939,test
8940,test
8941,test
8942,test
8943,test
8944,test
8945,test
8946,test
8947,test
8948,test
8949,test
8950,test
8951,test
8952,test
8953,test
8954,test
8955,test
8956,test
8957,test
8958,test
8959,test
8960,test
8961,test
8962,test
8963,test
8964,test
8965,test
8966,test
8967,test
8968,test
8969,test
8970,test
8971,test
8972,test
8973,test
8974,test
8975,test
8976,test
8977,test
8978,test
8979,test
8980,test
8981,test
8982,test
8983,test
8984,test
8985,test
8986,test
8987,test
8988,test
8989,test
8990,test
8991,test
8992,test
8993,test
8994,test
8995,test
8996,test
8997,test
8998,test
8999,test
9000,test
9001,test
9002,test
9003,test
9004,test
9005,test
9006,test
9007,test
9008,test
9009,test
9010,test
9011,test
9012,test
9013,test
9014,test
9015,test
9016,test
9017,test
9018,test
9019,test
9020,test
9021,test
9022,test
9023,test
9024,test
9025,test
9026,test
9027,test
9028,test
9029,test
9030,test
9031,test
9032,test
9033,test
9034,test
9035,test
9036,test
9037,test
9038,test
9039,test
9040,test
9041,test
9042,test
9043,test
9044,test
9045,test
9046,test
9047,test
9048,test
9049,test
9050,test
9051,test
9052,test
9053,test
9054,test
9055,test
9056,test
9057,test
9058,test
9059,test
9060,test
9061,test
9062,test
9063,test
9064,test
9065,test
9066,test
9067,test
9068,test
9069,test
9070,test
9071,test
9072,test
9073,test
9074,test
9075,test
9076,test
9077,test
9078,test
9079,test
9080,test
9081,test
9082,test
9083,test
9084,test
9085,test
9086,test
9087,test
9088,test
9089,test
9090,test
9091,test
9092,test
9093,test
9094,test
9095,test
9096,test
9097,test
9098,test
9099,test
9100,test
9101,test
9102,test
9103,test
9104,test
9105,test
9106,test
9107,test
9108,test
9109,test
9110,test
9111,test
9112,test
9113,test
9114,test
9115,test
9116,test
9117,test
9118,test
9119,test
9120,test
9121,test
9122,test
9123,test
9124,test
9125,test
9126,test
9127,test
9128,test
9129,test
9130,test
9131,test
9132,test
9133,test
9134,test
9135,test
9136,test
9137,test
9138,test
9139,test
9140,test
9141,test
9142,test
9143,test
9144,test
9145,test
9146,test
9147,test
9148,test
9149,test
9150,test
9151,test
9152,test
9153,test
9154,test
9155,test
9156,test
9157,test
9158,test
9159,test
9160,test
9161,test
9162,test
9163,test
9164,test
9165,test
9166,test
9167,test
9168,test
9169,test
9170,test
9171,test
9172,test
9173,test
9174,test
9175,test
9176,test
9177,test
9178,test
9179,test
9180,test
9181,test
9182,test
9183,test
9184,test
9185,test
9186,test
9187,test
9188,test
9189,test
9190,test
9191,test
9192,test
9193,test
9194,test
9195,test
9196,test
9197,test
9198,test
9199,test
9200,test
9201,test
9202,test
9203,test
9204,test
9205,test
9206,test
9207,test
9208,test
9209,test
9210,test
9211,test
9212,test
9213,test
9214,test
9215,test
9216,test
9217,test
9218,test
9219,test
9220,test
9221,test
9222,test
9223,test
9224,test
9225,test
9226,test
9227,test
9228,test
9229,test
9230,test
9231,test
9232,test
9233,test
9234,test
9235,test
9236,test
9237,test
9238,test
9239,test
9240,test
9241,test
9242,test
9243,test
9244,test
9245,test
9246,test
9247,test
9248,test
9249,test
9250,test
9251,test
9252,test
9253,test
9254,test
9255,test
9256,test
9257,test
9258,test
9259,test
9260,test
9261,test
9262,test
9263,test
9264,test
9265,test
9266,test
9267,test
9268,test
9269,test
9270,test
9271,test
9272,test
9273,test
9274,test
9275,test
9276,test
9277,test
9278,test
9279,test
9280,test
9281,test
9282,test
9283,test
9284,test
9285,test
9286,test
9287,test
9288,test
9289,test
9290,test
9291,test
9292,test
9293,test
9294,test
9295,test
9296,test
9297,test
9298,test
9299,test
9300,test
9301,test
9302,test
9303,test
9304,test
9305,test
9306,test
9307,test
9308,test
9309,test
9310,test
9311,test
9312,test
9313,test
9314,test
9315,test
9316,test
9317,test
9318,test
9319,test
9320,test
9321,test
9322,test
9323,test
9324,test
9325,test
9326,test
9327,test
9328,test
9329,test
9330,test
9331,test
9332,test
9333,test
9334,test
9335,test
9336,test
9337,test
9338,test
9339,test
9340,test
9341,test
9342,test
9343,test
9344,test
9345,test
9346,test
9347,test
9348,test
9349,test
9350,test
9351,test
9352,test
9353,test
9354,test
9355,test
9356,test
9357,test
9358,test
9359,test
9360,test
9361,test
9362,test
9363,test
9364,test
9365,test
9366,test
9367,test
9368,test
9369,test
9370,test
9371,test
9372,test
9373,test
9374,test
9375,test
9376,test
9377,test
9378,test
9379,test
9380,test
9381,test
9382,test
9383,test
9384,test
9385,test
9386,test
9387,test
9388,test
9389,test
9390,test
9391,test
9392,test
9393,test
9394,test
9395,test
9396,test
9397,test
9398,test
9399,test
9400,test
9401,test
9402,test
9403,test
9404,test
9405,test
9406,test
9407,test
9408,test
9409,test
9410,test
9411,test
9412,test
9413,test
9414,test
9415,test
9416,test
9417,test
9418,test
9419,test
9420,test
9421,test
9422,test
9423,test
9424,test
9425,test
9426,test
9427,test
9428,test
9429,test
9430,test
9431,test
9432,test
9433,test
9434,test
9435,test
9436,test
9437,test
9438,test
9439,test
9440,test
9441,test
9442,test
9443,test
9444,test
9445,test
9446,test
9447,test
9448,test
9449,test
9450,test
9451,test
9452,test
9453,test
9454,test
9455,test
9456,test
9457,test
9458,test
9459,test
9460,test
9461,test
9462,test
9463,test
9464,test
9465,test
9466,test
9467,test
9468,test
9469,test
9470,test
9471,test
9472,test
9473,test
9474,test
9475,test
9476,test
9477,test
9478,test
9479,test
9480,test
9481,test
9482,test
9483,test
9484,test
9485,test
9486,test
9487,test
9488,test
9489,test
9490,test
9491,test
9492,test
9493,test
9494,test
9495,test
9496,test
9497,test
9498,test
9499,test
9500,test
9501,test
9502,test
9503,test
9504,test
9505,test
9506,test
9507,test
9508,test
9509,test
9510,test
9511,test
9512,test
9513,test
9514,test
9515,test
9516,test
9517,test
9518,test
9519,test
9520,test
9521,test
9522,test
9523,test
9524,test
9525,test
9526,test
9527,test
9528,test
9529,test
9530,test
9531,test
9532,test
9533,test
9534,test
9535,test
9536,test
9537,test
9538,test
9539,test
9540,test
9541,test
9542,test
9543,test
9544,test
9545,test
9546,test
9547,test
9548,test
9549,test
9550,test
9551,test
9552,test
9553,test
9554,test
9555,test
9556,test
9557,test
9558,test
9559,test
9560,test
9561,test
9562,test
9563,test
9564,test
9565,test
9566,test
9567,test
9568,test
9569,test
9570,test
9571,test
9572,test
9573,test
9574,test
9575,test
9576,test
9577,test
9578,test
9579,test
9580,test
9581,test
9582,test
9583,test
9584,test
9585,test
9586,test
9587,test
9588,test
9589,test
9590,test
9591,test
9592,test
9593,test
9594,test
9595,test
9596,test
9597,test
9598,test
9599,test
9600,test
9601,test
9602,test
9603,test
9604,test
9605,test
9606,test
9607,test
9608,test
9609,test
9610,test
9611,test
9612,test
9613,test
9614,test
9615,test
9616,test
9617,test
9618,test
9619,test
9620,test
9621,test
9622,test
9623,test
9624,test
9625,test
9626,test
9627,test
9628,test
9629,test
9630,test
9631,test
9632,test
9633,test
9634,test
9635,test
9636,test
9637,test
9638,test
9639,test
9640,test
9641,test
9642,test
9643,test
9644,test
9645,test
9646,test
9647,test
9648,test
9649,test
9650,test
9651,test
9652,test
9653,test
9654,test
9655,test
9656,test
9657,test
9658,test
9659,test
9660,test
9661,test
9662,test
9663,test
9664,test
9665,test
9666,test
9667,test
9668,test
9669,test
9670,test
9671,test
9672,test
9673,test
9674,test
9675,test
9676,test
9677,test
9678,test
9679,test
9680,test
9681,test
9682,test
9683,test
9684,test
9685,test
9686,test
9687,test
9688,test
9689,test
9690,test
9691,test
9692,test
9693,test
9694,test
9695,test
9696,test
9697,test
9698,test
9699,test
9700,test
9701,test
9702,test
9703,test
9704,test
9705,test
9706,test
9707,test
9708,test
9709,test
9710,test
9711,test
9712,test
9713,test
9714,test
9715,test
9716,test
9717,test
9718,test
9719,test
9720,test
9721,test
9722,test
9723,test
9724,test
9725,test
9726,test
9727,test
9728,test
9729,test
9730,test
9731,test
9732,test
9733,test
9734,test
9735,test
9736,test
9737,test
9738,test
9739,test
9740,test
9741,test
9742,test
9743,test
9744,test
9745,test
9746,test
9747,test
9748,test
9749,test
9750,test
9751,test
9752,test
9753,test
9754,test
9755,test
9756,test
9757,test
9758,test
9759,test
9760,test
9761,test
9762,test
9763,test
9764,test
9765,test
9766,test
9767,test
9768,test
9769,test
9770,test
9771,test
9772,test
9773,test
9774,test
9775,test
9776,test
9777,test
9778,test
9779,test
9780,test
9781,test
9782,test
9783,test
9784,test
9785,test
9786,test
9787,test
9788,test
9789,test
9790,test
9791,test
9792,test
9793,test
9794,test
9795,test
9796,test
9797,test
9798,test
9799,test
9800,test
9801,test
9802,test
9803,test
9804,test
9805,test
9806,test
9807,test
9808,test
9809,test
9810,test
9811,test
9812,test
9813,test
9814,test
9815,test
9816,test
9817,test
9818,test
9819,test
9820,test
9821,test
9822,test
9823,test
9824,test
9825,test
9826,test
9827,test
9828,test
9829,test
9830,test
9831,test
9832,test
9833,test
9834,test
9835,test
9836,test
9837,test
9838,test
9839,test
9840,test
9841,test
9842,test
9843,test
9844,test
9845,test
9846,test
9847,test
9848,test
9849,test
9850,test
9851,test
9852,test
9853,test
9854,test
9855,test
9856,test
9857,test
9858,test
9859,test
9860,test
9861,test
9862,test
9863,test
9864,test
9865,test
9866,test
9867,test
9868,test
9869,test
9870,test
9871,test
9872,test
9873,test
9874,test
9875,test
9876,test
9877,test
9878,test
9879,test
9880,test
9881,test
9882,test
9883,test
9884,test
9885,test
9886,test
9887,test
9888,test
9889,test
9890,test
9891,test
9892,test
9893,test
9894,test
9895,test
9896,test
9897,test
9898,test
9899,test
9900,test
9901,test
9902,test
9903,test
9904,test
9905,test
9906,test
9907,test
9908,test
9909,test
9910,test
9911,test
9912,test
9913,test
9914,test
9915,test
9916,test
9917,test
9918,test
9919,test
9920,test
9921,test
9922,test
9923,test
9924,test
9925,test
9926,test
9927,test
9928,test
9929,test
9930,test
9931,test
9932,test
9933,test
9934,test
9935,test
9936,test
9937,test
9938,test
9939,test
9940,test
9941,test
9942,test
9943,test
9944,test
9945,test
9946,test
9947,test
9948,test
9949,test
9950,test
9951,test
9952,test
9953,test
9954,test
9955,test
9956,test
9957,test
9958,test
9959,test
9960,test
9961,test
9962,test
9963,test
9964,test
9965,test
9966,test
9967,test
9968,test
9969,test
9970,test
9971,test
9972,test
9973,test
9974,test
9975,test
9976,test
9977,test
9978,test
9979,test
9980,test
9981,test
9982,test
9983,test
9984,test
9985,test
9986,test
9987,test
9988,test
9989,test
9990,test
9991,test
9992,test
9993,test
9994,test
9995,test
9996,test
9997,test
9998,test
9999,test
